-- phpMyAdmin SQL Dump
-- version 4.8.3
-- https://www.phpmyadmin.net/
--
-- Servidor: 127.0.0.1
-- Tiempo de generación: 20-04-2020 a las 17:47:57
-- Versión del servidor: 10.1.36-MariaDB
-- Versión de PHP: 7.2.10

SET SQL_MODE = "NO_AUTO_VALUE_ON_ZERO";
SET AUTOCOMMIT = 0;
START TRANSACTION;
SET time_zone = "+00:00";


/*!40101 SET @OLD_CHARACTER_SET_CLIENT=@@CHARACTER_SET_CLIENT */;
/*!40101 SET @OLD_CHARACTER_SET_RESULTS=@@CHARACTER_SET_RESULTS */;
/*!40101 SET @OLD_COLLATION_CONNECTION=@@COLLATION_CONNECTION */;
/*!40101 SET NAMES utf8mb4 */;

--
-- Base de datos: `rapisuper`
--

-- --------------------------------------------------------

--
-- Estructura de tabla para la tabla `accounting_accounts`
--

CREATE TABLE `accounting_accounts` (
  `id` int(11) NOT NULL,
  `name` char(50) NOT NULL,
  `value` float NOT NULL,
  `currencyID` float NOT NULL,
  `typeID` int(11) NOT NULL,
  `relevance` int(11) NOT NULL,
  `branchID` int(11) NOT NULL,
  `color` char(50) NOT NULL,
  `isActive` tinyint(1) NOT NULL DEFAULT '1',
  `dateCreated` datetime NOT NULL DEFAULT CURRENT_TIMESTAMP
) ENGINE=InnoDB DEFAULT CHARSET=utf8;

--
-- Volcado de datos para la tabla `accounting_accounts`
--

INSERT INTO `accounting_accounts` (`id`, `name`, `value`, `currencyID`, `typeID`, `relevance`, `branchID`, `color`, `isActive`, `dateCreated`) VALUES
(0, 'Vacía', 0, 0, 0, 0, 0, '', 0, '2020-03-10 16:05:16'),
(1, 'asa', 1, 1, 1, 1, 0, '#555555', 1, '2020-03-19 10:50:47'),
(2, '1', 1, 1, 1, 1, 0, 'white', 1, '2020-03-19 12:11:44'),
(3, 'asa', 1, 1, 1, 3, 0, '#919713', 1, '2020-03-19 12:14:49'),
(4, 'test', 112, 1, 1, 4, 0, 'white', 1, '2020-03-19 12:15:31'),
(5, 'nad', 1, 1, 1, 1, 0, '#ec61fc', 1, '2020-03-19 12:16:34'),
(6, '1', 1, 1, 1, 1, 0, '#d584a3', 1, '2020-03-19 12:16:45');

-- --------------------------------------------------------

--
-- Estructura de tabla para la tabla `accounting_accounts_types`
--

CREATE TABLE `accounting_accounts_types` (
  `id` int(11) NOT NULL,
  `name` varchar(100) NOT NULL
) ENGINE=InnoDB DEFAULT CHARSET=utf8;

--
-- Volcado de datos para la tabla `accounting_accounts_types`
--

INSERT INTO `accounting_accounts_types` (`id`, `name`) VALUES
(1, 'Efectivo'),
(2, 'Banco');

-- --------------------------------------------------------

--
-- Estructura de tabla para la tabla `accounting_currencies`
--

CREATE TABLE `accounting_currencies` (
  `id` int(11) NOT NULL,
  `name` varchar(100) NOT NULL,
  `arsValue` float DEFAULT NULL,
  `description` char(50) NOT NULL
) ENGINE=InnoDB DEFAULT CHARSET=utf8;

--
-- Volcado de datos para la tabla `accounting_currencies`
--

INSERT INTO `accounting_currencies` (`id`, `name`, `arsValue`, `description`) VALUES
(0, 'Desconocido', 1, 'Sin definir'),
(1, 'Peso', 1, 'Peso Argentio'),
(2, 'Dolar', 80, 'USD Dollar');

-- --------------------------------------------------------

--
-- Estructura de tabla para la tabla `accounting_movements`
--

CREATE TABLE `accounting_movements` (
  `id` int(11) NOT NULL,
  `price` float NOT NULL,
  `categoryID` int(11) NOT NULL,
  `accountID` int(11) NOT NULL,
  `supplierID` int(11) NOT NULL,
  `employeeID` int(11) NOT NULL,
  `isPayed` tinyint(4) NOT NULL DEFAULT '0',
  `isActive` tinyint(4) NOT NULL DEFAULT '1',
  `datePayment` timestamp NOT NULL DEFAULT CURRENT_TIMESTAMP,
  `datePaymentReal` timestamp NULL DEFAULT NULL,
  `dateCreated` timestamp NOT NULL DEFAULT CURRENT_TIMESTAMP,
  `description` char(100) NOT NULL,
  `paymentTypeID` int(11) NOT NULL,
  `currencyID` int(11) NOT NULL,
  `receivingAccountID` int(11) NOT NULL DEFAULT '0'
) ENGINE=InnoDB DEFAULT CHARSET=utf8;

--
-- Volcado de datos para la tabla `accounting_movements`
--

INSERT INTO `accounting_movements` (`id`, `price`, `categoryID`, `accountID`, `supplierID`, `employeeID`, `isPayed`, `isActive`, `datePayment`, `datePaymentReal`, `dateCreated`, `description`, `paymentTypeID`, `currencyID`, `receivingAccountID`) VALUES
(1, 100, 1, 0, 0, 0, 0, 1, '2020-03-10 18:58:53', NULL, '2020-03-10 18:58:53', '', 0, 0, 0),
(2, 456, 2, 0, 0, 0, 1, 1, '2020-03-10 19:10:19', NULL, '2020-03-10 19:10:19', '', 0, 0, 0),
(3, -412, 4, 1, 0, 0, 1, 1, '2020-03-17 03:00:00', '2020-03-17 03:00:00', '2020-03-10 20:33:55', 'Asfas', 0, 1, 0),
(4, -214, 5, 1, 0, 0, 1, 1, '2020-03-11 03:00:00', '2020-03-11 03:00:00', '2020-03-10 21:20:36', 'asf', 0, 1, 0),
(5, 326, 3, 1, 0, 0, 0, 1, '2020-03-10 03:00:00', NULL, '2020-03-12 19:52:01', '362', 0, 1, 0),
(6, 1, 1, 1, 1, 1, 1, 1, '0000-00-00 00:00:00', '0000-00-00 00:00:00', '2020-03-19 15:31:14', '1', 1, 1, 1);

-- --------------------------------------------------------

--
-- Estructura de tabla para la tabla `accounting_movements_categories`
--

CREATE TABLE `accounting_movements_categories` (
  `id` int(11) NOT NULL,
  `name` varchar(100) NOT NULL,
  `parentID` int(11) NOT NULL,
  `dateCreated` timestamp NOT NULL DEFAULT CURRENT_TIMESTAMP,
  `isActive` tinyint(4) NOT NULL DEFAULT '1'
) ENGINE=InnoDB DEFAULT CHARSET=utf8;

--
-- Volcado de datos para la tabla `accounting_movements_categories`
--

INSERT INTO `accounting_movements_categories` (`id`, `name`, `parentID`, `dateCreated`, `isActive`) VALUES
(0, 'Sin clasificar', 0, '2020-03-10 19:04:11', 0),
(1, 'Pago a proveedor', 0, '2020-02-17 14:50:59', 1),
(2, 'Ineversión', 0, '2020-02-17 14:50:59', 1),
(3, 'Mantenimiento', 0, '2020-02-17 14:50:59', 1),
(4, 'Sueldos', 0, '2020-02-17 14:50:59', 1),
(5, '\"Filtraciones\"', 0, '2020-02-17 14:50:59', 1),
(6, 'Transferencia', 0, '2020-03-10 20:23:44', 1);

-- --------------------------------------------------------

--
-- Estructura de tabla para la tabla `branches`
--

CREATE TABLE `branches` (
  `id` int(11) NOT NULL,
  `cityID` int(11) NOT NULL,
  `managerID` int(11) NOT NULL,
  `branchType` int(11) NOT NULL,
  `createdDate` timestamp NOT NULL DEFAULT CURRENT_TIMESTAMP,
  `isActive` tinyint(1) NOT NULL DEFAULT '1'
) ENGINE=InnoDB DEFAULT CHARSET=utf8;

-- --------------------------------------------------------

--
-- Estructura de tabla para la tabla `buyers`
--

CREATE TABLE `buyers` (
  `id` int(11) NOT NULL,
  `emailID` int(11) NOT NULL,
  `personalInfoID` int(11) NOT NULL,
  `passwordID` int(11) NOT NULL,
  `token` varchar(80) NOT NULL,
  `isActive` tinyint(4) NOT NULL DEFAULT '1',
  `dateCreated` timestamp NOT NULL DEFAULT CURRENT_TIMESTAMP
) ENGINE=InnoDB DEFAULT CHARSET=utf8;

--
-- Volcado de datos para la tabla `buyers`
--

INSERT INTO `buyers` (`id`, `emailID`, `personalInfoID`, `passwordID`, `token`, `isActive`, `dateCreated`) VALUES
(0, 0, 0, 0, '', 0, '2019-08-11 16:56:18'),
(1, 1, 1, 1, '', 1, '2019-08-11 16:56:18'),
(2, 2, 2, 2, '', 1, '2019-08-11 16:56:18'),
(3, 3, 3, 3, '', 1, '2019-08-11 16:56:18'),
(4, 0, 0, 0, '', 1, '2019-12-10 01:54:34'),
(5, 0, 0, 0, '', 1, '2019-12-10 01:55:47'),
(6, 0, 0, 0, '', 1, '2019-12-10 01:57:48'),
(7, 0, 0, 0, '', 1, '2019-12-10 01:58:27'),
(8, 0, 0, 0, '', 1, '2019-12-10 01:59:51'),
(9, 0, 0, 0, '', 1, '2019-12-10 02:01:27'),
(10, 0, 0, 0, '', 1, '2019-12-10 02:02:59'),
(11, 0, 0, 0, '8vi6suya5layerqgihjyz', 1, '2019-12-10 02:17:50'),
(12, 0, 0, 0, '8vi6suya5layerqgihjyz', 1, '2019-12-10 02:18:54'),
(13, 7, 30, 5, '8vi6suya5layerqgihjyz', 1, '2019-12-10 02:22:13'),
(14, 8, 31, 6, '8vi6suya5layerqgihjyz', 1, '2019-12-10 02:24:59'),
(15, 9, 32, 7, '8vi6suya5layerqgihjyz', 1, '2019-12-10 02:25:25'),
(16, 10, 33, 8, '8vi6suya5layerqgihjyz', 1, '2019-12-10 02:26:41'),
(17, 11, 34, 9, '8vi6suya5layerqgihjyz', 1, '2019-12-10 04:00:14'),
(18, 12, 35, 10, '8vi6suya5layerqgihjyz', 1, '2019-12-10 04:01:50'),
(19, 13, 36, 11, '8tiakh52t5ugto62nz1flq', 1, '2019-12-10 09:31:02'),
(20, 14, 37, 12, '8tiakh52t5ugto62nz1flq', 1, '2019-12-10 09:32:55'),
(21, 15, 38, 13, '8tiakh52t5ugto62nz1flq', 1, '2019-12-10 09:34:12'),
(22, 16, 39, 14, '8tiakh52t5ugto62nz1flq', 1, '2019-12-10 09:35:04'),
(23, 17, 40, 15, '8tiakh52t5ugto62nz1flq', 1, '2019-12-10 09:35:30'),
(24, 18, 41, 16, '8tiakh52t5ugto62nz1flq', 1, '2019-12-10 09:42:12'),
(25, 19, 42, 17, '8tiakh52t5ugto62nz1flq', 1, '2019-12-10 09:43:10'),
(26, 20, 43, 18, '8tiakh52t5ugto62nz1flq', 1, '2019-12-10 09:47:32'),
(27, 21, 44, 19, '8tiakh52t5ugto62nz1flq', 1, '2019-12-10 09:53:02'),
(28, 22, 45, 20, '8tiakh52t5ugto62nz1flq', 1, '2019-12-10 09:53:20'),
(29, 23, 46, 21, '8tiakh52t5ugto62nz1flq', 1, '2019-12-10 09:54:36'),
(30, 24, 47, 22, '8tiakh52t5ugto62nz1flq', 1, '2019-12-10 09:55:08'),
(31, 25, 48, 23, '8tiakh52t5ugto62nz1flq', 1, '2019-12-10 09:55:37'),
(32, 26, 49, 24, '8tiakh52t5ugto62nz1flq', 1, '2019-12-10 09:56:00'),
(33, 27, 50, 25, '8tiakh52t5ugto62nz1flq', 1, '2019-12-10 09:57:46'),
(34, 28, 51, 26, '8tiakh52t5ugto62nz1flq', 1, '2019-12-10 09:58:53'),
(35, 29, 52, 27, '8tiakh52t5ugto62nz1flq', 1, '2019-12-10 12:11:43'),
(36, 30, 53, 28, '8tiakh52t5ugto62nz1flq', 1, '2019-12-10 12:12:43'),
(37, 31, 54, 29, '8tiakh52t5ugto62nz1flq', 1, '2019-12-10 12:13:47'),
(38, 32, 55, 30, '8tiakh52t5ugto62nz1flq', 1, '2019-12-10 12:14:40'),
(39, 33, 56, 31, '8tiakh52t5ugto62nz1flq', 1, '2019-12-10 12:16:13'),
(40, 34, 57, 32, '8tiakh52t5ugto62nz1flq', 1, '2019-12-10 12:17:42'),
(41, 35, 58, 33, '8tiakh52t5ugto62nz1flq', 1, '2019-12-10 12:19:11'),
(42, 36, 59, 34, '8tiakh52t5ugto62nz1flq', 1, '2019-12-10 12:20:19'),
(43, 37, 60, 35, '8tiakh52t5ugto62nz1flq', 1, '2019-12-10 12:21:02'),
(44, 38, 61, 36, '8tiakh52t5ugto62nz1flq', 1, '2019-12-10 12:22:47'),
(45, 0, 62, 0, '8tiakh52t5ugto62nz1flq', 1, '2019-12-11 08:25:39'),
(46, 0, 63, 0, '8tiakh52t5ugto62nz1flq', 1, '2019-12-11 08:26:11'),
(47, 0, 64, 0, '8tiakh52t5ugto62nz1flq', 1, '2019-12-11 08:28:34'),
(48, 0, 65, 0, '8tiakh52t5ugto62nz1flq', 1, '2019-12-11 08:32:53'),
(49, 0, 66, 0, '8tiakh52t5ugto62nz1flq', 1, '2019-12-11 08:34:08'),
(50, 0, 67, 0, '8tiakh52t5ugto62nz1flq', 1, '2019-12-11 11:38:01'),
(51, 0, 68, 0, '8tiakh52t5ugto62nz1flq', 1, '2019-12-11 11:42:24'),
(52, 0, 69, 0, '8tiakh52t5ugto62nz1flq', 1, '2019-12-11 11:47:22'),
(53, 0, 70, 0, '8tiakh52t5ugto62nz1flq', 1, '2019-12-11 11:48:28'),
(54, 0, 71, 0, '8tiakh52t5ugto62nz1flq', 1, '2019-12-11 11:52:46'),
(55, 0, 72, 0, '9edejks8t36soe19k239ti', 1, '2019-12-11 13:54:52'),
(56, 0, 73, 0, '8tiakh52t5ugto62nz1flq', 1, '2019-12-12 16:21:42'),
(57, 0, 74, 0, '8tiakh52t5ugto62nz1flq', 1, '2019-12-12 17:51:41'),
(58, 0, 75, 0, '8tiakh52t5ugto62nz1flq', 1, '2019-12-12 17:53:34'),
(59, 0, 76, 0, '8tiakh52t5ugto62nz1flq', 1, '2019-12-12 20:41:44'),
(60, 0, 77, 0, '8tiakh52t5ugto62nz1flq', 1, '2019-12-12 22:01:26'),
(61, 0, 78, 0, '8tiakh52t5ugto62nz1flq', 1, '2019-12-13 00:11:52'),
(62, 0, 79, 0, '8tiakh52t5ugto62nz1flq', 1, '2019-12-13 00:12:34'),
(63, 0, 80, 0, '8tiakh52t5ugto62nz1flq', 1, '2019-12-13 00:21:26'),
(64, 0, 81, 0, '8tiakh52t5ugto62nz1flq', 1, '2019-12-13 00:28:33'),
(65, 0, 82, 0, '8tiakh52t5ugto62nz1flq', 1, '2019-12-13 00:57:15'),
(66, 0, 83, 0, '8tiakh52t5ugto62nz1flq', 1, '2019-12-13 00:59:40'),
(67, 0, 84, 0, '8tiakh52t5ugto62nz1flq', 1, '2019-12-13 01:03:13'),
(68, 0, 85, 0, '8tiakh52t5ugto62nz1flq', 1, '2019-12-13 15:29:46'),
(69, 0, 86, 0, '8tiakh52t5ugto62nz1flq', 1, '2019-12-13 15:32:30'),
(70, 0, 87, 0, '8tiakh52t5ugto62nz1flq', 1, '2019-12-13 15:57:47'),
(71, 0, 88, 0, '8tiakh52t5ugto62nz1flq', 1, '2019-12-13 16:02:30'),
(72, 0, 89, 0, '8tiakh52t5ugto62nz1flq', 1, '2019-12-13 16:05:49'),
(73, 0, 90, 0, '8tiakh52t5ugto62nz1flq', 1, '2019-12-13 16:09:54'),
(74, 0, 91, 0, '8tiakh52t5ugto62nz1flq', 1, '2019-12-13 16:11:10'),
(75, 0, 92, 0, '8tiakh52t5ugto62nz1flq', 1, '2019-12-13 16:14:07'),
(76, 0, 93, 0, '8tiakh52t5ugto62nz1flq', 1, '2019-12-13 16:14:39'),
(77, 0, 94, 0, '8tiakh52t5ugto62nz1flq', 1, '2019-12-13 16:16:10'),
(78, 0, 95, 0, '8tiakh52t5ugto62nz1flq', 1, '2019-12-13 16:17:24'),
(79, 0, 96, 0, '8tiakh52t5ugto62nz1flq', 1, '2019-12-13 16:18:42'),
(80, 0, 97, 0, '8tiakh52t5ugto62nz1flq', 1, '2019-12-13 16:19:59'),
(81, 0, 98, 0, '8tiakh52t5ugto62nz1flq', 1, '2019-12-13 16:22:21'),
(82, 0, 99, 0, '8tiakh52t5ugto62nz1flq', 1, '2019-12-13 16:23:19'),
(83, 0, 100, 0, '8tiakh52t5ugto62nz1flq', 1, '2019-12-13 16:29:47'),
(84, 0, 101, 0, '8tiakh52t5ugto62nz1flq', 1, '2019-12-13 16:33:15'),
(85, 0, 102, 0, '8tiakh52t5ugto62nz1flq', 1, '2019-12-13 16:35:11'),
(86, 0, 103, 0, '8tiakh52t5ugto62nz1flq', 1, '2019-12-13 16:36:09'),
(87, 0, 104, 0, '8tiakh52t5ugto62nz1flq', 1, '2019-12-13 16:36:45'),
(88, 0, 105, 0, '8tiakh52t5ugto62nz1flq', 1, '2019-12-13 16:37:45'),
(89, 0, 106, 0, '8tiakh52t5ugto62nz1flq', 1, '2019-12-13 16:38:56'),
(90, 0, 107, 0, '8tiakh52t5ugto62nz1flq', 1, '2019-12-13 16:58:16'),
(91, 0, 108, 0, '8tiakh52t5ugto62nz1flq', 1, '2019-12-13 17:02:09'),
(92, 0, 109, 0, '8tiakh52t5ugto62nz1flq', 1, '2019-12-13 17:05:13'),
(93, 0, 110, 0, '8tiakh52t5ugto62nz1flq', 1, '2019-12-13 17:13:26'),
(94, 0, 111, 0, '8tiakh52t5ugto62nz1flq', 1, '2019-12-13 17:18:14'),
(95, 0, 112, 0, '8tiakh52t5ugto62nz1flq', 1, '2019-12-13 17:20:13'),
(96, 0, 113, 0, '8tiakh52t5ugto62nz1flq', 1, '2019-12-13 17:25:07'),
(97, 0, 114, 0, '8tiakh52t5ugto62nz1flq', 1, '2019-12-13 17:25:37'),
(98, 0, 115, 0, '8tiakh52t5ugto62nz1flq', 1, '2019-12-13 17:26:42'),
(99, 0, 116, 0, '8tiakh52t5ugto62nz1flq', 1, '2019-12-13 17:28:51'),
(100, 0, 117, 0, '8tiakh52t5ugto62nz1flq', 1, '2019-12-13 17:31:05'),
(101, 0, 118, 0, '8tiakh52t5ugto62nz1flq', 1, '2019-12-13 17:34:00'),
(102, 0, 119, 0, '8tiakh52t5ugto62nz1flq', 1, '2019-12-13 17:34:57'),
(103, 0, 120, 0, '8tiakh52t5ugto62nz1flq', 1, '2019-12-13 17:36:36'),
(104, 0, 121, 0, '8tiakh52t5ugto62nz1flq', 1, '2019-12-13 17:49:59'),
(105, 0, 122, 0, '8tiakh52t5ugto62nz1flq', 1, '2019-12-13 17:53:03'),
(106, 0, 123, 0, '8tiakh52t5ugto62nz1flq', 1, '2019-12-13 18:25:12'),
(107, 0, 124, 0, '8tiakh52t5ugto62nz1flq', 1, '2019-12-13 18:26:58'),
(108, 0, 125, 0, '8tiakh52t5ugto62nz1flq', 1, '2019-12-13 18:32:39'),
(109, 0, 126, 0, '8tiakh52t5ugto62nz1flq', 1, '2019-12-13 18:33:57'),
(110, 0, 127, 0, '8tiakh52t5ugto62nz1flq', 1, '2019-12-13 18:37:33'),
(111, 0, 128, 0, '8tiakh52t5ugto62nz1flq', 1, '2019-12-13 18:47:20'),
(112, 0, 129, 0, '8tiakh52t5ugto62nz1flq', 1, '2019-12-13 18:53:01'),
(113, 0, 130, 0, '8tiakh52t5ugto62nz1flq', 1, '2019-12-13 18:57:27'),
(114, 0, 131, 0, '8tiakh52t5ugto62nz1flq', 1, '2019-12-13 19:11:09'),
(115, 0, 132, 0, '8tiakh52t5ugto62nz1flq', 1, '2019-12-13 19:11:40'),
(116, 0, 133, 0, '8tiakh52t5ugto62nz1flq', 1, '2019-12-13 19:12:24'),
(117, 0, 134, 0, '8tiakh52t5ugto62nz1flq', 1, '2019-12-13 19:16:53'),
(118, 0, 135, 0, '8tiakh52t5ugto62nz1flq', 1, '2019-12-13 19:17:47'),
(119, 0, 136, 0, '8tiakh52t5ugto62nz1flq', 1, '2019-12-13 19:18:55'),
(120, 0, 137, 0, '8tiakh52t5ugto62nz1flq', 1, '2019-12-13 19:21:26'),
(121, 0, 138, 0, '8tiakh52t5ugto62nz1flq', 1, '2019-12-13 19:24:34'),
(122, 0, 139, 0, '8tiakh52t5ugto62nz1flq', 1, '2019-12-13 19:25:24'),
(123, 0, 140, 0, '8tiakh52t5ugto62nz1flq', 1, '2019-12-13 19:26:24'),
(124, 0, 141, 0, '8tiakh52t5ugto62nz1flq', 1, '2019-12-13 19:27:44'),
(125, 0, 142, 0, '8tiakh52t5ugto62nz1flq', 1, '2019-12-13 19:28:21'),
(126, 0, 143, 0, '8tiakh52t5ugto62nz1flq', 1, '2019-12-13 19:29:36'),
(127, 0, 144, 0, '8tiakh52t5ugto62nz1flq', 1, '2019-12-13 19:37:21'),
(128, 0, 145, 0, '8tiakh52t5ugto62nz1flq', 1, '2019-12-13 19:41:09'),
(129, 0, 146, 0, '8tiakh52t5ugto62nz1flq', 1, '2019-12-13 19:42:34'),
(130, 0, 147, 0, '8tiakh52t5ugto62nz1flq', 1, '2019-12-13 19:50:31'),
(131, 0, 148, 0, '8tiakh52t5ugto62nz1flq', 1, '2019-12-13 19:52:59'),
(132, 0, 149, 0, '8tiakh52t5ugto62nz1flq', 1, '2019-12-13 20:00:29'),
(133, 0, 150, 0, '8tiakh52t5ugto62nz1flq', 1, '2019-12-13 20:02:03'),
(134, 0, 151, 0, '8tiakh52t5ugto62nz1flq', 1, '2019-12-13 20:03:06'),
(135, 0, 152, 0, '8tiakh52t5ugto62nz1flq', 1, '2019-12-13 20:04:59'),
(136, 0, 153, 0, '8tiakh52t5ugto62nz1flq', 1, '2019-12-13 20:06:02'),
(137, 0, 154, 0, '8tiakh52t5ugto62nz1flq', 1, '2019-12-13 20:08:02'),
(138, 0, 155, 0, '8tiakh52t5ugto62nz1flq', 1, '2019-12-13 20:10:26'),
(139, 0, 156, 0, '8tiakh52t5ugto62nz1flq', 1, '2019-12-13 20:11:08'),
(140, 0, 157, 0, '8tiakh52t5ugto62nz1flq', 1, '2019-12-13 20:12:25'),
(141, 0, 158, 0, '8tiakh52t5ugto62nz1flq', 1, '2019-12-13 20:13:20'),
(142, 0, 159, 0, '8tiakh52t5ugto62nz1flq', 1, '2019-12-13 20:15:59'),
(143, 0, 160, 0, '8tiakh52t5ugto62nz1flq', 1, '2019-12-13 22:33:00'),
(144, 0, 161, 0, '8tiakh52t5ugto62nz1flq', 1, '2019-12-13 22:37:34'),
(145, 0, 162, 0, '8tiakh52t5ugto62nz1flq', 1, '2019-12-13 22:38:11'),
(146, 0, 163, 0, '8tiakh52t5ugto62nz1flq', 1, '2019-12-13 23:23:26'),
(147, 0, 164, 0, '8tiakh52t5ugto62nz1flq', 1, '2019-12-13 23:24:38'),
(148, 0, 165, 0, '8tiakh52t5ugto62nz1flq', 1, '2019-12-13 23:33:48'),
(149, 0, 166, 0, '8tiakh52t5ugto62nz1flq', 1, '2019-12-13 23:34:13'),
(150, 0, 167, 0, '8tiakh52t5ugto62nz1flq', 1, '2019-12-13 23:37:33'),
(151, 0, 168, 0, '8tiakh52t5ugto62nz1flq', 1, '2019-12-13 23:39:35'),
(152, 0, 169, 0, '8tiakh52t5ugto62nz1flq', 1, '2019-12-14 01:52:32'),
(153, 0, 170, 0, '8tiakh52t5ugto62nz1flq', 1, '2019-12-14 01:59:55'),
(154, 0, 171, 0, '8tiakh52t5ugto62nz1flq', 1, '2019-12-14 02:02:09'),
(155, 0, 172, 0, '8tiakh52t5ugto62nz1flq', 1, '2019-12-14 21:46:40'),
(156, 0, 173, 0, '8tiakh52t5ugto62nz1flq', 1, '2019-12-14 21:50:42'),
(157, 0, 174, 0, '8tiakh52t5ugto62nz1flq', 1, '2019-12-14 21:58:03'),
(158, 0, 175, 0, '8tiakh52t5ugto62nz1flq', 1, '2019-12-14 21:58:53'),
(159, 0, 176, 0, '8tiakh52t5ugto62nz1flq', 1, '2019-12-14 22:00:23'),
(160, 0, 177, 0, '8tiakh52t5ugto62nz1flq', 1, '2019-12-15 13:24:11'),
(161, 0, 178, 0, '8tiakh52t5ugto62nz1flq', 1, '2019-12-15 15:03:01'),
(162, 0, 179, 0, '8tiakh52t5ugto62nz1flq', 1, '2019-12-15 20:01:37'),
(163, 0, 180, 0, '8tiakh52t5ugto62nz1flq', 1, '2019-12-23 14:38:18'),
(164, 0, 181, 0, '8tiakh52t5ugto62nz1flq', 1, '2019-12-23 14:50:20'),
(165, 0, 182, 0, '8tiakh52t5ugto62nz1flq', 1, '2019-12-23 22:34:17'),
(166, 0, 183, 0, '8tiakh52t5ugto62nz1flq', 1, '2019-12-23 22:34:51'),
(167, 0, 184, 0, '8tiakh52t5ugto62nz1flq', 1, '2019-12-23 22:35:24'),
(168, 0, 185, 0, '8tiakh52t5ugto62nz1flq', 1, '2019-12-23 22:36:34'),
(169, 0, 186, 0, '8tiakh52t5ugto62nz1flq', 1, '2019-12-23 22:47:10'),
(170, 0, 187, 0, '8tiakh52t5ugto62nz1flq', 1, '2019-12-23 22:48:59'),
(171, 0, 188, 0, '8tiakh52t5ugto62nz1flq', 1, '2019-12-23 22:59:25'),
(172, 0, 189, 0, '8tiakh52t5ugto62nz1flq', 1, '2019-12-23 22:59:44'),
(173, 0, 190, 0, '8tiakh52t5ugto62nz1flq', 1, '2019-12-24 14:49:50'),
(174, 0, 191, 0, '8tiakh52t5ugto62nz1flq', 1, '2019-12-24 15:08:13'),
(175, 0, 192, 0, '8tiakh52t5ugto62nz1flq', 1, '2019-12-24 15:09:58'),
(176, 0, 193, 0, '8tiakh52t5ugto62nz1flq', 1, '2019-12-24 15:17:50'),
(177, 0, 194, 0, '8tiakh52t5ugto62nz1flq', 1, '2019-12-24 15:19:35'),
(178, 0, 195, 0, '8tiakh52t5ugto62nz1flq', 1, '2019-12-24 15:36:40'),
(179, 0, 196, 0, '8tiakh52t5ugto62nz1flq', 1, '2019-12-24 15:44:17'),
(180, 0, 197, 0, '8tiakh52t5ugto62nz1flq', 1, '2019-12-24 15:46:02'),
(181, 0, 198, 0, '8tiakh52t5ugto62nz1flq', 1, '2019-12-24 17:00:00'),
(182, 0, 199, 0, '8tiakh52t5ugto62nz1flq', 1, '2019-12-26 10:06:56'),
(183, 0, 200, 0, '8tiakh52t5ugto62nz1flq', 1, '2019-12-26 11:22:23'),
(184, 0, 201, 0, '8tiakh52t5ugto62nz1flq', 1, '2019-12-26 11:24:09'),
(185, 0, 202, 0, '8tiakh52t5ugto62nz1flq', 1, '2019-12-26 11:55:05'),
(186, 0, 203, 0, '8tiakh52t5ugto62nz1flq', 1, '2019-12-26 11:59:41'),
(187, 0, 204, 0, '8tiakh52t5ugto62nz1flq', 1, '2019-12-26 12:04:02'),
(188, 0, 205, 0, '8tiakh52t5ugto62nz1flq', 1, '2019-12-26 12:04:34'),
(189, 0, 206, 0, '8tiakh52t5ugto62nz1flq', 1, '2019-12-26 12:05:13'),
(190, 0, 207, 0, '8tiakh52t5ugto62nz1flq', 1, '2019-12-31 15:12:37'),
(191, 0, 208, 0, '8tiakh52t5ugto62nz1flq', 1, '2019-12-31 16:26:27'),
(192, 0, 209, 0, '8tiakh52t5ugto62nz1flq', 1, '2019-12-31 16:29:17'),
(193, 0, 210, 0, '8tiakh52t5ugto62nz1flq', 1, '2019-12-31 16:31:56'),
(194, 0, 211, 0, '8tiakh52t5ugto62nz1flq', 1, '2020-01-11 12:37:35'),
(195, 0, 212, 0, '8tiakh52t5ugto62nz1flq', 1, '2020-01-11 12:40:21'),
(196, 0, 213, 0, '8tiakh52t5ugto62nz1flq', 1, '2020-01-11 12:52:58'),
(197, 0, 214, 0, '8tiakh52t5ugto62nz1flq', 1, '2020-01-11 12:54:12'),
(198, 0, 215, 0, '8tiakh52t5ugto62nz1flq', 1, '2020-01-11 13:01:08'),
(199, 0, 216, 0, '8tiakh52t5ugto62nz1flq', 1, '2020-01-11 13:01:39'),
(200, 0, 217, 0, '8tiakh52t5ugto62nz1flq', 1, '2020-01-11 13:06:54'),
(201, 0, 218, 0, '8tiakh52t5ugto62nz1flq', 1, '2020-01-11 13:08:43'),
(202, 0, 219, 0, '8tiakh52t5ugto62nz1flq', 1, '2020-01-11 13:10:11'),
(203, 0, 220, 0, '8tiakh52t5ugto62nz1flq', 1, '2020-01-11 20:50:23'),
(204, 0, 221, 0, '8tiakh52t5ugto62nz1flq', 1, '2020-01-11 20:53:29'),
(205, 0, 222, 0, '8tiakh52t5ugto62nz1flq', 1, '2020-01-11 23:36:24'),
(206, 0, 223, 0, 'oeqgus5aqfgwco424k79jk', 1, '2020-01-12 15:48:54'),
(207, 0, 224, 0, '8tiakh52t5ugto62nz1flq', 1, '2020-01-12 15:54:28'),
(208, 0, 225, 0, '8tiakh52t5ugto62nz1flq', 1, '2020-01-12 15:55:58'),
(209, 0, 226, 0, '8tiakh52t5ugto62nz1flq', 1, '2020-01-12 17:36:10'),
(210, 0, 227, 0, '8tiakh52t5ugto62nz1flq', 1, '2020-01-12 17:37:54'),
(211, 0, 228, 0, '8tiakh52t5ugto62nz1flq', 1, '2020-01-12 17:40:23'),
(212, 0, 229, 0, '8tiakh52t5ugto62nz1flq', 1, '2020-01-12 17:42:53'),
(213, 0, 230, 0, '8tiakh52t5ugto62nz1flq', 1, '2020-01-12 18:00:29'),
(214, 0, 231, 0, '8tiakh52t5ugto62nz1flq', 1, '2020-01-12 18:18:33'),
(215, 0, 232, 0, '8tiakh52t5ugto62nz1flq', 1, '2020-01-12 18:21:36'),
(216, 0, 233, 0, '8tiakh52t5ugto62nz1flq', 1, '2020-01-12 19:00:50'),
(217, 0, 234, 0, '8tiakh52t5ugto62nz1flq', 1, '2020-01-12 19:03:08'),
(218, 0, 235, 0, '8tiakh52t5ugto62nz1flq', 1, '2020-01-12 19:03:28'),
(219, 0, 236, 0, '8tiakh52t5ugto62nz1flq', 1, '2020-01-12 19:06:04'),
(220, 0, 237, 0, '8tiakh52t5ugto62nz1flq', 1, '2020-01-12 19:54:27'),
(221, 0, 238, 0, '8tiakh52t5ugto62nz1flq', 1, '2020-01-12 19:57:36'),
(222, 0, 239, 0, '8tiakh52t5ugto62nz1flq', 1, '2020-01-12 19:58:25'),
(223, 0, 240, 0, '8tiakh52t5ugto62nz1flq', 1, '2020-01-12 20:00:21'),
(224, 0, 241, 0, '8tiakh52t5ugto62nz1flq', 1, '2020-01-12 20:03:32'),
(225, 0, 242, 0, '8tiakh52t5ugto62nz1flq', 1, '2020-01-12 20:04:34'),
(226, 0, 243, 0, '8tiakh52t5ugto62nz1flq', 1, '2020-01-12 20:05:55'),
(227, 0, 244, 0, '8tiakh52t5ugto62nz1flq', 1, '2020-01-12 20:06:42'),
(228, 0, 245, 0, '8tiakh52t5ugto62nz1flq', 1, '2020-01-12 20:07:50'),
(229, 0, 246, 0, '8tiakh52t5ugto62nz1flq', 1, '2020-01-12 20:09:28'),
(230, 0, 247, 0, '8tiakh52t5ugto62nz1flq', 1, '2020-01-12 20:10:14'),
(231, 0, 248, 0, '8tiakh52t5ugto62nz1flq', 1, '2020-01-12 20:14:08'),
(232, 0, 249, 0, '8tiakh52t5ugto62nz1flq', 1, '2020-01-12 20:21:39'),
(233, 0, 250, 0, '8tiakh52t5ugto62nz1flq', 1, '2020-01-12 20:22:03'),
(234, 0, 251, 0, '8tiakh52t5ugto62nz1flq', 1, '2020-01-12 20:29:25'),
(235, 0, 252, 0, '8tiakh52t5ugto62nz1flq', 1, '2020-01-12 20:33:33'),
(236, 0, 253, 0, '8tiakh52t5ugto62nz1flq', 1, '2020-01-13 11:49:35'),
(237, 0, 254, 0, '8tiakh52t5ugto62nz1flq', 1, '2020-01-13 11:51:13'),
(238, 0, 255, 0, '8tiakh52t5ugto62nz1flq', 1, '2020-01-13 11:51:52'),
(239, 0, 256, 0, '8tiakh52t5ugto62nz1flq', 1, '2020-01-13 12:11:39'),
(240, 0, 257, 0, '8tiakh52t5ugto62nz1flq', 1, '2020-01-13 12:14:15'),
(241, 0, 258, 0, '8tiakh52t5ugto62nz1flq', 1, '2020-01-13 12:16:26'),
(242, 0, 259, 0, '8tiakh52t5ugto62nz1flq', 1, '2020-01-13 12:18:20'),
(243, 0, 260, 0, '8tiakh52t5ugto62nz1flq', 1, '2020-01-13 12:21:54'),
(244, 0, 261, 0, '8tiakh52t5ugto62nz1flq', 1, '2020-01-13 12:25:00'),
(245, 0, 262, 0, '8tiakh52t5ugto62nz1flq', 1, '2020-01-13 12:29:27'),
(246, 0, 263, 0, '8tiakh52t5ugto62nz1flq', 1, '2020-01-13 12:30:57'),
(247, 0, 264, 0, '8tiakh52t5ugto62nz1flq', 1, '2020-01-13 12:32:01'),
(248, 0, 265, 0, '8tiakh52t5ugto62nz1flq', 1, '2020-01-13 12:33:27'),
(249, 0, 266, 0, '8tiakh52t5ugto62nz1flq', 1, '2020-01-13 12:33:48'),
(250, 0, 267, 0, '8tiakh52t5ugto62nz1flq', 1, '2020-01-13 12:53:43'),
(251, 0, 268, 0, '8tiakh52t5ugto62nz1flq', 1, '2020-01-13 23:20:15'),
(252, 0, 269, 0, '8tiakh52t5ugto62nz1flq', 1, '2020-01-20 18:57:12'),
(253, 0, 270, 0, '8tiakh52t5ugto62nz1flq', 1, '2020-01-20 19:02:41'),
(254, 0, 271, 0, '8tiakh52t5ugto62nz1flq', 1, '2020-01-20 19:03:35'),
(255, 0, 272, 0, '8tiakh52t5ugto62nz1flq', 1, '2020-01-20 19:05:14'),
(256, 0, 273, 0, '8tiakh52t5ugto62nz1flq', 1, '2020-01-20 19:16:08'),
(257, 0, 274, 0, '8tiakh52t5ugto62nz1flq', 1, '2020-01-20 19:17:26'),
(258, 0, 275, 0, '8tiakh52t5ugto62nz1flq', 1, '2020-01-20 19:18:48'),
(259, 0, 276, 0, '8tiakh52t5ugto62nz1flq', 1, '2020-01-20 19:20:44'),
(260, 0, 277, 0, '8tiakh52t5ugto62nz1flq', 1, '2020-01-20 19:22:53'),
(261, 0, 278, 0, '8tiakh52t5ugto62nz1flq', 1, '2020-01-20 19:25:54'),
(262, 0, 279, 0, '8tiakh52t5ugto62nz1flq', 1, '2020-01-20 19:55:00'),
(263, 0, 280, 0, '8tiakh52t5ugto62nz1flq', 1, '2020-01-20 19:57:44'),
(264, 0, 281, 0, '8tiakh52t5ugto62nz1flq', 1, '2020-01-20 20:01:55'),
(265, 0, 282, 0, '8tiakh52t5ugto62nz1flq', 1, '2020-01-20 20:02:23'),
(266, 0, 283, 0, '8tiakh52t5ugto62nz1flq', 1, '2020-01-20 20:03:04'),
(267, 0, 284, 0, '8tiakh52t5ugto62nz1flq', 1, '2020-01-20 20:29:36'),
(268, 0, 285, 0, '8tiakh52t5ugto62nz1flq', 1, '2020-01-20 20:39:31'),
(269, 0, 286, 0, '8tiakh52t5ugto62nz1flq', 1, '2020-01-20 20:40:49'),
(270, 0, 287, 0, '8tiakh52t5ugto62nz1flq', 1, '2020-01-20 20:44:27'),
(271, 0, 288, 0, '8tiakh52t5ugto62nz1flq', 1, '2020-01-20 20:46:29'),
(272, 0, 289, 0, '8tiakh52t5ugto62nz1flq', 1, '2020-01-20 20:47:16'),
(273, 0, 290, 0, '8tiakh52t5ugto62nz1flq', 1, '2020-01-20 20:47:44'),
(274, 0, 291, 0, '8tiakh52t5ugto62nz1flq', 1, '2020-01-20 20:49:28'),
(275, 0, 292, 0, '8tiakh52t5ugto62nz1flq', 1, '2020-01-20 20:52:31'),
(276, 0, 293, 0, '8tiakh52t5ugto62nz1flq', 1, '2020-01-20 20:53:00'),
(277, 0, 294, 0, '8tiakh52t5ugto62nz1flq', 1, '2020-01-20 20:53:21'),
(278, 0, 295, 0, '8tiakh52t5ugto62nz1flq', 1, '2020-01-20 20:55:52'),
(279, 0, 296, 0, '8tiakh52t5ugto62nz1flq', 1, '2020-01-20 20:56:40'),
(280, 0, 297, 0, '8tiakh52t5ugto62nz1flq', 1, '2020-01-20 21:19:10'),
(281, 0, 298, 0, '8tiakh52t5ugto62nz1flq', 1, '2020-01-20 21:25:17'),
(282, 0, 299, 0, '8tiakh52t5ugto62nz1flq', 1, '2020-01-21 15:47:28'),
(283, 0, 300, 0, '8tiakh52t5ugto62nz1flq', 1, '2020-01-21 15:56:09'),
(284, 0, 301, 0, '8tiakh52t5ugto62nz1flq', 1, '2020-01-21 15:57:00'),
(285, 0, 302, 0, '8tiakh52t5ugto62nz1flq', 1, '2020-01-21 15:58:19'),
(286, 0, 303, 0, '8tiakh52t5ugto62nz1flq', 1, '2020-01-21 21:14:23'),
(287, 0, 304, 0, '8tiakh52t5ugto62nz1flq', 1, '2020-01-21 21:18:59'),
(288, 0, 305, 0, '8tiakh52t5ugto62nz1flq', 1, '2020-01-21 22:29:32'),
(289, 0, 306, 0, '8tiakh52t5ugto62nz1flq', 1, '2020-01-22 13:24:53'),
(290, 0, 307, 0, '8tiakh52t5ugto62nz1flq', 1, '2020-01-22 13:25:11'),
(291, 0, 308, 0, '8tiakh52t5ugto62nz1flq', 1, '2020-01-25 20:09:24'),
(292, 0, 309, 0, '8tiakh52t5ugto62nz1flq', 1, '2020-01-25 20:13:42'),
(293, 0, 310, 0, 'izjeucft56lmu9r97eakfr', 1, '2020-02-08 19:41:34'),
(294, 0, 311, 0, 'izjeucft56lmu9r97eakfr', 1, '2020-02-08 19:42:07'),
(295, 0, 312, 0, 'izjeucft56lmu9r97eakfr', 1, '2020-02-15 17:38:21'),
(296, 0, 313, 0, 'izjeucft56lmu9r97eakfr', 1, '2020-02-15 17:40:55'),
(297, 0, 314, 0, 'izjeucft56lmu9r97eakfr', 1, '2020-02-15 17:42:13'),
(298, 0, 315, 0, 'izjeucft56lmu9r97eakfr', 1, '2020-02-15 17:42:44'),
(299, 0, 316, 0, 'izjeucft56lmu9r97eakfr', 1, '2020-02-15 17:58:49'),
(300, 0, 317, 0, 'izjeucft56lmu9r97eakfr', 1, '2020-02-15 18:52:24'),
(301, 0, 318, 0, 'izjeucft56lmu9r97eakfr', 1, '2020-02-15 21:13:19'),
(302, 0, 319, 0, 'izjeucft56lmu9r97eakfr', 1, '2020-02-15 21:17:40'),
(303, 0, 320, 0, 'izjeucft56lmu9r97eakfr', 1, '2020-02-15 21:29:58'),
(304, 0, 321, 0, 'izjeucft56lmu9r97eakfr', 1, '2020-02-15 21:41:28'),
(305, 0, 322, 0, 'izjeucft56lmu9r97eakfr', 1, '2020-02-15 21:43:04'),
(306, 0, 323, 0, 'izjeucft56lmu9r97eakfr', 1, '2020-02-15 21:43:40'),
(307, 0, 324, 0, 'izjeucft56lmu9r97eakfr', 1, '2020-02-15 21:44:59'),
(308, 0, 325, 0, 'izjeucft56lmu9r97eakfr', 1, '2020-02-15 21:46:57'),
(309, 0, 326, 0, 'izjeucft56lmu9r97eakfr', 1, '2020-02-22 13:22:04'),
(310, 0, 327, 0, 'izjeucft56lmu9r97eakfr', 1, '2020-02-22 15:20:56'),
(311, 0, 328, 0, 'izjeucft56lmu9r97eakfr', 1, '2020-02-22 15:21:10'),
(312, 0, 329, 0, 'izjeucft56lmu9r97eakfr', 1, '2020-02-22 15:23:57'),
(313, 0, 330, 0, 'izjeucft56lmu9r97eakfr', 1, '2020-02-22 15:24:24'),
(314, 0, 331, 0, 'izjeucft56lmu9r97eakfr', 1, '2020-02-22 15:36:21'),
(315, 0, 332, 0, '8tiakh52t5ugto62nz1flq', 1, '2020-02-22 21:23:58'),
(316, 0, 333, 0, '8tiakh52t5ugto62nz1flq', 1, '2020-02-23 10:38:19'),
(317, 0, 334, 0, '8tiakh52t5ugto62nz1flq', 1, '2020-02-23 16:08:54'),
(318, 0, 335, 0, '8tiakh52t5ugto62nz1flq', 1, '2020-02-23 22:16:41'),
(319, 0, 336, 0, '8tiakh52t5ugto62nz1flq', 1, '2020-02-28 14:04:12'),
(320, 0, 337, 0, '8tiakh52t5ugto62nz1flq', 1, '2020-02-28 14:07:42'),
(321, 0, 338, 0, '8tiakh52t5ugto62nz1flq', 1, '2020-02-28 14:33:15'),
(322, 0, 339, 0, '8tiakh52t5ugto62nz1flq', 1, '2020-02-28 14:35:50'),
(323, 0, 340, 0, '8tiakh52t5ugto62nz1flq', 1, '2020-02-28 14:41:30'),
(324, 0, 341, 0, '8tiakh52t5ugto62nz1flq', 1, '2020-02-28 15:03:03'),
(325, 0, 342, 0, '8tiakh52t5ugto62nz1flq', 1, '2020-02-28 15:09:55'),
(326, 0, 343, 0, '8tiakh52t5ugto62nz1flq', 1, '2020-02-28 15:10:55'),
(327, 0, 344, 0, '8tiakh52t5ugto62nz1flq', 1, '2020-02-28 15:12:16'),
(328, 0, 345, 0, '8tiakh52t5ugto62nz1flq', 1, '2020-02-28 15:26:05'),
(329, 0, 346, 0, '8tiakh52t5ugto62nz1flq', 1, '2020-02-28 15:27:26'),
(330, 0, 347, 0, '8tiakh52t5ugto62nz1flq', 1, '2020-02-28 15:32:42'),
(331, 0, 348, 0, '8tiakh52t5ugto62nz1flq', 1, '2020-03-01 15:29:45'),
(332, 0, 349, 0, '8tiakh52t5ugto62nz1flq', 1, '2020-03-01 15:30:02'),
(333, 0, 350, 0, '8tiakh52t5ugto62nz1flq', 1, '2020-03-01 15:53:25'),
(334, 0, 351, 0, '8tiakh52t5ugto62nz1flq', 1, '2020-03-01 15:57:08'),
(335, 0, 352, 0, '8tiakh52t5ugto62nz1flq', 1, '2020-03-01 15:57:41'),
(336, 0, 353, 0, '8tiakh52t5ugto62nz1flq', 1, '2020-03-01 15:59:10'),
(337, 0, 354, 0, '8tiakh52t5ugto62nz1flq', 1, '2020-03-01 16:05:51'),
(338, 0, 355, 0, '8tiakh52t5ugto62nz1flq', 1, '2020-03-01 16:08:13'),
(339, 0, 356, 0, '8tiakh52t5ugto62nz1flq', 1, '2020-03-01 16:08:57'),
(340, 0, 357, 0, '8tiakh52t5ugto62nz1flq', 1, '2020-03-01 16:10:09'),
(341, 0, 358, 0, '8tiakh52t5ugto62nz1flq', 1, '2020-03-01 18:12:34'),
(342, 0, 359, 0, '8tiakh52t5ugto62nz1flq', 1, '2020-03-01 18:19:37'),
(343, 0, 360, 0, '8tiakh52t5ugto62nz1flq', 1, '2020-03-01 18:19:51'),
(344, 0, 361, 0, '8tiakh52t5ugto62nz1flq', 1, '2020-03-01 18:20:27'),
(345, 0, 362, 0, '8tiakh52t5ugto62nz1flq', 1, '2020-03-01 18:21:50'),
(346, 0, 363, 0, '8tiakh52t5ugto62nz1flq', 1, '2020-03-01 18:22:23'),
(347, 0, 364, 0, '8tiakh52t5ugto62nz1flq', 1, '2020-03-01 18:23:41'),
(348, 0, 365, 0, '8tiakh52t5ugto62nz1flq', 1, '2020-03-01 18:24:02'),
(349, 0, 366, 0, '8tiakh52t5ugto62nz1flq', 1, '2020-03-01 18:26:28'),
(350, 0, 367, 0, '8tiakh52t5ugto62nz1flq', 1, '2020-03-01 18:31:44'),
(351, 0, 368, 0, '8tiakh52t5ugto62nz1flq', 1, '2020-03-01 18:32:00'),
(352, 0, 369, 0, '8tiakh52t5ugto62nz1flq', 1, '2020-03-01 18:32:09'),
(353, 0, 370, 0, '8tiakh52t5ugto62nz1flq', 1, '2020-03-01 18:32:19'),
(354, 0, 371, 0, '8tiakh52t5ugto62nz1flq', 1, '2020-03-01 19:17:27'),
(355, 0, 372, 0, '8tiakh52t5ugto62nz1flq', 1, '2020-03-01 20:58:04'),
(356, 0, 373, 0, '8tiakh52t5ugto62nz1flq', 1, '2020-03-01 21:02:29'),
(357, 0, 374, 0, '8tiakh52t5ugto62nz1flq', 1, '2020-03-01 21:04:42'),
(358, 0, 375, 0, '8tiakh52t5ugto62nz1flq', 1, '2020-03-01 21:07:06'),
(359, 0, 376, 0, '8tiakh52t5ugto62nz1flq', 1, '2020-03-01 21:13:41'),
(360, 0, 377, 0, '8tiakh52t5ugto62nz1flq', 1, '2020-03-01 21:14:11'),
(361, 0, 378, 0, '8tiakh52t5ugto62nz1flq', 1, '2020-03-01 21:15:01'),
(362, 0, 379, 0, '8tiakh52t5ugto62nz1flq', 1, '2020-03-01 21:17:28'),
(363, 0, 380, 0, '8tiakh52t5ugto62nz1flq', 1, '2020-03-01 21:17:42'),
(364, 0, 381, 0, '8tiakh52t5ugto62nz1flq', 1, '2020-03-01 21:55:26'),
(365, 0, 382, 0, '8tiakh52t5ugto62nz1flq', 1, '2020-03-01 21:57:39'),
(366, 0, 383, 0, '8tiakh52t5ugto62nz1flq', 1, '2020-03-02 14:07:35'),
(367, 0, 384, 0, '8tiakh52t5ugto62nz1flq', 1, '2020-03-02 14:07:52'),
(368, 0, 385, 0, '8tiakh52t5ugto62nz1flq', 1, '2020-03-02 14:15:35'),
(369, 0, 386, 0, '8tiakh52t5ugto62nz1flq', 1, '2020-03-02 14:16:04'),
(370, 0, 387, 0, 'izjeucft56lmu9r97eakfr', 1, '2020-03-06 02:03:48'),
(371, 0, 388, 0, '8tiakh52t5ugto62nz1flq', 1, '2020-03-07 14:58:11'),
(372, 0, 389, 0, '8tiakh52t5ugto62nz1flq', 1, '2020-03-16 09:34:16'),
(373, 0, 390, 0, '8tiakh52t5ugto62nz1flq', 1, '2020-03-16 22:42:09'),
(374, 0, 391, 0, '8tiakh52t5ugto62nz1flq', 1, '2020-03-16 22:53:16'),
(375, 0, 392, 0, '8tiakh52t5ugto62nz1flq', 1, '2020-03-19 21:38:54'),
(376, 0, 393, 0, 'izjeucft56lmu9r97eakfr', 1, '2020-03-24 23:06:59'),
(377, 0, 394, 0, 'izjeucft56lmu9r97eakfr', 1, '2020-03-24 23:10:26'),
(378, 0, 395, 0, 'izjeucft56lmu9r97eakfr', 1, '2020-03-26 11:11:24'),
(379, 0, 396, 0, 'izjeucft56lmu9r97eakfr', 1, '2020-03-26 11:36:05'),
(380, 0, 397, 0, 'izjeucft56lmu9r97eakfr', 1, '2020-03-26 11:38:41'),
(381, 0, 398, 0, 'izjeucft56lmu9r97eakfr', 1, '2020-03-26 11:39:18'),
(382, 0, 399, 0, 'izjeucft56lmu9r97eakfr', 1, '2020-03-26 11:43:05'),
(383, 0, 400, 0, 'izjeucft56lmu9r97eakfr', 1, '2020-03-26 11:47:48'),
(384, 0, 401, 0, '8tiakh52t5ugto62nz1flq', 1, '2020-03-29 18:55:55'),
(385, 0, 402, 0, '8tiakh52t5ugto62nz1flq', 1, '2020-03-29 18:58:08'),
(386, 0, 403, 0, '8tiakh52t5ugto62nz1flq', 1, '2020-03-29 18:59:10'),
(387, 0, 404, 0, '8tiakh52t5ugto62nz1flq', 1, '2020-04-04 17:25:11'),
(388, 0, 405, 0, '8tiakh52t5ugto62nz1flq', 1, '2020-04-04 17:25:47'),
(389, 0, 406, 0, '8tiakh52t5ugto62nz1flq', 1, '2020-04-04 17:26:29'),
(390, 0, 407, 0, '8tiakh52t5ugto62nz1flq', 1, '2020-04-04 17:30:36'),
(391, 0, 408, 0, '8tiakh52t5ugto62nz1flq', 1, '2020-04-04 17:31:48'),
(392, 0, 409, 0, '8tiakh52t5ugto62nz1flq', 1, '2020-04-04 17:33:05'),
(393, 0, 410, 0, '8tiakh52t5ugto62nz1flq', 1, '2020-04-04 17:58:34'),
(394, 0, 411, 0, '8tiakh52t5ugto62nz1flq', 1, '2020-04-04 17:59:42'),
(395, 0, 412, 0, '8tiakh52t5ugto62nz1flq', 1, '2020-04-04 18:00:39'),
(396, 0, 413, 0, '8tiakh52t5ugto62nz1flq', 1, '2020-04-04 18:09:19'),
(397, 0, 414, 0, '8tiakh52t5ugto62nz1flq', 1, '2020-04-04 20:36:34'),
(398, 0, 415, 0, 'izjeucft56lmu9r97eakfr', 1, '2020-04-08 18:50:57'),
(399, 0, 416, 0, 'izjeucft56lmu9r97eakfr', 1, '2020-04-08 18:54:51'),
(400, 0, 417, 0, '8tiakh52t5ugto62nz1flq', 1, '2020-04-09 13:23:30'),
(401, 0, 418, 0, '8tiakh52t5ugto62nz1flq', 1, '2020-04-09 13:33:52'),
(402, 0, 419, 0, 'izjeucft56lmu9r97eakfr', 1, '2020-04-09 13:54:24'),
(403, 0, 420, 0, 'izjeucft56lmu9r97eakfr', 1, '2020-04-09 13:58:53'),
(404, 0, 421, 0, '8tiakh52t5ugto62nz1flq', 1, '2020-04-09 14:01:06'),
(405, 0, 422, 0, '8tiakh52t5ugto62nz1flq', 1, '2020-04-09 14:01:56'),
(406, 0, 423, 0, '8tiakh52t5ugto62nz1flq', 1, '2020-04-09 14:02:42'),
(407, 0, 424, 0, '8tiakh52t5ugto62nz1flq', 1, '2020-04-09 14:03:26'),
(408, 0, 425, 0, '8tiakh52t5ugto62nz1flq', 1, '2020-04-09 14:04:47'),
(409, 0, 426, 0, '8tiakh52t5ugto62nz1flq', 1, '2020-04-09 17:44:31'),
(410, 0, 427, 0, '8tiakh52t5ugto62nz1flq', 1, '2020-04-09 17:45:22'),
(411, 0, 428, 0, '8tiakh52t5ugto62nz1flq', 1, '2020-04-09 17:46:47'),
(412, 0, 429, 0, '8tiakh52t5ugto62nz1flq', 1, '2020-04-09 17:47:17'),
(413, 0, 430, 0, '8tiakh52t5ugto62nz1flq', 1, '2020-04-09 17:47:59'),
(414, 0, 431, 0, '8tiakh52t5ugto62nz1flq', 1, '2020-04-10 09:10:57'),
(415, 0, 432, 0, '8tiakh52t5ugto62nz1flq', 1, '2020-04-10 09:39:56'),
(416, 0, 433, 0, '8tiakh52t5ugto62nz1flq', 1, '2020-04-10 09:44:59'),
(417, 0, 434, 0, '8tiakh52t5ugto62nz1flq', 1, '2020-04-10 09:48:49'),
(418, 0, 435, 0, '8tiakh52t5ugto62nz1flq', 1, '2020-04-10 09:50:03'),
(419, 0, 436, 0, '8tiakh52t5ugto62nz1flq', 1, '2020-04-10 09:52:03'),
(420, 0, 437, 0, '8tiakh52t5ugto62nz1flq', 1, '2020-04-10 09:56:39'),
(421, 0, 438, 0, '8tiakh52t5ugto62nz1flq', 1, '2020-04-10 09:57:32'),
(422, 0, 439, 0, '8tiakh52t5ugto62nz1flq', 1, '2020-04-10 10:00:56'),
(423, 0, 440, 0, '8tiakh52t5ugto62nz1flq', 1, '2020-04-10 10:02:15'),
(424, 0, 441, 0, '8tiakh52t5ugto62nz1flq', 1, '2020-04-10 10:03:56'),
(425, 0, 442, 0, '8tiakh52t5ugto62nz1flq', 1, '2020-04-10 10:05:40'),
(426, 0, 443, 0, '8tiakh52t5ugto62nz1flq', 1, '2020-04-10 10:07:56'),
(427, 0, 444, 0, '8tiakh52t5ugto62nz1flq', 1, '2020-04-11 06:02:14'),
(428, 0, 445, 0, '8tiakh52t5ugto62nz1flq', 1, '2020-04-11 06:06:33'),
(429, 0, 446, 0, '8tiakh52t5ugto62nz1flq', 1, '2020-04-11 06:07:18'),
(430, 0, 447, 0, '8tiakh52t5ugto62nz1flq', 1, '2020-04-11 06:08:09'),
(431, 0, 448, 0, '8tiakh52t5ugto62nz1flq', 1, '2020-04-11 06:11:54'),
(432, 0, 449, 0, '8tiakh52t5ugto62nz1flq', 1, '2020-04-11 06:12:45'),
(433, 0, 450, 0, 'izjeucft56lmu9r97eakfr', 1, '2020-04-14 20:58:19'),
(434, 0, 451, 0, 'izjeucft56lmu9r97eakfr', 1, '2020-04-14 21:00:28'),
(435, 0, 452, 0, 'izjeucft56lmu9r97eakfr', 1, '2020-04-14 21:03:23'),
(436, 0, 453, 0, 'izjeucft56lmu9r97eakfr', 1, '2020-04-14 21:05:22'),
(437, 0, 454, 0, 'izjeucft56lmu9r97eakfr', 1, '2020-04-14 21:06:47'),
(438, 0, 455, 0, '8tiakh52t5ugto62nz1flq', 1, '2020-04-14 23:17:18');

-- --------------------------------------------------------

--
-- Estructura de tabla para la tabla `buyers_addresses`
--

CREATE TABLE `buyers_addresses` (
  `id` int(11) NOT NULL,
  `buyerID` int(11) NOT NULL,
  `relevance` int(11) NOT NULL,
  `cityID` int(11) NOT NULL,
  `streetName` varchar(150) NOT NULL,
  `streetNumber` varchar(30) NOT NULL,
  `floorAndDepartment` varchar(30) NOT NULL,
  `extraReferences` varchar(200) NOT NULL,
  `isActive` tinyint(4) NOT NULL DEFAULT '1',
  `dateCreated` timestamp NOT NULL DEFAULT CURRENT_TIMESTAMP,
  `lastTimeUsed` timestamp NOT NULL DEFAULT '0000-00-00 00:00:00'
) ENGINE=InnoDB DEFAULT CHARSET=utf8;

--
-- Volcado de datos para la tabla `buyers_addresses`
--

INSERT INTO `buyers_addresses` (`id`, `buyerID`, `relevance`, `cityID`, `streetName`, `streetNumber`, `floorAndDepartment`, `extraReferences`, `isActive`, `dateCreated`, `lastTimeUsed`) VALUES
(19, 1, 0, 1, '1', '2', '3', '4', 1, '2019-12-08 21:34:26', '0000-00-00 00:00:00'),
(20, 1, 0, 1, '4', '5', '6', '7', 1, '2019-12-08 21:59:47', '0000-00-00 00:00:00'),
(21, 1, 0, 1, '4', '5', '6', '7', 1, '2019-12-08 22:00:17', '0000-00-00 00:00:00'),
(22, 1, 0, 1, '4', '5', '6', '7', 1, '2019-12-08 22:52:19', '0000-00-00 00:00:00'),
(23, 1, 0, 1, '6', '7', '8', '9', 1, '2019-12-09 14:35:04', '0000-00-00 00:00:00'),
(24, 1, 0, 1, '6', '7', '8', '9', 1, '2019-12-09 14:36:02', '0000-00-00 00:00:00'),
(25, 1, 0, 1, '6', '7', '8', '9', 1, '2019-12-09 14:44:35', '0000-00-00 00:00:00'),
(26, 1, 0, 1, '6', '7', '8', '9', 1, '2019-12-09 14:51:33', '0000-00-00 00:00:00'),
(27, 1, 0, 1, '4', '5', '1', '2', 1, '2019-12-09 14:55:29', '0000-00-00 00:00:00'),
(28, 1, 0, 1, 'j', 'j', 'j', 'j', 1, '2019-12-09 14:58:23', '0000-00-00 00:00:00'),
(29, 1, 0, 1, '6', '7', '8', '9', 1, '2019-12-09 14:59:55', '0000-00-00 00:00:00'),
(30, 1, 0, 1, '6', '7', '8', '9', 1, '2019-12-09 15:04:50', '0000-00-00 00:00:00'),
(31, 1, 0, 1, '6', '7', '8', '9', 1, '2019-12-09 15:07:42', '0000-00-00 00:00:00'),
(32, 1, 0, 1, '6', '78', '8', '9', 1, '2019-12-09 15:08:26', '0000-00-00 00:00:00'),
(33, 1, 0, 1, '6', '7', '8', '9', 1, '2019-12-09 15:09:07', '0000-00-00 00:00:00'),
(35, 1, 0, 1, '1', '1', '1', '1', 1, '2019-12-09 22:26:03', '0000-00-00 00:00:00'),
(36, 5, 0, 1, '01', '12', '23', '34', 1, '2019-12-10 01:55:47', '0000-00-00 00:00:00'),
(37, 6, 0, 1, '3', '4', '5', '6', 1, '2019-12-10 01:57:48', '0000-00-00 00:00:00'),
(38, 7, 0, 1, '23', '34', '45', '56', 1, '2019-12-10 01:58:28', '0000-00-00 00:00:00'),
(39, 8, 0, 1, '3', '4', '5', '6', 1, '2019-12-10 01:59:51', '0000-00-00 00:00:00'),
(40, 9, 0, 1, '222', '333', '444', '555', 1, '2019-12-10 02:01:27', '0000-00-00 00:00:00'),
(41, 10, 0, 1, 'li', 'sa', 'nnn', 'dro', 1, '2019-12-10 02:02:59', '0000-00-00 00:00:00'),
(42, 11, 0, 1, 'li', 'sa', 'n', 'dro', 1, '2019-12-10 02:17:50', '0000-00-00 00:00:00'),
(43, 12, 0, 1, '4', '5', '6', '7', 1, '2019-12-10 02:18:54', '0000-00-00 00:00:00'),
(44, 13, 0, 1, '', '', '', '', 1, '2019-12-10 02:22:13', '0000-00-00 00:00:00'),
(45, 14, 0, 1, '', '', '', '', 1, '2019-12-10 02:24:59', '0000-00-00 00:00:00'),
(46, 15, 0, 1, '', '', '', '', 1, '2019-12-10 02:25:25', '0000-00-00 00:00:00'),
(47, 16, 0, 1, '', '', '', '', 1, '2019-12-10 02:26:41', '0000-00-00 00:00:00'),
(48, 17, 0, 1, '', '', '', '', 1, '2019-12-10 04:00:14', '0000-00-00 00:00:00'),
(49, 18, 0, 1, '', '', '', '', 1, '2019-12-10 04:01:50', '0000-00-00 00:00:00'),
(50, 19, 0, 1, '', '', '', '', 1, '2019-12-10 09:31:02', '0000-00-00 00:00:00'),
(51, 20, 0, 1, '', '', '', '', 1, '2019-12-10 09:32:55', '0000-00-00 00:00:00'),
(52, 21, 0, 1, '', '', '', '', 1, '2019-12-10 09:34:12', '0000-00-00 00:00:00'),
(53, 22, 0, 1, '', '', '', '', 1, '2019-12-10 09:35:04', '0000-00-00 00:00:00'),
(54, 23, 0, 1, '', '', '', '', 1, '2019-12-10 09:35:30', '0000-00-00 00:00:00'),
(55, 24, 0, 1, '', '', '', '', 1, '2019-12-10 09:42:12', '0000-00-00 00:00:00'),
(56, 25, 0, 1, '', '', '', '', 1, '2019-12-10 09:43:10', '0000-00-00 00:00:00'),
(57, 26, 0, 1, '', '', '', '', 1, '2019-12-10 09:47:32', '0000-00-00 00:00:00'),
(58, 27, 0, 1, '', '', '', '', 1, '2019-12-10 09:53:02', '0000-00-00 00:00:00'),
(59, 28, 0, 1, '', '', '', '', 1, '2019-12-10 09:53:20', '0000-00-00 00:00:00'),
(60, 29, 0, 1, '', '', '', '', 1, '2019-12-10 09:54:36', '0000-00-00 00:00:00'),
(61, 30, 0, 1, '', '', '', '', 1, '2019-12-10 09:55:08', '0000-00-00 00:00:00'),
(62, 31, 0, 1, '', '', '', '', 1, '2019-12-10 09:55:38', '0000-00-00 00:00:00'),
(63, 32, 0, 1, '', '', '', '', 1, '2019-12-10 09:56:00', '0000-00-00 00:00:00'),
(64, 33, 0, 1, '', '', '', '', 1, '2019-12-10 09:57:47', '0000-00-00 00:00:00'),
(65, 34, 0, 1, '', '', '', '', 1, '2019-12-10 09:58:53', '0000-00-00 00:00:00'),
(66, 35, 0, 1, '6', '7', '9', '10', 1, '2019-12-10 12:11:43', '0000-00-00 00:00:00'),
(67, 36, 0, 2, '6', '7', '8', '9', 1, '2019-12-10 12:12:43', '0000-00-00 00:00:00'),
(68, 37, 0, 2, '67', '8', '9', '10', 1, '2019-12-10 12:13:47', '0000-00-00 00:00:00'),
(69, 38, 0, 1, '6', '7', '8', '9', 1, '2019-12-10 12:14:40', '0000-00-00 00:00:00'),
(70, 39, 0, 1, '6', '7', '8', '9', 1, '2019-12-10 12:16:13', '0000-00-00 00:00:00'),
(71, 40, 0, 1, '55', '1', '', '', 1, '2019-12-10 12:17:42', '0000-00-00 00:00:00'),
(72, 41, 0, 1, '6', '7', '', '', 1, '2019-12-10 12:19:11', '0000-00-00 00:00:00'),
(73, 42, 0, 1, '6', '7', '', '', 1, '2019-12-10 12:20:19', '0000-00-00 00:00:00'),
(74, 43, 0, 1, '6', '7', '', '', 1, '2019-12-10 12:21:02', '0000-00-00 00:00:00'),
(75, 44, 0, 1, '6', '7', '', '', 1, '2019-12-10 12:22:47', '0000-00-00 00:00:00'),
(76, 45, 0, 1, '4', '5', '6', '', 1, '2019-12-11 08:25:40', '0000-00-00 00:00:00'),
(77, 46, 0, 1, 'tiva', 'davia', '12', '', 1, '2019-12-11 08:26:11', '0000-00-00 00:00:00'),
(78, 47, 0, 1, '4', '56', '7', '', 1, '2019-12-11 08:28:34', '0000-00-00 00:00:00'),
(79, 48, 0, 1, '4', '5', '9', '', 1, '2019-12-11 08:32:53', '0000-00-00 00:00:00'),
(80, 49, 0, 2, '4', '5', '6', '', 1, '2019-12-11 08:34:08', '0000-00-00 00:00:00'),
(81, 50, 0, 1, 'riv', '0158', 'nada', 'extra', 1, '2019-12-11 11:38:01', '0000-00-00 00:00:00'),
(82, 51, 0, 1, 'riva', '0158', 'nada', 'extra', 1, '2019-12-11 11:42:24', '0000-00-00 00:00:00'),
(83, 52, 0, 1, 'riva', '0158', 'nada', 'extra', 1, '2019-12-11 11:47:22', '0000-00-00 00:00:00'),
(84, 53, 0, 2, 'riva', 'davia', 'nada', 'extra', 1, '2019-12-11 11:48:29', '0000-00-00 00:00:00'),
(85, 54, 0, 2, '4', '5', '6', '', 1, '2019-12-11 11:52:46', '0000-00-00 00:00:00'),
(86, 55, 0, 2, 'bu', 'chi', 'ho', 'fer', 1, '2019-12-11 13:54:53', '0000-00-00 00:00:00'),
(87, 56, 0, 1, '444', '4', '44', '', 1, '2019-12-12 16:21:42', '0000-00-00 00:00:00'),
(88, 57, 0, 2, '11', '1', '1', '', 1, '2019-12-12 17:51:41', '0000-00-00 00:00:00'),
(89, 58, 0, 1, '1', '1', '2', '', 1, '2019-12-12 17:53:34', '0000-00-00 00:00:00'),
(90, 59, 0, 1, '5', '6', '5', '7', 1, '2019-12-12 20:41:44', '0000-00-00 00:00:00'),
(91, 60, 0, 1, '4', '5', '6', '1', 1, '2019-12-12 22:01:26', '0000-00-00 00:00:00'),
(92, 61, 0, 1, '4', '5', '6', '5', 1, '2019-12-13 00:11:52', '0000-00-00 00:00:00'),
(93, 62, 0, 1, '4', '5', '6', '8', 1, '2019-12-13 00:12:34', '0000-00-00 00:00:00'),
(94, 63, 0, 1, 'sa', 'mart', '12', '4', 1, '2019-12-13 00:21:26', '0000-00-00 00:00:00'),
(95, 64, 0, 1, '4', '5', '6', '3', 1, '2019-12-13 00:28:33', '0000-00-00 00:00:00'),
(96, 65, 0, 1, '4', '5', '6', '8', 1, '2019-12-13 00:57:15', '0000-00-00 00:00:00'),
(97, 66, 0, 1, '4', '5', '6', '', 1, '2019-12-13 00:59:40', '0000-00-00 00:00:00'),
(98, 67, 0, 1, '4', '5', '6', '', 1, '2019-12-13 01:03:13', '0000-00-00 00:00:00'),
(99, 68, 0, 1, 'il', 'li', 'li', 'li', 1, '2019-12-13 15:29:46', '0000-00-00 00:00:00'),
(100, 69, 0, 1, '4', '5', '6', '7', 1, '2019-12-13 15:32:30', '0000-00-00 00:00:00'),
(101, 70, 0, 1, '4', '5', '6', '8', 1, '2019-12-13 15:57:47', '0000-00-00 00:00:00'),
(102, 71, 0, 1, '1', '2', '3', '9', 1, '2019-12-13 16:02:30', '0000-00-00 00:00:00'),
(103, 72, 0, 1, '1', '2', '3', '6', 1, '2019-12-13 16:05:49', '0000-00-00 00:00:00'),
(104, 73, 0, 1, '4', '5', '6', '8', 1, '2019-12-13 16:09:54', '0000-00-00 00:00:00'),
(105, 74, 0, 1, '4', '5', '6', '8', 1, '2019-12-13 16:11:11', '0000-00-00 00:00:00'),
(106, 75, 0, 1, '4', '5', '6', '8', 1, '2019-12-13 16:14:07', '0000-00-00 00:00:00'),
(107, 76, 0, 1, '4', '5', '9', '/8', 1, '2019-12-13 16:14:40', '0000-00-00 00:00:00'),
(108, 77, 0, 1, '4', '5', '6', '8', 1, '2019-12-13 16:16:10', '0000-00-00 00:00:00'),
(109, 78, 0, 1, '4', '5', '6', '8', 1, '2019-12-13 16:17:24', '0000-00-00 00:00:00'),
(110, 79, 0, 1, '1', '2', '3', '5', 1, '2019-12-13 16:18:42', '0000-00-00 00:00:00'),
(111, 80, 0, 1, '1', '1', '1', '11', 1, '2019-12-13 16:19:59', '0000-00-00 00:00:00'),
(112, 81, 0, 1, '4', '5', '6', '', 1, '2019-12-13 16:22:21', '0000-00-00 00:00:00'),
(113, 82, 0, 1, '1', '2', '3', '5', 1, '2019-12-13 16:23:20', '0000-00-00 00:00:00'),
(114, 83, 0, 1, 'callle', 'nom', 'pis', 'nad', 1, '2019-12-13 16:29:47', '0000-00-00 00:00:00'),
(115, 84, 0, 1, '2', '2', '2', '1.', 1, '2019-12-13 16:33:15', '0000-00-00 00:00:00'),
(116, 85, 0, 1, '4', '5', '6', '7', 1, '2019-12-13 16:35:12', '0000-00-00 00:00:00'),
(117, 86, 0, 1, '1', '1', '1', '1', 1, '2019-12-13 16:36:09', '0000-00-00 00:00:00'),
(118, 87, 0, 1, '1', '11', '1', '1', 1, '2019-12-13 16:36:45', '0000-00-00 00:00:00'),
(119, 88, 0, 1, '1', '1', '1', '2', 1, '2019-12-13 16:37:45', '0000-00-00 00:00:00'),
(120, 89, 0, 1, '4', '5', '6', '7', 1, '2019-12-13 16:38:56', '0000-00-00 00:00:00'),
(121, 90, 0, 1, '4', '5', '6', '7', 1, '2019-12-13 16:58:16', '0000-00-00 00:00:00'),
(122, 91, 0, 1, '2', '1', '33', '3', 1, '2019-12-13 17:02:09', '0000-00-00 00:00:00'),
(123, 92, 0, 1, '1', '1', '1', '', 1, '2019-12-13 17:05:14', '0000-00-00 00:00:00'),
(124, 93, 0, 1, '1', '11', '1', '1', 1, '2019-12-13 17:13:26', '0000-00-00 00:00:00'),
(125, 94, 0, 1, '1', '1', '11', '1', 1, '2019-12-13 17:18:14', '0000-00-00 00:00:00'),
(126, 95, 0, 1, '4', '5', '6', '', 1, '2019-12-13 17:20:13', '0000-00-00 00:00:00'),
(127, 96, 0, 1, '4', '5', '6', '', 1, '2019-12-13 17:25:07', '0000-00-00 00:00:00'),
(128, 97, 0, 1, '4', '5', '6', '7', 1, '2019-12-13 17:25:37', '0000-00-00 00:00:00'),
(129, 98, 0, 1, '11', '1', '1', '1', 1, '2019-12-13 17:26:42', '0000-00-00 00:00:00'),
(130, 99, 0, 1, '1', '1', '1', '1', 1, '2019-12-13 17:28:51', '0000-00-00 00:00:00'),
(131, 100, 0, 1, '1', '11', '11', '1', 1, '2019-12-13 17:31:05', '0000-00-00 00:00:00'),
(132, 101, 0, 1, '1', '1', '1', '11', 1, '2019-12-13 17:34:01', '0000-00-00 00:00:00'),
(133, 102, 0, 1, '1', '11', '1', '', 1, '2019-12-13 17:34:57', '0000-00-00 00:00:00'),
(134, 103, 0, 1, '1', '1', '11', '1', 1, '2019-12-13 17:36:36', '0000-00-00 00:00:00'),
(135, 104, 0, 1, '11', '11', '11', '1', 1, '2019-12-13 17:49:59', '0000-00-00 00:00:00'),
(136, 105, 0, 1, '1', '1', '1', '1', 1, '2019-12-13 17:53:03', '0000-00-00 00:00:00'),
(137, 106, 0, 1, '1', '11', '1', '1', 1, '2019-12-13 18:25:12', '0000-00-00 00:00:00'),
(138, 107, 0, 1, '1', '1', '1', '1', 1, '2019-12-13 18:26:58', '0000-00-00 00:00:00'),
(139, 108, 0, 1, '1', '11', '1', '3', 1, '2019-12-13 18:32:40', '0000-00-00 00:00:00'),
(140, 109, 0, 1, '11', '1', '1', '1', 1, '2019-12-13 18:33:57', '0000-00-00 00:00:00'),
(141, 110, 0, 1, '1', '11', '', '1', 1, '2019-12-13 18:37:33', '0000-00-00 00:00:00'),
(142, 111, 0, 1, '1', '11', '1', '1', 1, '2019-12-13 18:47:20', '0000-00-00 00:00:00'),
(143, 112, 0, 1, '11', '1', '1', '1', 1, '2019-12-13 18:53:01', '0000-00-00 00:00:00'),
(144, 113, 0, 1, '11', '1', '1', '1', 1, '2019-12-13 18:57:27', '0000-00-00 00:00:00'),
(145, 114, 0, 1, '1', '1', '', '', 1, '2019-12-13 19:11:09', '0000-00-00 00:00:00'),
(146, 115, 0, 1, '11', '1', '1', '1', 1, '2019-12-13 19:11:40', '0000-00-00 00:00:00'),
(147, 116, 0, 1, '11', '1', '1', '1', 1, '2019-12-13 19:12:24', '0000-00-00 00:00:00'),
(148, 117, 0, 1, '1', '1', '11', '', 1, '2019-12-13 19:16:54', '0000-00-00 00:00:00'),
(149, 118, 0, 1, '1', '11', '1', '1', 1, '2019-12-13 19:17:47', '0000-00-00 00:00:00'),
(150, 119, 0, 1, '11', '1', '1', '1', 1, '2019-12-13 19:18:55', '0000-00-00 00:00:00'),
(151, 120, 0, 1, '1', '11', '1', '1', 1, '2019-12-13 19:21:26', '0000-00-00 00:00:00'),
(152, 121, 0, 1, '11', '1', '1', '1', 1, '2019-12-13 19:24:34', '0000-00-00 00:00:00'),
(153, 122, 0, 1, '4', '5', '6', '7', 1, '2019-12-13 19:25:24', '0000-00-00 00:00:00'),
(154, 123, 0, 1, '1', '11', '1', '1', 1, '2019-12-13 19:26:24', '0000-00-00 00:00:00'),
(155, 124, 0, 1, '4', '5', '6', '7', 1, '2019-12-13 19:27:45', '0000-00-00 00:00:00'),
(156, 125, 0, 1, '1', '11', '', '1', 1, '2019-12-13 19:28:21', '0000-00-00 00:00:00'),
(157, 126, 0, 1, '1', '1', '11', '1', 1, '2019-12-13 19:29:36', '0000-00-00 00:00:00'),
(158, 127, 0, 1, '4', '5', '6', '7', 1, '2019-12-13 19:37:21', '0000-00-00 00:00:00'),
(159, 128, 0, 1, '11', '11', '1', '1', 1, '2019-12-13 19:41:09', '0000-00-00 00:00:00'),
(160, 129, 0, 1, '1', '1', '11', '1', 1, '2019-12-13 19:42:34', '0000-00-00 00:00:00'),
(161, 130, 0, 1, '4', '5', '6', '7', 1, '2019-12-13 19:50:31', '0000-00-00 00:00:00'),
(162, 131, 0, 1, '1', '1', '1', '1', 1, '2019-12-13 19:52:59', '0000-00-00 00:00:00'),
(163, 132, 0, 1, '1', '1', '1', '1', 1, '2019-12-13 20:00:29', '0000-00-00 00:00:00'),
(164, 133, 0, 1, '1', '1', '1', '', 1, '2019-12-13 20:02:03', '0000-00-00 00:00:00'),
(165, 134, 0, 1, '11', '1', '1', '1', 1, '2019-12-13 20:03:06', '0000-00-00 00:00:00'),
(166, 135, 0, 1, '4', '5', '6', '7', 1, '2019-12-13 20:04:59', '0000-00-00 00:00:00'),
(167, 136, 0, 1, '4', '5', '6', '7', 1, '2019-12-13 20:06:03', '0000-00-00 00:00:00'),
(168, 137, 0, 1, '11', '1', '1', '1', 1, '2019-12-13 20:08:02', '0000-00-00 00:00:00'),
(169, 138, 0, 1, '1', '1', '1', '1', 1, '2019-12-13 20:10:26', '0000-00-00 00:00:00'),
(170, 139, 0, 1, '4', '5', '6', '1', 1, '2019-12-13 20:11:08', '0000-00-00 00:00:00'),
(171, 140, 0, 0, '4', '5', '6', '7', 1, '2019-12-13 20:12:26', '0000-00-00 00:00:00'),
(172, 141, 0, 1, '1', '1', '1', '1', 1, '2019-12-13 20:13:20', '0000-00-00 00:00:00'),
(173, 142, 0, 1, '4', '5', '5', '7', 1, '2019-12-13 20:15:59', '0000-00-00 00:00:00'),
(174, 143, 0, 1, '3', '4', '5', '6', 1, '2019-12-13 22:33:00', '0000-00-00 00:00:00'),
(175, 144, 0, 1, '3', '4', '5', '5', 1, '2019-12-13 22:37:34', '0000-00-00 00:00:00'),
(176, 145, 0, 1, '4', '5', '6', '8', 1, '2019-12-13 22:38:11', '0000-00-00 00:00:00'),
(177, 146, 0, 1, '1', '1', '1', '1', 1, '2019-12-13 23:23:26', '0000-00-00 00:00:00'),
(178, 147, 0, 1, '1', '1', '11', '1', 1, '2019-12-13 23:24:38', '0000-00-00 00:00:00'),
(179, 148, 0, 1, '1', '1', '1', '1', 1, '2019-12-13 23:33:48', '0000-00-00 00:00:00'),
(180, 149, 0, 1, '1', '1', '1', '1', 1, '2019-12-13 23:34:13', '0000-00-00 00:00:00'),
(181, 150, 0, 1, '1', '1', '1', '1', 1, '2019-12-13 23:37:34', '0000-00-00 00:00:00'),
(182, 151, 0, 1, '1', '1', '1', '1', 1, '2019-12-13 23:39:35', '0000-00-00 00:00:00'),
(183, 152, 0, 1, '1', '1', '1', '2', 1, '2019-12-14 01:52:32', '0000-00-00 00:00:00'),
(184, 153, 0, 1, '1', '1', '1', '1', 1, '2019-12-14 01:59:55', '0000-00-00 00:00:00'),
(185, 154, 0, 1, '1', '1', '1', '1', 1, '2019-12-14 02:02:09', '0000-00-00 00:00:00'),
(186, 155, 0, 1, '1', '11', '1', '1', 1, '2019-12-14 21:46:40', '0000-00-00 00:00:00'),
(187, 156, 0, 1, '1', '1', '1', '1', 1, '2019-12-14 21:50:42', '0000-00-00 00:00:00'),
(188, 157, 0, 1, '1', '1', '1', '1', 1, '2019-12-14 21:58:03', '0000-00-00 00:00:00'),
(189, 158, 0, 1, '1', '1', '1', '1', 1, '2019-12-14 21:58:54', '0000-00-00 00:00:00'),
(190, 159, 0, 1, '1', '1', '1', '1', 1, '2019-12-14 22:00:23', '0000-00-00 00:00:00'),
(191, 160, 0, 1, '1', '1', '1', '1', 1, '2019-12-15 13:24:11', '0000-00-00 00:00:00'),
(192, 161, 0, 1, '1', '1', '1', '2', 1, '2019-12-15 15:03:01', '0000-00-00 00:00:00'),
(193, 162, 0, 1, '4', '5', '6', '8', 1, '2019-12-15 20:01:38', '0000-00-00 00:00:00'),
(194, 163, 0, 1, '1', '11', '1', '1', 1, '2019-12-23 14:38:18', '0000-00-00 00:00:00'),
(195, 164, 0, 1, '1', '1', '1', '1', 1, '2019-12-23 14:50:20', '0000-00-00 00:00:00'),
(196, 165, 0, 1, '11', '1', '1', '1', 1, '2019-12-23 22:34:17', '0000-00-00 00:00:00'),
(197, 166, 0, 1, '1', '1', '1', '1', 1, '2019-12-23 22:34:51', '0000-00-00 00:00:00'),
(198, 167, 0, 1, '1', '1', '1a', '1', 1, '2019-12-23 22:35:24', '0000-00-00 00:00:00'),
(199, 168, 0, 1, '1', '1', '1', '1', 1, '2019-12-23 22:36:34', '0000-00-00 00:00:00'),
(200, 169, 0, 1, '1', '1', '1', '1', 1, '2019-12-23 22:47:10', '0000-00-00 00:00:00'),
(201, 170, 0, 1, '1', '1', '11', '1', 1, '2019-12-23 22:48:59', '0000-00-00 00:00:00'),
(202, 171, 0, 1, '1', '1', '1', '2', 1, '2019-12-23 22:59:25', '0000-00-00 00:00:00'),
(203, 172, 0, 1, '1', '1', '1', '1', 1, '2019-12-23 22:59:44', '0000-00-00 00:00:00'),
(204, 173, 0, 1, '1', '1', '1', '1', 1, '2019-12-24 14:49:50', '0000-00-00 00:00:00'),
(205, 174, 0, 1, '1', '1', '1', '1', 1, '2019-12-24 15:08:14', '0000-00-00 00:00:00'),
(206, 175, 0, 1, '11', '1', '1', '1', 1, '2019-12-24 15:09:58', '0000-00-00 00:00:00'),
(207, 176, 0, 1, '1', '1', '1', '1', 1, '2019-12-24 15:17:50', '0000-00-00 00:00:00'),
(208, 177, 0, 1, '4', '8', '6', '6', 1, '2019-12-24 15:19:35', '0000-00-00 00:00:00'),
(209, 178, 0, 1, '1', '1', '1', '1', 1, '2019-12-24 15:36:40', '0000-00-00 00:00:00'),
(210, 179, 0, 1, '1', '1', '1', '1', 1, '2019-12-24 15:44:17', '0000-00-00 00:00:00'),
(211, 180, 0, 1, '1', '1', '1s', '1', 1, '2019-12-24 15:46:03', '0000-00-00 00:00:00'),
(212, 181, 0, 1, '1', '1', '1', '1', 1, '2019-12-24 17:00:00', '0000-00-00 00:00:00'),
(213, 182, 0, 1, '11', '1', '1', '1', 1, '2019-12-26 10:06:57', '0000-00-00 00:00:00'),
(214, 183, 0, 1, '1', '1', '1', '1', 1, '2019-12-26 11:22:23', '0000-00-00 00:00:00'),
(215, 184, 0, 1, '1', '1', '11', '', 1, '2019-12-26 11:24:09', '0000-00-00 00:00:00'),
(216, 185, 0, 1, '1', '1', '11', '1', 1, '2019-12-26 11:55:05', '0000-00-00 00:00:00'),
(217, 186, 0, 1, '1', '1', '1', '1', 1, '2019-12-26 11:59:41', '0000-00-00 00:00:00'),
(218, 187, 0, 1, '1', '1', '1', '1', 1, '2019-12-26 12:04:02', '0000-00-00 00:00:00'),
(219, 188, 0, 1, '1', '1', '1', '1', 1, '2019-12-26 12:04:34', '0000-00-00 00:00:00'),
(220, 189, 0, 1, '1', '1', '1', '1', 1, '2019-12-26 12:05:13', '0000-00-00 00:00:00'),
(221, 190, 0, 1, '1', '1', '1', '1', 1, '2019-12-31 15:12:38', '0000-00-00 00:00:00'),
(222, 191, 0, 1, '65', '5', '5', '9', 1, '2019-12-31 16:26:27', '0000-00-00 00:00:00'),
(223, 192, 0, 1, '11', '1', '1', '1', 1, '2019-12-31 16:29:18', '0000-00-00 00:00:00'),
(224, 193, 0, 1, '1', '1', '1', '1', 1, '2019-12-31 16:31:56', '0000-00-00 00:00:00'),
(225, 194, 0, 2, '1', '1', '1', '11', 1, '2020-01-11 12:37:36', '0000-00-00 00:00:00'),
(226, 195, 0, 2, '1', '11', '1', '1', 1, '2020-01-11 12:40:21', '0000-00-00 00:00:00'),
(227, 196, 0, 2, '1', '1', '1', '1', 1, '2020-01-11 12:52:59', '0000-00-00 00:00:00'),
(228, 197, 0, 2, '1', '1', '1', '', 1, '2020-01-11 12:54:12', '0000-00-00 00:00:00'),
(229, 198, 0, 2, '11', '1', '1', '1', 1, '2020-01-11 13:01:08', '0000-00-00 00:00:00'),
(230, 199, 0, 2, '1', '1', '1', '1', 1, '2020-01-11 13:01:39', '0000-00-00 00:00:00'),
(231, 200, 0, 2, '11', '1', '1', '1', 1, '2020-01-11 13:06:54', '0000-00-00 00:00:00'),
(232, 201, 0, 2, '1', '1', '1', '1', 1, '2020-01-11 13:08:43', '0000-00-00 00:00:00'),
(233, 202, 0, 2, '1', '1', '1', '1', 1, '2020-01-11 13:10:11', '0000-00-00 00:00:00'),
(234, 203, 0, 2, '11', '1', '1', '1', 1, '2020-01-11 20:50:23', '0000-00-00 00:00:00'),
(235, 204, 0, 1, '1', '1', '1', '1', 1, '2020-01-11 20:53:29', '0000-00-00 00:00:00'),
(236, 205, 0, 2, '11', '1', '1', '1', 1, '2020-01-11 23:36:24', '0000-00-00 00:00:00'),
(237, 206, 0, 1, '1', '1', '1', '1', 1, '2020-01-12 15:48:54', '0000-00-00 00:00:00'),
(238, 207, 0, 2, '1', '1', '', '1', 1, '2020-01-12 15:54:28', '0000-00-00 00:00:00'),
(239, 208, 0, 1, '1', '1', '1', '1', 1, '2020-01-12 15:55:58', '0000-00-00 00:00:00'),
(240, 209, 0, 2, '1', '1', '1', '1', 1, '2020-01-12 17:36:10', '0000-00-00 00:00:00'),
(241, 210, 0, 2, '1', '1', '1', '1', 1, '2020-01-12 17:37:54', '0000-00-00 00:00:00'),
(242, 211, 0, 2, '1', '1', '1', '', 1, '2020-01-12 17:40:23', '0000-00-00 00:00:00'),
(243, 212, 0, 2, '1', '1', '1', '1', 1, '2020-01-12 17:42:53', '0000-00-00 00:00:00'),
(244, 213, 0, 1, '1', '1', '1', '1', 1, '2020-01-12 18:00:29', '0000-00-00 00:00:00'),
(245, 214, 0, 1, '1', '1', '1', '1', 1, '2020-01-12 18:18:33', '0000-00-00 00:00:00'),
(246, 215, 0, 1, '1', '1', '1', '2', 1, '2020-01-12 18:21:36', '0000-00-00 00:00:00'),
(247, 216, 0, 2, '1', '1', '1', '1', 1, '2020-01-12 19:00:50', '0000-00-00 00:00:00'),
(248, 217, 0, 1, '1', '1', '1', '1', 1, '2020-01-12 19:03:08', '0000-00-00 00:00:00'),
(249, 218, 0, 2, '1', '1', '1', '1', 1, '2020-01-12 19:03:29', '0000-00-00 00:00:00'),
(250, 219, 0, 1, '1', '1', '1', '', 1, '2020-01-12 19:06:04', '0000-00-00 00:00:00'),
(251, 220, 0, 2, 'ri', '12', 'ads', 'asd', 1, '2020-01-12 19:54:27', '0000-00-00 00:00:00'),
(252, 221, 0, 1, '1', '1', '1', '1', 1, '2020-01-12 19:57:36', '0000-00-00 00:00:00'),
(253, 222, 0, 2, '1', '1', '1', '1', 1, '2020-01-12 19:58:25', '0000-00-00 00:00:00'),
(254, 223, 0, 1, '1', '11', '1', '2', 1, '2020-01-12 20:00:21', '0000-00-00 00:00:00'),
(255, 224, 0, 2, '1', '1', '1', '1', 1, '2020-01-12 20:03:32', '0000-00-00 00:00:00'),
(256, 225, 0, 1, '1', '1', '1', '1', 1, '2020-01-12 20:04:34', '0000-00-00 00:00:00'),
(257, 226, 0, 1, '1', '1', '1', '1', 1, '2020-01-12 20:05:55', '0000-00-00 00:00:00'),
(258, 227, 0, 1, '1', '1', '1', '1', 1, '2020-01-12 20:06:42', '0000-00-00 00:00:00'),
(259, 228, 0, 1, '1', '1', '1', '', 1, '2020-01-12 20:07:50', '0000-00-00 00:00:00'),
(260, 229, 0, 1, '1', '1', '1', '', 1, '2020-01-12 20:09:29', '0000-00-00 00:00:00'),
(261, 230, 0, 1, '1', '1', '1', '', 1, '2020-01-12 20:10:14', '0000-00-00 00:00:00'),
(262, 231, 0, 1, '1', '1', '1', '1', 1, '2020-01-12 20:14:08', '0000-00-00 00:00:00'),
(263, 232, 0, 1, '11', '1', '1', '1', 1, '2020-01-12 20:21:39', '0000-00-00 00:00:00'),
(264, 233, 0, 2, 'Riva', '0158', 'Nada', 'extra', 1, '2020-01-12 20:22:04', '0000-00-00 00:00:00'),
(265, 234, 0, 2, 'riv', '015', 'nad', 'estae', 1, '2020-01-12 20:29:25', '0000-00-00 00:00:00'),
(266, 235, 0, 1, '1', '1', '1', '1', 1, '2020-01-12 20:33:33', '0000-00-00 00:00:00'),
(267, 236, 0, 1, '1', '1', '1', '1', 1, '2020-01-13 11:49:35', '0000-00-00 00:00:00'),
(268, 237, 0, 1, '1', '1', '1', '', 1, '2020-01-13 11:51:13', '0000-00-00 00:00:00'),
(269, 238, 0, 1, '1', '1', '1', '1', 1, '2020-01-13 11:51:52', '0000-00-00 00:00:00'),
(270, 239, 0, 1, '1', '1', '1', '1', 1, '2020-01-13 12:11:39', '0000-00-00 00:00:00'),
(271, 240, 0, 2, '1', '1', '1', '4', 1, '2020-01-13 12:14:15', '0000-00-00 00:00:00'),
(272, 241, 0, 1, '11', '1', '1', '5', 1, '2020-01-13 12:16:26', '0000-00-00 00:00:00'),
(273, 242, 0, 2, '5', '6', '7', '8', 1, '2020-01-13 12:18:20', '0000-00-00 00:00:00'),
(274, 243, 0, 1, '1', '1', '1', '5', 1, '2020-01-13 12:21:54', '0000-00-00 00:00:00'),
(275, 244, 0, 2, '1', '1', '1', '1', 1, '2020-01-13 12:25:01', '0000-00-00 00:00:00'),
(276, 245, 0, 1, '1', '1', '1', '1', 1, '2020-01-13 12:29:27', '0000-00-00 00:00:00'),
(277, 246, 0, 1, '1', '1', '1', '54', 1, '2020-01-13 12:30:57', '0000-00-00 00:00:00'),
(278, 247, 0, 1, '1', '1', '1', '1', 1, '2020-01-13 12:32:01', '0000-00-00 00:00:00'),
(279, 248, 0, 1, '1', '1', '1', '', 1, '2020-01-13 12:33:27', '0000-00-00 00:00:00'),
(280, 249, 0, 2, '1', '1', '1', '1', 1, '2020-01-13 12:33:48', '0000-00-00 00:00:00'),
(281, 250, 0, 1, '1', '1', '1', '1', 1, '2020-01-13 12:53:43', '0000-00-00 00:00:00'),
(282, 251, 0, 0, '', '', '', '', 1, '2020-01-13 23:20:15', '0000-00-00 00:00:00'),
(283, 252, 0, 1, '1', '1', '1', '5', 1, '2020-01-20 18:57:12', '0000-00-00 00:00:00'),
(284, 253, 0, 1, '1', '1', '11', '1', 1, '2020-01-20 19:02:41', '0000-00-00 00:00:00'),
(285, 254, 0, 1, '1', '1', '1', '1', 1, '2020-01-20 19:03:35', '0000-00-00 00:00:00'),
(286, 255, 0, 1, '1', '1', '1', '1', 1, '2020-01-20 19:05:15', '0000-00-00 00:00:00'),
(287, 256, 0, 1, '1', '1', '1', '1', 1, '2020-01-20 19:16:08', '0000-00-00 00:00:00'),
(288, 257, 0, 1, '1', '1', '1', '1', 1, '2020-01-20 19:17:26', '0000-00-00 00:00:00'),
(289, 258, 0, 1, '1', '1', '1', '1', 1, '2020-01-20 19:18:48', '0000-00-00 00:00:00'),
(290, 259, 0, 1, '1', '1', '11', '1', 1, '2020-01-20 19:20:44', '0000-00-00 00:00:00'),
(291, 260, 0, 1, '1', '1', '1', '1', 1, '2020-01-20 19:22:53', '0000-00-00 00:00:00'),
(292, 261, 0, 1, '1', '1', '1', '1', 1, '2020-01-20 19:25:54', '0000-00-00 00:00:00'),
(293, 262, 0, 1, '1', '1', '1', '1', 1, '2020-01-20 19:55:00', '0000-00-00 00:00:00'),
(294, 263, 0, 1, '1', '1', '11', '1', 1, '2020-01-20 19:57:44', '0000-00-00 00:00:00'),
(295, 264, 0, 1, '1', '1', '1', '1', 1, '2020-01-20 20:01:55', '0000-00-00 00:00:00'),
(296, 265, 0, 1, '1', '1', '1', '1', 1, '2020-01-20 20:02:23', '0000-00-00 00:00:00'),
(297, 266, 0, 1, '1', '1', '1', '2', 1, '2020-01-20 20:03:04', '0000-00-00 00:00:00'),
(298, 267, 0, 1, '1', '1', '1', '', 1, '2020-01-20 20:29:36', '0000-00-00 00:00:00'),
(299, 268, 0, 1, '1', '1', '1', '1', 1, '2020-01-20 20:39:31', '0000-00-00 00:00:00'),
(300, 269, 0, 1, '1', '1', '1', '1', 1, '2020-01-20 20:40:49', '0000-00-00 00:00:00'),
(301, 270, 0, 1, '1', '1', '1', '2', 1, '2020-01-20 20:44:27', '0000-00-00 00:00:00'),
(302, 271, 0, 1, '1', '1', '1', '1', 1, '2020-01-20 20:46:29', '0000-00-00 00:00:00'),
(303, 272, 0, 1, '1', '1', '11', '1', 1, '2020-01-20 20:47:16', '0000-00-00 00:00:00'),
(304, 273, 0, 1, '1', '1', '1', '1', 1, '2020-01-20 20:47:44', '0000-00-00 00:00:00'),
(305, 274, 0, 1, '1', '1', '1', '1', 1, '2020-01-20 20:49:28', '0000-00-00 00:00:00'),
(306, 275, 0, 1, '1', '1', '1', '1', 1, '2020-01-20 20:52:31', '0000-00-00 00:00:00'),
(307, 276, 0, 1, '1', '1', '1', '1', 1, '2020-01-20 20:53:00', '0000-00-00 00:00:00'),
(308, 277, 0, 1, '1', '1', '1', '1', 1, '2020-01-20 20:53:21', '0000-00-00 00:00:00'),
(309, 278, 0, 2, '1', '1', '1', '5', 1, '2020-01-20 20:55:52', '0000-00-00 00:00:00'),
(310, 279, 0, 1, '1', '11', '1', '1', 1, '2020-01-20 20:56:40', '0000-00-00 00:00:00'),
(311, 280, 0, 1, '1', '1', '1', '1', 1, '2020-01-20 21:19:10', '0000-00-00 00:00:00'),
(312, 281, 0, 1, '1', '1', '1', '1', 1, '2020-01-20 21:25:17', '0000-00-00 00:00:00'),
(313, 282, 0, 1, '1', '1', '1', '', 1, '2020-01-21 15:47:29', '0000-00-00 00:00:00'),
(314, 283, 0, 1, '1', '1', '1', '1', 1, '2020-01-21 15:56:09', '0000-00-00 00:00:00'),
(315, 284, 0, 1, '1', '1', '1', '1', 1, '2020-01-21 15:57:00', '0000-00-00 00:00:00'),
(316, 285, 0, 1, '1', '1', '', '1', 1, '2020-01-21 15:58:19', '0000-00-00 00:00:00'),
(317, 286, 0, 1, '1', '1', '1', '1', 1, '2020-01-21 21:14:24', '0000-00-00 00:00:00'),
(318, 287, 0, 1, '1', '1', '1', '1', 1, '2020-01-21 21:18:59', '0000-00-00 00:00:00'),
(319, 288, 0, 1, '1', '1', '1', '', 1, '2020-01-21 22:29:32', '0000-00-00 00:00:00'),
(320, 289, 0, 1, '1', '1', '1', '1', 1, '2020-01-22 13:24:53', '0000-00-00 00:00:00'),
(321, 290, 0, 0, '', '', '', '', 1, '2020-01-22 13:25:11', '0000-00-00 00:00:00'),
(322, 291, 0, 1, '1', '1', '1', '1', 1, '2020-01-25 20:09:24', '0000-00-00 00:00:00'),
(323, 292, 0, 1, '1', '1', '1', '1', 1, '2020-01-25 20:13:42', '0000-00-00 00:00:00'),
(324, 293, 0, 0, '', '', '', '', 1, '2020-02-08 19:41:34', '0000-00-00 00:00:00'),
(325, 294, 0, 0, '', '', '', '', 1, '2020-02-08 19:42:07', '0000-00-00 00:00:00'),
(326, 295, 0, 0, '', '', '', '', 1, '2020-02-15 17:38:21', '0000-00-00 00:00:00'),
(327, 296, 0, 0, '', '', '', '', 1, '2020-02-15 17:40:55', '0000-00-00 00:00:00'),
(328, 297, 0, 0, '', '', '', '', 1, '2020-02-15 17:42:13', '0000-00-00 00:00:00'),
(329, 298, 0, 0, '', '', '', '', 1, '2020-02-15 17:42:44', '0000-00-00 00:00:00'),
(330, 299, 0, 0, '', '', '', '', 1, '2020-02-15 17:58:49', '0000-00-00 00:00:00'),
(331, 300, 0, 0, '', '', '', '', 1, '2020-02-15 18:52:24', '0000-00-00 00:00:00'),
(332, 301, 0, 0, '', '', '', '', 1, '2020-02-15 21:13:19', '0000-00-00 00:00:00'),
(333, 302, 0, 0, '', '', '', '', 1, '2020-02-15 21:17:40', '0000-00-00 00:00:00'),
(334, 303, 0, 0, '', '', '', '', 1, '2020-02-15 21:29:58', '0000-00-00 00:00:00'),
(335, 304, 0, 0, '', '', '', '', 1, '2020-02-15 21:41:29', '0000-00-00 00:00:00'),
(336, 305, 0, 0, '', '', '', '', 1, '2020-02-15 21:43:04', '0000-00-00 00:00:00'),
(337, 306, 0, 0, '', '', '', '', 1, '2020-02-15 21:43:40', '0000-00-00 00:00:00'),
(338, 307, 0, 0, '', '', '', '', 1, '2020-02-15 21:44:59', '0000-00-00 00:00:00'),
(339, 308, 0, 1, '1', '1', '1', '1', 1, '2020-02-15 21:46:57', '0000-00-00 00:00:00'),
(340, 309, 0, 1, '1', '1', '1', '1', 1, '2020-02-22 13:22:04', '0000-00-00 00:00:00'),
(341, 310, 0, 0, '', '', '', '', 1, '2020-02-22 15:20:56', '0000-00-00 00:00:00'),
(342, 311, 0, 1, '1', '1', '1', '1', 1, '2020-02-22 15:21:10', '0000-00-00 00:00:00'),
(343, 312, 0, 1, '1', '1', '1', '1', 1, '2020-02-22 15:23:57', '0000-00-00 00:00:00'),
(344, 313, 0, 1, '1', '1', '1', '1', 1, '2020-02-22 15:24:24', '0000-00-00 00:00:00'),
(345, 314, 0, 1, '1', '1', '1', '1', 1, '2020-02-22 15:36:21', '0000-00-00 00:00:00'),
(346, 315, 0, 0, '', '', '', '', 1, '2020-02-22 21:23:58', '0000-00-00 00:00:00'),
(347, 316, 0, 1, '1', '1', '1', '1', 1, '2020-02-23 10:38:19', '0000-00-00 00:00:00'),
(348, 317, 0, 1, '1', '1', '1', '1', 1, '2020-02-23 16:08:54', '0000-00-00 00:00:00'),
(349, 318, 0, 0, '', '', '', '', 1, '2020-02-23 22:16:42', '0000-00-00 00:00:00'),
(350, 319, 0, 1, '', '', '', '', 1, '2020-02-28 14:04:12', '0000-00-00 00:00:00'),
(351, 320, 0, 1, '1|2|3', '1', '2', '3', 1, '2020-02-28 14:07:42', '0000-00-00 00:00:00'),
(352, 321, 0, 0, '', '', '', '', 1, '2020-02-28 14:33:16', '0000-00-00 00:00:00'),
(353, 322, 0, 0, '', '', '', '', 1, '2020-02-28 14:35:51', '0000-00-00 00:00:00'),
(354, 323, 0, 0, '', '', '', '', 1, '2020-02-28 14:41:30', '0000-00-00 00:00:00'),
(355, 324, 0, 2, '', '', '', '', 1, '2020-02-28 15:03:03', '0000-00-00 00:00:00'),
(357, 326, 0, 4, '', '', '', '', 1, '2020-02-28 15:10:55', '0000-00-00 00:00:00'),
(358, 327, 0, 4, '', '', '', '', 1, '2020-02-28 15:12:17', '0000-00-00 00:00:00'),
(359, 328, 0, 4, '', '', '', '', 1, '2020-02-28 15:26:05', '0000-00-00 00:00:00'),
(360, 329, 0, 4, '', '', '', '', 1, '2020-02-28 15:27:26', '0000-00-00 00:00:00'),
(361, 330, 0, 4, '', '', '', '', 1, '2020-02-28 15:32:43', '0000-00-00 00:00:00'),
(362, 331, 0, 2, '', '', '', '', 1, '2020-03-01 15:29:45', '0000-00-00 00:00:00'),
(363, 332, 0, 4, '', '', '', '', 1, '2020-03-01 15:30:02', '0000-00-00 00:00:00'),
(364, 333, 0, 4, '', '', '', '', 1, '2020-03-01 15:53:25', '0000-00-00 00:00:00'),
(365, 334, 0, 2, '', '', '', '', 1, '2020-03-01 15:57:08', '0000-00-00 00:00:00'),
(366, 335, 0, 1, '', '', '', '', 1, '2020-03-01 15:57:41', '0000-00-00 00:00:00'),
(367, 336, 0, 3, '', '', '', '', 1, '2020-03-01 15:59:10', '0000-00-00 00:00:00'),
(368, 337, 0, 3, '', '', '', '', 1, '2020-03-01 16:05:51', '0000-00-00 00:00:00'),
(369, 338, 0, 3, '', '', '', '', 1, '2020-03-01 16:08:13', '0000-00-00 00:00:00'),
(370, 339, 0, 3, '', '', '', '', 1, '2020-03-01 16:08:57', '0000-00-00 00:00:00'),
(371, 340, 0, 4, '', '', '', '', 1, '2020-03-01 16:10:09', '0000-00-00 00:00:00'),
(372, 341, 0, 4, '', '', '', '', 1, '2020-03-01 18:12:34', '0000-00-00 00:00:00'),
(373, 342, 0, 4, '', '', '', '', 1, '2020-03-01 18:19:38', '0000-00-00 00:00:00'),
(374, 343, 0, 2, '', '', '', '', 1, '2020-03-01 18:19:52', '0000-00-00 00:00:00'),
(375, 344, 0, 2, '', '', '', '', 1, '2020-03-01 18:20:27', '0000-00-00 00:00:00'),
(376, 345, 0, 2, '1', '1', '1', '', 1, '2020-03-01 18:21:51', '0000-00-00 00:00:00'),
(377, 346, 0, 1, '', '', '', '', 1, '2020-03-01 18:22:23', '0000-00-00 00:00:00'),
(378, 347, 0, 2, '', '', '', '', 1, '2020-03-01 18:23:41', '0000-00-00 00:00:00'),
(379, 348, 0, 4, '', '', '', '', 1, '2020-03-01 18:24:02', '0000-00-00 00:00:00'),
(380, 349, 0, 3, '', '', '', '', 1, '2020-03-01 18:26:29', '0000-00-00 00:00:00'),
(381, 350, 0, 1, '', '', '', '', 1, '2020-03-01 18:31:44', '0000-00-00 00:00:00'),
(382, 351, 0, 3, '', '', '', '', 1, '2020-03-01 18:32:00', '0000-00-00 00:00:00'),
(383, 352, 0, 4, '', '', '', '', 1, '2020-03-01 18:32:09', '0000-00-00 00:00:00'),
(384, 353, 0, 5, '', '', '', '', 1, '2020-03-01 18:32:20', '0000-00-00 00:00:00'),
(385, 354, 0, 5, '11', '1', '1', '', 1, '2020-03-01 19:17:27', '0000-00-00 00:00:00'),
(386, 355, 0, 5, 'q', 'q', 'q', '', 1, '2020-03-01 20:58:04', '0000-00-00 00:00:00'),
(387, 356, 0, 5, '1', '1', '1', '', 1, '2020-03-01 21:02:29', '0000-00-00 00:00:00'),
(388, 357, 0, 5, '1', '1', '1', '5', 1, '2020-03-01 21:04:42', '0000-00-00 00:00:00'),
(389, 358, 0, 5, '1', '1', '1', '', 1, '2020-03-01 21:07:06', '0000-00-00 00:00:00'),
(390, 359, 0, 5, '1', '1', '1', '', 1, '2020-03-01 21:13:41', '0000-00-00 00:00:00'),
(391, 360, 0, 5, '1', '1', '1', '', 1, '2020-03-01 21:14:11', '0000-00-00 00:00:00'),
(392, 361, 0, 5, '1', '1', '1', '', 1, '2020-03-01 21:15:02', '0000-00-00 00:00:00'),
(393, 362, 0, 5, '1', '1', '1', '', 1, '2020-03-01 21:17:28', '0000-00-00 00:00:00'),
(394, 363, 0, 1, '1', '1', '1', '4', 1, '2020-03-01 21:17:42', '0000-00-00 00:00:00'),
(395, 364, 0, 5, '1', '1', '1', '4', 1, '2020-03-01 21:55:26', '0000-00-00 00:00:00'),
(396, 365, 0, 4, '1', '1', '1', '4', 1, '2020-03-01 21:57:39', '0000-00-00 00:00:00'),
(397, 366, 0, 3, '1', '1', '1', '', 1, '2020-03-02 14:07:35', '0000-00-00 00:00:00'),
(398, 367, 0, 1, '1', '1', '1', '', 1, '2020-03-02 14:07:52', '0000-00-00 00:00:00'),
(399, 368, 0, 2, '1', '1', '1', '', 1, '2020-03-02 14:15:35', '0000-00-00 00:00:00'),
(400, 369, 0, 1, '1', '1', '1', '', 1, '2020-03-02 14:16:04', '0000-00-00 00:00:00'),
(401, 370, 0, 0, '', '', '', '', 1, '2020-03-06 02:03:48', '0000-00-00 00:00:00'),
(402, 371, 0, 4, '', '', '', '', 1, '2020-03-07 14:58:11', '0000-00-00 00:00:00'),
(403, 372, 0, 2, '1', '1', '1', '', 1, '2020-03-16 09:34:16', '0000-00-00 00:00:00'),
(404, 373, 0, 1, '1', '1', '1', '', 1, '2020-03-16 22:42:09', '0000-00-00 00:00:00'),
(405, 374, 0, 2, '1', '1', '1', '1', 1, '2020-03-16 22:53:16', '0000-00-00 00:00:00'),
(406, 375, 0, 2, '1', '1', '1', '2', 1, '2020-03-19 21:38:54', '0000-00-00 00:00:00'),
(407, 376, 0, 1, '1', '1', '1', '1', 1, '2020-03-24 23:06:59', '0000-00-00 00:00:00'),
(408, 377, 0, 1, '1', '1', '1', '1', 1, '2020-03-24 23:10:26', '0000-00-00 00:00:00'),
(409, 378, 0, 1, '1', '1', '1', '1', 1, '2020-03-26 11:11:24', '0000-00-00 00:00:00'),
(410, 379, 0, 0, '', '', '', '', 1, '2020-03-26 11:36:05', '0000-00-00 00:00:00'),
(411, 380, 0, 0, '', '', '', '', 1, '2020-03-26 11:38:41', '0000-00-00 00:00:00'),
(412, 381, 0, 0, '', '', '', '', 1, '2020-03-26 11:39:18', '0000-00-00 00:00:00'),
(413, 382, 0, 0, '', '', '', '', 1, '2020-03-26 11:43:05', '0000-00-00 00:00:00'),
(414, 383, 0, 0, '', '', '', '', 1, '2020-03-26 11:47:48', '0000-00-00 00:00:00'),
(415, 384, 0, 1, '1', '1', '1', '1', 1, '2020-03-29 18:55:55', '0000-00-00 00:00:00'),
(416, 385, 0, 1, '1', '1', '1', '1', 1, '2020-03-29 18:58:08', '0000-00-00 00:00:00'),
(417, 386, 0, 1, '1', '1', '1', '', 1, '2020-03-29 18:59:10', '0000-00-00 00:00:00'),
(418, 387, 0, 0, '', '', '', '', 1, '2020-04-04 17:25:12', '0000-00-00 00:00:00'),
(419, 388, 0, 0, '', '', '', '', 1, '2020-04-04 17:25:47', '0000-00-00 00:00:00'),
(420, 389, 0, 0, '', '', '', '', 1, '2020-04-04 17:26:29', '0000-00-00 00:00:00'),
(421, 390, 0, 0, '', '', '', '', 1, '2020-04-04 17:30:36', '0000-00-00 00:00:00'),
(422, 391, 0, 0, '', '', '', '', 1, '2020-04-04 17:31:48', '0000-00-00 00:00:00'),
(423, 392, 0, 0, '', '', '', '', 1, '2020-04-04 17:33:05', '0000-00-00 00:00:00'),
(424, 393, 0, 0, '', '', '', '', 1, '2020-04-04 17:58:35', '0000-00-00 00:00:00'),
(425, 394, 0, 0, '', '', '', '', 1, '2020-04-04 17:59:42', '0000-00-00 00:00:00'),
(426, 395, 0, 0, '', '', '', '', 1, '2020-04-04 18:00:39', '0000-00-00 00:00:00'),
(427, 396, 0, 0, '', '', '', '', 1, '2020-04-04 18:09:19', '0000-00-00 00:00:00'),
(428, 397, 0, 0, '', '', '', '', 1, '2020-04-04 20:36:34', '0000-00-00 00:00:00'),
(429, 398, 0, 1, '1', '1', '1', '1', 1, '2020-04-08 18:50:57', '0000-00-00 00:00:00'),
(430, 399, 0, 1, '1', '11', '1', '1', 1, '2020-04-08 18:54:51', '0000-00-00 00:00:00'),
(431, 400, 0, 1, '1', '1', '1', '1', 1, '2020-04-09 13:23:30', '0000-00-00 00:00:00'),
(432, 401, 0, 2, '1', '1', '1', '1', 1, '2020-04-09 13:33:52', '0000-00-00 00:00:00'),
(433, 402, 0, 1, '1', '1', '1', '1', 1, '2020-04-09 13:54:24', '0000-00-00 00:00:00'),
(434, 403, 0, 1, '1', '1', '1', '', 1, '2020-04-09 13:58:53', '0000-00-00 00:00:00'),
(435, 404, 0, 1, '111', '11', '1', '', 1, '2020-04-09 14:01:06', '0000-00-00 00:00:00'),
(436, 405, 0, 1, '11', '1', '1', '', 1, '2020-04-09 14:01:56', '0000-00-00 00:00:00'),
(437, 406, 0, 1, '1', '1', '1', '', 1, '2020-04-09 14:02:42', '0000-00-00 00:00:00'),
(438, 407, 0, 1, '1', '1', '1', '', 1, '2020-04-09 14:03:26', '0000-00-00 00:00:00'),
(439, 408, 0, 1, '1', '1', '1', '', 1, '2020-04-09 14:04:47', '0000-00-00 00:00:00'),
(440, 409, 0, 1, '1', '1', '1', '1', 1, '2020-04-09 17:44:31', '0000-00-00 00:00:00'),
(441, 410, 0, 1, '1', '1', '1', '', 1, '2020-04-09 17:45:22', '0000-00-00 00:00:00'),
(442, 411, 0, 1, '11', '1', '11', '2', 1, '2020-04-09 17:46:48', '0000-00-00 00:00:00'),
(443, 412, 0, 1, '1', '1', '1', '', 1, '2020-04-09 17:47:17', '0000-00-00 00:00:00'),
(444, 413, 0, 1, '11', '1', '1', '1', 1, '2020-04-09 17:47:59', '0000-00-00 00:00:00'),
(445, 414, 0, 1, '1', '1', '1', '1', 1, '2020-04-10 09:10:57', '0000-00-00 00:00:00'),
(446, 415, 0, 1, '1', '11', '1', '1', 1, '2020-04-10 09:39:56', '0000-00-00 00:00:00'),
(447, 416, 0, 1, 'li', 'li', 'li', '', 1, '2020-04-10 09:44:59', '0000-00-00 00:00:00'),
(448, 417, 0, 1, '1', '1', '1', '1', 1, '2020-04-10 09:48:49', '0000-00-00 00:00:00'),
(449, 418, 0, 1, '1', '1', '1', '1', 1, '2020-04-10 09:50:03', '0000-00-00 00:00:00'),
(450, 419, 0, 1, 'is', 'i', 's', '', 1, '2020-04-10 09:52:03', '0000-00-00 00:00:00'),
(451, 420, 0, 1, '4', '44', '4', '', 1, '2020-04-10 09:56:39', '0000-00-00 00:00:00'),
(452, 421, 0, 1, '1', '1', '1', '2', 1, '2020-04-10 09:57:32', '0000-00-00 00:00:00'),
(453, 422, 0, 1, '1', '1', '1', '1', 1, '2020-04-10 10:00:56', '0000-00-00 00:00:00'),
(454, 423, 0, 1, '1', '11', '1', '', 1, '2020-04-10 10:02:15', '0000-00-00 00:00:00'),
(455, 424, 0, 1, '11', '1', '1', '', 1, '2020-04-10 10:03:56', '0000-00-00 00:00:00'),
(456, 425, 0, 2, '1', '1', '1', '2', 1, '2020-04-10 10:05:40', '0000-00-00 00:00:00'),
(457, 426, 0, 1, '1', '1', '1', '2', 1, '2020-04-10 10:07:56', '0000-00-00 00:00:00'),
(458, 427, 0, 1, '1', '1', '1', '1', 1, '2020-04-11 06:02:14', '0000-00-00 00:00:00'),
(459, 428, 0, 1, '1', '1', '1', '1', 1, '2020-04-11 06:06:34', '0000-00-00 00:00:00'),
(460, 429, 0, 1, '1', '1', '1', '', 1, '2020-04-11 06:07:18', '0000-00-00 00:00:00'),
(461, 430, 0, 1, '1', '1', '1', '', 1, '2020-04-11 06:08:09', '0000-00-00 00:00:00'),
(462, 431, 0, 1, '1', '1', '1', '1', 1, '2020-04-11 06:11:54', '0000-00-00 00:00:00'),
(463, 432, 0, 1, '1', '1', '1', '1', 1, '2020-04-11 06:12:45', '0000-00-00 00:00:00'),
(464, 433, 0, 0, '', '', '', '', 1, '2020-04-14 20:58:20', '0000-00-00 00:00:00'),
(465, 434, 0, 0, '', '', '', '', 1, '2020-04-14 21:00:28', '0000-00-00 00:00:00'),
(466, 435, 0, 0, '', '', '', '', 1, '2020-04-14 21:03:23', '0000-00-00 00:00:00'),
(467, 436, 0, 0, '', '', '', '', 1, '2020-04-14 21:05:22', '0000-00-00 00:00:00'),
(468, 437, 0, 0, '', '', '', '', 1, '2020-04-14 21:06:47', '0000-00-00 00:00:00'),
(469, 438, 0, 0, '', '', '', '', 1, '2020-04-14 23:17:18', '0000-00-00 00:00:00');

-- --------------------------------------------------------

--
-- Estructura de tabla para la tabla `buyers_cart_products`
--

CREATE TABLE `buyers_cart_products` (
  `id` int(11) NOT NULL,
  `buyerID` int(11) NOT NULL,
  `token` varchar(100) NOT NULL,
  `productID` int(11) NOT NULL,
  `price` float NOT NULL,
  `amount` int(11) NOT NULL,
  `offert` float NOT NULL,
  `stock` int(11) NOT NULL,
  `dateAdded` timestamp NOT NULL DEFAULT CURRENT_TIMESTAMP,
  `lastUpdate` timestamp NOT NULL DEFAULT CURRENT_TIMESTAMP,
  `isActive` tinyint(4) NOT NULL DEFAULT '1'
) ENGINE=InnoDB DEFAULT CHARSET=utf8;

--
-- Volcado de datos para la tabla `buyers_cart_products`
--

INSERT INTO `buyers_cart_products` (`id`, `buyerID`, `token`, `productID`, `price`, `amount`, `offert`, `stock`, `dateAdded`, `lastUpdate`, `isActive`) VALUES
(1, 1, '', 1, 15, 22, 0, 0, '2019-12-02 21:44:50', '0000-00-00 00:00:00', 0),
(2, 1, '', 2, 22, 100, 1, 0, '2019-12-02 21:44:50', '0000-00-00 00:00:00', 0),
(3, 1, '', 3, 4, 12, 0, 0, '2019-12-02 21:44:50', '0000-00-00 00:00:00', 0),
(4, 1, '', 1, 2, 15, 3, 0, '2019-12-08 22:41:03', '0000-00-00 00:00:00', 0),
(5, 1, '', 1, 5.2, 110, 0, 0, '2019-12-08 23:11:05', '0000-00-00 00:00:00', 0),
(6, 1, '', 2, 36.4, 0, 0, 0, '2019-12-08 23:18:47', '2019-12-08 23:18:47', 0),
(7, 1, '', 23, 30, 10, 0, 0, '2019-12-08 23:18:49', '0000-00-00 00:00:00', 0),
(8, 1, '', 2, 36.4, 0, 0, 0, '2019-12-08 23:20:21', '2019-12-08 23:20:21', 0),
(9, 1, '', 1, 5.2, 0, 0, 0, '2019-12-08 23:21:18', '2019-12-08 23:21:18', 0),
(10, 1, '', 2, 36.4, 19, 0, 0, '2019-12-08 23:22:47', '0000-00-00 00:00:00', 0),
(11, 1, '', 23, 30, 0, 0, 0, '2019-12-08 23:22:51', '2019-12-08 23:22:51', 0),
(12, 1, '', 23, 30, 0, 0, 0, '2019-12-08 23:25:15', '2019-12-08 23:25:15', 0),
(13, 1, '', 21, 57.2, 0, 0, 0, '2019-12-08 23:25:17', '2019-12-08 23:25:17', 0),
(14, 1, '', 2, 36.4, 18, 0, 0, '2019-12-08 23:26:34', '0000-00-00 00:00:00', 0),
(15, 1, '', 23, 30, 2, 0, 0, '2019-12-08 23:26:36', '0000-00-00 00:00:00', 0),
(16, 1, '', 1, 5.2, 1, 0, 0, '2019-12-08 23:29:12', '2019-12-09 00:05:34', 0),
(17, 1, '', 2, 36.4, 18, 0, 0, '2019-12-08 23:56:24', '0000-00-00 00:00:00', 0),
(18, 1, '', 3, 19.5, 17, 0, 0, '2019-12-09 00:20:27', '0000-00-00 00:00:00', 0),
(19, 1, '', 3, 19.5, 1, 0, 0, '2019-12-09 00:20:44', '2019-12-09 00:24:33', 0),
(20, 1, '', 2, 36.4, 1, 0, 0, '2019-12-09 00:22:00', '2019-12-09 00:22:55', 0),
(21, 1, '', 3, 19.5, 1, 0, 0, '2019-12-09 00:22:03', '2019-12-09 00:24:59', 0),
(22, 1, '', 2, 36.4, 1, 0, 0, '2019-12-09 00:22:55', '2019-12-09 00:23:09', 0),
(23, 1, '', 2, 36.4, 1, 0, 0, '2019-12-09 00:24:21', '2019-12-09 03:41:31', 0),
(24, 1, '', 2, 36.4, 3, 0, 0, '2019-12-09 00:24:57', '2019-12-09 01:50:27', 0),
(25, 1, '', 3, 19.5, 1, 0, 0, '2019-12-09 00:27:01', '2019-12-09 00:28:36', 0),
(26, 1, '', 1, 5.2, 1, 0, 0, '2019-12-09 00:27:45', '2019-12-09 01:50:25', 0),
(27, 1, '', 3, 19.5, 1, 0, 0, '2019-12-09 00:28:10', '2019-12-09 01:50:25', 0),
(28, 1, '', 23, 30, 1, 0, 0, '2019-12-09 00:28:19', '2019-12-09 01:50:25', 0),
(29, 1, '', 22, 25, 1, 0, 0, '2019-12-09 00:28:21', '2019-12-09 01:50:24', 0),
(30, 1, '', 21, 57.2, 1, 0, 0, '2019-12-09 00:28:23', '2019-12-09 01:50:24', 0),
(31, 1, '', 2, 36.4, 1, 0, 0, '2019-12-09 01:38:45', '2019-12-09 02:55:51', 0),
(32, 1, '', 3, 19.5, 1, 0, 0, '2019-12-09 01:39:28', '2019-12-09 01:50:23', 0),
(33, 1, '', 1, 5.2, 1, 0, 0, '2019-12-09 01:41:02', '2019-12-09 01:50:22', 0),
(34, 1, '', 1, 5.2, 1, 0, 0, '2019-12-09 01:41:08', '2019-12-09 01:50:22', 0),
(35, 1, '', 1, 5.2, 1, 0, 0, '2019-12-09 01:50:52', '2019-12-09 02:56:37', 0),
(36, 1, '', 1, 5.2, 1, 0, 0, '2019-12-09 02:58:04', '2019-12-09 03:18:07', 0),
(37, 1, '', 2, 36.4, 1, 0, 0, '2019-12-09 02:58:56', '2019-12-09 03:20:34', 0),
(38, 1, '', 3, 19.5, 1, 0, 0, '2019-12-09 03:00:09', '2019-12-09 03:21:33', 0),
(39, 1, '', 21, 57.2, 1, 0, 0, '2019-12-09 03:02:18', '2019-12-09 03:20:31', 0),
(40, 1, '', 22, 25, 1, 0, 0, '2019-12-09 03:03:30', '2019-12-09 03:21:41', 0),
(41, 1, '', 23, 30, 1, 0, 0, '2019-12-09 03:08:29', '2019-12-09 03:21:47', 0),
(42, 1, '', 1, 5.2, 3, 0, 0, '2019-12-09 03:27:27', '2019-12-09 03:48:19', 0),
(43, 1, '', 2, 36.4, 1, 0, 0, '2019-12-09 03:27:50', '2019-12-09 03:50:39', 0),
(44, 1, '', 3, 19.5, 1, 0, 0, '2019-12-09 03:37:16', '2019-12-09 03:53:28', 0),
(45, 1, '', 23, 30, 4, 0, 0, '2019-12-09 03:41:27', '2019-12-09 04:06:06', 0),
(46, 1, '', 22, 25, 1, 0, 0, '2019-12-09 03:46:11', '2019-12-09 03:50:42', 0),
(47, 1, '', 2, 36.4, 1, 0, 0, '2019-12-09 03:53:45', '2019-12-09 04:06:07', 0),
(48, 1, '', 2, 36.4, 1, 0, 0, '2019-12-09 04:06:10', '2019-12-09 04:08:31', 0),
(49, 1, '', 2, 36.4, 1, 0, 0, '2019-12-09 13:32:53', '2019-12-09 13:36:33', 0),
(50, 1, '', 1, 5.2, 1, 0, 0, '2019-12-09 13:33:11', '2019-12-09 13:38:50', 0),
(51, 1, '', 1, 5.2, 99, 0, 0, '2019-12-09 14:20:53', '2019-12-09 14:32:23', 0),
(52, 1, '', 2, 36.4, 1, 0, 0, '2019-12-09 14:20:55', '2019-12-09 14:20:55', 0),
(53, 0, '8vi6suya5layerqgihjyz', 1, 5.2, 100, 0, 0, '2019-12-09 17:15:20', '2019-12-10 09:58:57', 0),
(54, 0, '8vi6suya5layerqgihjyz', 2, 36.4, 1, 0, 0, '2019-12-09 17:15:22', '2019-12-10 09:58:58', 0),
(55, 0, '8tiakh52t5ugto62nz1flq', 2, 1, 1, 0, 0, '2019-12-10 12:10:16', '2019-12-10 12:12:10', 0),
(56, 0, '8tiakh52t5ugto62nz1flq', 1, 1, 1, 9, 0, '2019-12-10 12:10:18', '2019-12-10 12:12:10', 0),
(57, 0, '8tiakh52t5ugto62nz1flq', 4, 1, 10, 70, 0, '2019-12-10 12:10:20', '2019-12-10 12:12:10', 0),
(58, 35, '8tiakh52t5ugto62nz1flq', 0, 1, 1, 0, 0, '2019-12-10 12:12:17', '2019-12-11 08:19:07', 0),
(59, 35, '8tiakh52t5ugto62nz1flq', 3, 1, 1, 4, 0, '2019-12-10 12:12:22', '2019-12-11 08:28:43', 0),
(60, 36, '8tiakh52t5ugto62nz1flq', 4, 1, 10, 70, 0, '2019-12-10 12:13:22', '2019-12-11 08:28:43', 0),
(61, 0, '8tiakh52t5ugto62nz1flq', 2, 1, 1, 0, 0, '2019-12-10 12:39:39', '2019-12-11 08:28:43', 0),
(62, 0, '8tiakh52t5ugto62nz1flq', 0, 1, 1, 0, 0, '2019-12-10 14:34:50', '2019-12-11 08:19:02', 0),
(63, 0, '8tiakh52t5ugto62nz1flq', 0, 1, 1, 0, 0, '2019-12-10 14:35:10', '2019-12-11 08:19:03', 0),
(64, 0, '8tiakh52t5ugto62nz1flq', 0, 1, 1, 0, 0, '2019-12-10 14:35:41', '2019-12-11 08:19:03', 0),
(65, 0, '8tiakh52t5ugto62nz1flq', 0, 1, 1, 0, 0, '2019-12-10 14:38:47', '2019-12-11 08:19:03', 0),
(66, 0, '8tiakh52t5ugto62nz1flq', 0, 1, 1, 0, 0, '2019-12-10 14:53:38', '2019-12-11 08:28:43', 0),
(67, 0, '8tiakh52t5ugto62nz1flq', 4, 1, 10, 70, 0, '2019-12-11 08:32:38', '2019-12-11 08:34:28', 0),
(68, 0, '8tiakh52t5ugto62nz1flq', 2, 1, 501, 0, 0, '2019-12-11 10:38:09', '2019-12-11 11:49:01', 0),
(69, 0, '8tiakh52t5ugto62nz1flq', 1, 1, 1, 9, 0, '2019-12-11 11:52:30', '2019-12-12 14:26:03', 0),
(70, 0, '9edejks8t36soe19k239ti', 1, 1, 1, 9, 0, '2019-12-11 13:54:13', '2019-12-11 13:54:13', 0),
(71, 0, '8tiakh52t5ugto62nz1flq', 0, 1, 1, 0, 0, '2019-12-12 14:19:48', '2019-12-12 14:23:30', 0),
(72, 0, '8tiakh52t5ugto62nz1flq', 0, 1, 1, 0, 0, '2019-12-12 14:19:50', '2019-12-12 14:23:50', 0),
(73, 0, '8tiakh52t5ugto62nz1flq', 0, 1, 1, 0, 0, '2019-12-12 14:19:51', '2019-12-12 14:23:55', 0),
(74, 0, '8tiakh52t5ugto62nz1flq', 1, 1, 1, 9, 0, '2019-12-12 14:19:52', '2019-12-12 16:21:14', 0),
(75, 0, '8tiakh52t5ugto62nz1flq', 0, 1, 1, 0, 0, '2019-12-12 14:19:54', '2019-12-12 14:24:13', 0),
(76, 0, '8tiakh52t5ugto62nz1flq', 0, 1, 1, 0, 0, '2019-12-12 14:19:55', '2019-12-12 14:25:23', 0),
(77, 0, '8tiakh52t5ugto62nz1flq', 0, 1, 1, 0, 0, '2019-12-12 14:19:56', '2019-12-12 14:25:43', 0),
(78, 0, '8tiakh52t5ugto62nz1flq', 1, 1, 1, 9, 0, '2019-12-12 14:20:01', '2019-12-12 16:21:14', 0),
(79, 0, '8tiakh52t5ugto62nz1flq', 1, 1, 1, 9, 0, '2019-12-12 14:20:07', '2019-12-12 16:21:15', 0),
(80, 0, '8tiakh52t5ugto62nz1flq', 1, 1, 1, 9, 0, '2019-12-12 14:20:08', '2019-12-12 16:21:15', 0),
(81, 0, '8tiakh52t5ugto62nz1flq', 1, 1, 1, 9, 0, '2019-12-12 14:20:12', '2019-12-12 16:21:15', 0),
(82, 0, '8tiakh52t5ugto62nz1flq', 1, 1, 1, 9, 0, '2019-12-12 14:20:12', '2019-12-12 16:21:15', 0),
(83, 0, '8tiakh52t5ugto62nz1flq', 1, 1, 1, 9, 0, '2019-12-12 14:20:12', '2019-12-12 16:21:16', 0),
(84, 0, '8tiakh52t5ugto62nz1flq', 1, 1, 1, 9, 0, '2019-12-12 14:20:13', '2019-12-12 16:21:16', 0),
(85, 0, '8tiakh52t5ugto62nz1flq', 1, 1, 1, 9, 0, '2019-12-12 14:20:13', '2019-12-12 16:21:17', 0),
(86, 0, '8tiakh52t5ugto62nz1flq', 1, 1, 1, 9, 0, '2019-12-12 14:20:14', '2019-12-12 16:21:17', 0),
(87, 0, '8tiakh52t5ugto62nz1flq', 1, 1, 1, 9, 0, '2019-12-12 14:20:15', '2019-12-12 16:21:17', 0),
(88, 0, '8tiakh52t5ugto62nz1flq', 1, 1, 1, 9, 0, '2019-12-12 14:21:35', '2019-12-12 16:21:18', 0),
(89, 0, '8tiakh52t5ugto62nz1flq', 1, 1, 1, 9, 0, '2019-12-12 14:21:37', '2019-12-12 16:21:18', 0),
(90, 0, '8tiakh52t5ugto62nz1flq', 2, 1, 1, 0, 0, '2019-12-12 14:21:56', '2019-12-12 16:21:46', 0),
(91, 0, '8tiakh52t5ugto62nz1flq', 5, 1, 1, 0, 0, '2019-12-12 14:22:01', '2019-12-12 16:21:46', 0),
(92, 0, '8tiakh52t5ugto62nz1flq', 4, 1, 10, 70, 0, '2019-12-12 14:22:03', '2019-12-12 16:21:46', 0),
(93, 0, '8tiakh52t5ugto62nz1flq', 3, 1, 1, 4, 0, '2019-12-12 14:22:05', '2019-12-12 16:21:46', 0),
(94, 0, '8tiakh52t5ugto62nz1flq', 1, 1, 100, 9, 0, '2019-12-12 17:51:11', '0000-00-00 00:00:00', 0),
(95, 0, '8tiakh52t5ugto62nz1flq', 1, 1, 100, 9, 0, '2019-12-13 00:15:27', '0000-00-00 00:00:00', 0),
(96, 0, '8tiakh52t5ugto62nz1flq', 1, 1, 100, 9, 0, '2019-12-13 16:01:57', '0000-00-00 00:00:00', 0),
(97, 0, '8tiakh52t5ugto62nz1flq', 1, 1, 100, 9, 0, '2019-12-13 16:19:46', '0000-00-00 00:00:00', 0),
(98, 0, '8tiakh52t5ugto62nz1flq', 1, 1, 100, 9, 0, '2019-12-13 16:22:53', '0000-00-00 00:00:00', 0),
(99, 0, '8tiakh52t5ugto62nz1flq', 1, 1, 100, 9, 0, '2019-12-13 16:38:43', '0000-00-00 00:00:00', 0),
(100, 0, '8tiakh52t5ugto62nz1flq', 1, 1, 100, 9, 0, '2019-12-13 19:40:58', '0000-00-00 00:00:00', 0),
(101, 0, '8tiakh52t5ugto62nz1flq', 7, 1, 100, 70, 0, '2019-12-13 23:37:21', '0000-00-00 00:00:00', 0),
(102, 0, '8tiakh52t5ugto62nz1flq', 7, 1, 1, 70, 0, '2019-12-14 01:52:10', '0000-00-00 00:00:00', 0),
(103, 0, '8tiakh52t5ugto62nz1flq', 7, 1, 100, 70, 0, '2019-12-14 01:52:16', '0000-00-00 00:00:00', 0),
(104, 0, '8tiakh52t5ugto62nz1flq', 0, 1, 1, 0, 0, '2019-12-14 16:00:46', '0000-00-00 00:00:00', 0),
(105, 0, '8tiakh52t5ugto62nz1flq', 5, 1, 1, 0, 0, '2019-12-14 16:00:46', '0000-00-00 00:00:00', 0),
(106, 0, '8tiakh52t5ugto62nz1flq', 2, 1, 1, 0, 0, '2019-12-14 16:00:46', '0000-00-00 00:00:00', 0),
(107, 0, '8tiakh52t5ugto62nz1flq', 0, 1, 1, 0, 0, '2019-12-14 20:02:23', '0000-00-00 00:00:00', 0),
(108, 0, '8tiakh52t5ugto62nz1flq', 2, 1, 1, 0, 0, '2019-12-14 20:02:25', '0000-00-00 00:00:00', 0),
(109, 0, '8tiakh52t5ugto62nz1flq', 4, 1, 1, 70, 0, '2019-12-14 20:02:26', '0000-00-00 00:00:00', 0),
(110, 0, '8tiakh52t5ugto62nz1flq', 5, 1, 500, 0, 0, '2019-12-14 21:50:11', '0000-00-00 00:00:00', 0),
(111, 0, '8tiakh52t5ugto62nz1flq', 7, 1, 1, 70, 0, '2019-12-14 22:00:05', '0000-00-00 00:00:00', 0),
(112, 159, '8tiakh52t5ugto62nz1flq', 7, 1, 1, 70, 0, '2019-12-15 13:03:09', '0000-00-00 00:00:00', 0),
(113, 159, '8tiakh52t5ugto62nz1flq', 0, 1, 1, 0, 0, '2019-12-15 13:03:37', '0000-00-00 00:00:00', 0),
(114, 159, '8tiakh52t5ugto62nz1flq', 5, 1, 1, 0, 0, '2019-12-15 13:03:39', '0000-00-00 00:00:00', 0),
(115, 159, '8tiakh52t5ugto62nz1flq', 2, 1, 1, 0, 0, '2019-12-15 13:03:40', '0000-00-00 00:00:00', 0),
(116, 159, '8tiakh52t5ugto62nz1flq', 4, 1, 1, 70, 0, '2019-12-15 13:03:43', '0000-00-00 00:00:00', 0),
(117, 159, '8tiakh52t5ugto62nz1flq', 1, 1, 100, 9, 0, '2019-12-15 13:05:42', '0000-00-00 00:00:00', 0),
(118, 0, '8tiakh52t5ugto62nz1flq', 7, 1, 10, 70, 0, '2019-12-15 15:02:42', '0000-00-00 00:00:00', 0),
(119, 0, '8tiakh52t5ugto62nz1flq', 5, 1, 2, 0, 0, '2019-12-15 20:17:41', '0000-00-00 00:00:00', 0),
(120, 0, '8tiakh52t5ugto62nz1flq', 2, 1, 1, 0, 0, '2019-12-17 20:37:47', '0000-00-00 00:00:00', 0),
(121, 0, '8tiakh52t5ugto62nz1flq', 23, 1, 1, 0, 0, '2019-12-17 20:38:02', '0000-00-00 00:00:00', 0),
(122, 0, '8tiakh52t5ugto62nz1flq', 4, 1, 1, 70, 0, '2019-12-17 20:38:03', '0000-00-00 00:00:00', 0),
(123, 0, '8tiakh52t5ugto62nz1flq', 8, 1, 1, 0, 0, '2019-12-17 20:38:05', '0000-00-00 00:00:00', 0),
(124, 0, '8tiakh52t5ugto62nz1flq', 1, 1, 1, 9, 0, '2019-12-23 22:34:07', '0000-00-00 00:00:00', 0),
(125, 0, '8tiakh52t5ugto62nz1flq', 0, 1, 100, 0, 0, '2019-12-23 22:36:20', '0000-00-00 00:00:00', 0),
(126, 168, '8tiakh52t5ugto62nz1flq', 1, 1, 1, 9, 0, '2019-12-23 22:38:36', '0000-00-00 00:00:00', 0),
(127, 0, '8tiakh52t5ugto62nz1flq', 1, 1, 100, 9, 0, '2019-12-23 22:48:46', '0000-00-00 00:00:00', 0),
(128, 0, '8tiakh52t5ugto62nz1flq', 1, 1, 100, 9, 0, '2019-12-24 00:10:50', '0000-00-00 00:00:00', 0),
(129, 0, '8tiakh52t5ugto62nz1flq', 3, 1, 1, 9, 0, '2019-12-30 01:46:21', '0000-00-00 00:00:00', 0),
(130, 0, '8tiakh52t5ugto62nz1flq', 2, 1, 1, 9, 0, '2019-12-30 01:46:32', '0000-00-00 00:00:00', 0),
(131, 0, '8tiakh52t5ugto62nz1flq', 0, 1, 1, 0, 0, '2020-01-06 20:11:26', '0000-00-00 00:00:00', 0),
(132, 0, '8tiakh52t5ugto62nz1flq', 2, 1, 1, 9, 0, '2020-01-06 20:13:54', '0000-00-00 00:00:00', 0),
(133, 0, '8tiakh52t5ugto62nz1flq', 10, 1, 1, 9, 0, '2020-01-06 20:50:50', '0000-00-00 00:00:00', 0),
(134, 0, '8tiakh52t5ugto62nz1flq', 5, 1, 1, 0, 0, '2020-01-06 23:33:33', '0000-00-00 00:00:00', 0),
(135, 0, '8tiakh52t5ugto62nz1flq', 4, 1, 1000, 0, 0, '2020-01-11 23:35:59', '0000-00-00 00:00:00', 0),
(136, 0, 'oeqgus5aqfgwco424k79jk', 4, 1, 1, 0, 0, '2020-01-12 15:48:30', '2020-01-12 15:48:30', 0),
(137, 0, 'oeqgus5aqfgwco424k79jk', 1, 1, 1, 9, 0, '2020-01-12 15:48:38', '2020-01-12 15:48:38', 0),
(138, 234, '8tiakh52t5ugto62nz1flq', 1, 1, 1, 9, 0, '2020-01-12 20:33:20', '0000-00-00 00:00:00', 0),
(139, 0, '8tiakh52t5ugto62nz1flq', 5, 1, 103, 0, 0, '2020-01-12 21:01:06', '0000-00-00 00:00:00', 0),
(140, 0, '8tiakh52t5ugto62nz1flq', 4, 1, 1, 0, 0, '2020-01-12 21:05:48', '0000-00-00 00:00:00', 0),
(141, 0, '8tiakh52t5ugto62nz1flq', 3, 1, 1, 9, 0, '2020-01-12 21:05:52', '2020-01-12 21:05:52', 0),
(142, 0, '8tiakh52t5ugto62nz1flq', 1, 1, 2, 9, 0, '2020-01-12 21:06:52', '0000-00-00 00:00:00', 0),
(143, 0, '8tiakh52t5ugto62nz1flq', 15, 1, 1, 0, 0, '2020-01-12 21:08:19', '2020-01-12 21:08:19', 0),
(144, 0, '8tiakh52t5ugto62nz1flq', 14, 1, 1, 0, 0, '2020-01-12 21:08:24', '2020-01-12 21:08:24', 0),
(145, 0, '8tiakh52t5ugto62nz1flq', 1, 1, 122, 9, 0, '2020-01-12 21:09:54', '0000-00-00 00:00:00', 0),
(146, 0, '8tiakh52t5ugto62nz1flq', 4, 1, 199, 0, 0, '2020-01-13 10:37:24', '0000-00-00 00:00:00', 0),
(147, 0, '8tiakh52t5ugto62nz1flq', 5, 1, 1, 0, 0, '2020-01-13 10:48:56', '0000-00-00 00:00:00', 0),
(148, 0, '8tiakh52t5ugto62nz1flq', 3, 1, 1, 9, 0, '2020-01-13 10:49:08', '0000-00-00 00:00:00', 0),
(149, 0, '8tiakh52t5ugto62nz1flq', 6, 1, 1, 9, 0, '2020-01-13 10:59:05', '0000-00-00 00:00:00', 0),
(150, 0, '8tiakh52t5ugto62nz1flq', 0, 1, 1, 0, 0, '2020-01-13 11:00:58', '0000-00-00 00:00:00', 0),
(151, 0, '8tiakh52t5ugto62nz1flq', 10, 1, 1, 9, 0, '2020-01-13 11:02:22', '0000-00-00 00:00:00', 0),
(152, 0, '8tiakh52t5ugto62nz1flq', 17, 1, 1, 0, 0, '2020-01-13 11:03:25', '0000-00-00 00:00:00', 0),
(153, 0, '8tiakh52t5ugto62nz1flq', 18, 1, 1, 0, 0, '2020-01-13 11:04:41', '0000-00-00 00:00:00', 0),
(154, 0, '8tiakh52t5ugto62nz1flq', 16, 1, 188, 0, 0, '2020-01-13 11:08:35', '0000-00-00 00:00:00', 0),
(155, 0, '8tiakh52t5ugto62nz1flq', 7, 1, 1, 70, 0, '2020-01-13 11:08:53', '0000-00-00 00:00:00', 0),
(156, 0, '8tiakh52t5ugto62nz1flq', 15, 1, 1, 0, 0, '2020-01-13 11:09:50', '0000-00-00 00:00:00', 0),
(157, 0, '8tiakh52t5ugto62nz1flq', 23, 1, 1, 0, 0, '2020-01-13 11:14:40', '0000-00-00 00:00:00', 0),
(158, 0, '8tiakh52t5ugto62nz1flq', 12, 1, 18, 0, 0, '2020-01-13 11:15:05', '0000-00-00 00:00:00', 0),
(159, 0, '8tiakh52t5ugto62nz1flq', 9, 1, 4995, 0, 0, '2020-01-13 11:15:52', '0000-00-00 00:00:00', 0),
(160, 241, '8tiakh52t5ugto62nz1flq', 1, 1, 100, 9, 0, '2020-01-13 12:17:35', '0000-00-00 00:00:00', 0),
(161, 241, '8tiakh52t5ugto62nz1flq', 4, 1, 1, 0, 0, '2020-01-13 12:17:36', '0000-00-00 00:00:00', 0),
(162, 241, '8tiakh52t5ugto62nz1flq', 5, 1, 1, 0, 0, '2020-01-13 12:17:36', '0000-00-00 00:00:00', 0),
(163, 241, '8tiakh52t5ugto62nz1flq', 3, 1, 1, 9, 0, '2020-01-13 12:17:38', '2020-01-13 12:17:38', 0),
(164, 241, '8tiakh52t5ugto62nz1flq', 2, 1, 1, 9, 0, '2020-01-13 12:17:39', '0000-00-00 00:00:00', 0),
(165, 241, '8tiakh52t5ugto62nz1flq', 6, 1, 1, 9, 0, '2020-01-13 12:17:40', '0000-00-00 00:00:00', 0),
(166, 241, '8tiakh52t5ugto62nz1flq', 0, 1, 1, 0, 0, '2020-01-13 12:17:41', '0000-00-00 00:00:00', 0),
(167, 241, '8tiakh52t5ugto62nz1flq', 10, 1, 1, 9, 0, '2020-01-13 12:17:42', '2020-01-13 12:17:42', 0),
(168, 241, '8tiakh52t5ugto62nz1flq', 17, 1, 1, 0, 0, '2020-01-13 12:17:48', '0000-00-00 00:00:00', 0),
(169, 241, '8tiakh52t5ugto62nz1flq', 20, 1, 1, 0, 0, '2020-01-13 12:17:49', '0000-00-00 00:00:00', 0),
(170, 241, '8tiakh52t5ugto62nz1flq', 14, 1, 1, 0, 0, '2020-01-13 12:17:50', '0000-00-00 00:00:00', 0),
(171, 241, '8tiakh52t5ugto62nz1flq', 15, 1, 1, 0, 0, '2020-01-13 12:17:51', '2020-01-13 12:17:51', 0),
(172, 241, '8tiakh52t5ugto62nz1flq', 16, 1, 1, 0, 0, '2020-01-13 12:17:56', '0000-00-00 00:00:00', 0),
(173, 241, '8tiakh52t5ugto62nz1flq', 18, 1, 1, 0, 0, '2020-01-13 12:17:57', '0000-00-00 00:00:00', 0),
(174, 241, '8tiakh52t5ugto62nz1flq', 7, 1, 1, 70, 0, '2020-01-13 12:17:58', '0000-00-00 00:00:00', 0),
(175, 241, '8tiakh52t5ugto62nz1flq', 8, 1, 1, 0, 0, '2020-01-13 12:17:59', '2020-01-13 12:17:59', 0),
(176, 0, '8tiakh52t5ugto62nz1flq', 1, 1, 1000, 9, 0, '2020-01-13 12:20:47', '0000-00-00 00:00:00', 0),
(177, 0, '8tiakh52t5ugto62nz1flq', 4, 1, 1, 0, 0, '2020-01-13 12:20:48', '0000-00-00 00:00:00', 0),
(178, 0, '8tiakh52t5ugto62nz1flq', 5, 1, 1, 0, 0, '2020-01-13 12:20:49', '2020-01-13 12:20:49', 0),
(179, 0, '8tiakh52t5ugto62nz1flq', 3, 1, 1, 9, 0, '2020-01-13 12:20:49', '2020-01-13 12:20:49', 0),
(180, 0, '8tiakh52t5ugto62nz1flq', 2, 1, 1, 9, 0, '2020-01-13 12:20:53', '0000-00-00 00:00:00', 0),
(181, 0, '8tiakh52t5ugto62nz1flq', 6, 1, 1, 9, 0, '2020-01-13 12:20:54', '0000-00-00 00:00:00', 0),
(182, 0, '8tiakh52t5ugto62nz1flq', 10, 1, 1, 9, 0, '2020-01-13 12:20:57', '2020-01-13 12:20:57', 0),
(183, 0, '8tiakh52t5ugto62nz1flq', 0, 1, 1, 0, 0, '2020-01-13 12:20:58', '0000-00-00 00:00:00', 0),
(184, 0, '8tiakh52t5ugto62nz1flq', 15, 1, 1, 0, 0, '2020-01-13 12:21:00', '2020-01-13 12:21:00', 0),
(185, 0, '8tiakh52t5ugto62nz1flq', 14, 1, 1, 0, 0, '2020-01-13 12:21:01', '0000-00-00 00:00:00', 0),
(186, 0, '8tiakh52t5ugto62nz1flq', 20, 1, 1, 0, 0, '2020-01-13 12:21:02', '2020-01-13 12:21:02', 0),
(187, 0, '8tiakh52t5ugto62nz1flq', 17, 1, 1, 0, 0, '2020-01-13 12:21:04', '2020-01-13 12:21:04', 0),
(188, 0, '8tiakh52t5ugto62nz1flq', 16, 1, 1, 0, 0, '2020-01-13 12:21:05', '0000-00-00 00:00:00', 0),
(189, 0, '8tiakh52t5ugto62nz1flq', 18, 1, 1, 0, 0, '2020-01-13 12:21:05', '0000-00-00 00:00:00', 0),
(190, 0, '8tiakh52t5ugto62nz1flq', 7, 1, 1, 70, 0, '2020-01-13 12:21:07', '2020-01-13 12:21:07', 0),
(191, 0, '8tiakh52t5ugto62nz1flq', 8, 1, 1, 0, 0, '2020-01-13 12:21:09', '0000-00-00 00:00:00', 0),
(192, 0, '8tiakh52t5ugto62nz1flq', 1, 1, 100, 9, 0, '2020-01-13 12:29:14', '0000-00-00 00:00:00', 0),
(193, 245, '8tiakh52t5ugto62nz1flq', 1, 1, 100, 9, 0, '2020-01-13 12:30:41', '0000-00-00 00:00:00', 0),
(194, 0, '8tiakh52t5ugto62nz1flq', 1, 1, 100, 9, 0, '2020-01-13 12:53:10', '0000-00-00 00:00:00', 0),
(195, 0, '8tiakh52t5ugto62nz1flq', 3, 1, 100, 9, 0, '2020-01-19 17:55:28', '0000-00-00 00:00:00', 0),
(196, 0, '8tiakh52t5ugto62nz1flq', 4, 1, 500, 0, 0, '2020-01-20 19:02:25', '0000-00-00 00:00:00', 0),
(197, 0, '8tiakh52t5ugto62nz1flq', 1, 1, 100, 9, 0, '2020-01-20 20:39:20', '0000-00-00 00:00:00', 0),
(198, 0, '8tiakh52t5ugto62nz1flq', 1, 1, 100, 9, 0, '2020-01-20 20:44:11', '0000-00-00 00:00:00', 0),
(199, 0, '8tiakh52t5ugto62nz1flq', 1, 1, 100, 9, 0, '2020-01-20 20:49:17', '0000-00-00 00:00:00', 0),
(200, 0, '8tiakh52t5ugto62nz1flq', 1, 1, 100, 9, 0, '2020-01-20 20:52:20', '0000-00-00 00:00:00', 0),
(201, 0, '8tiakh52t5ugto62nz1flq', 1, 1, 100, 9, 0, '2020-01-20 21:16:47', '0000-00-00 00:00:00', 0),
(202, 0, '8tiakh52t5ugto62nz1flq', 1, 1, 100, 9, 0, '2020-01-21 15:47:15', '2020-01-22 13:25:15', 0),
(203, 0, '8tiakh52t5ugto62nz1flq', 1, 1, 99, 9, 0, '2020-01-25 20:08:56', '2020-01-25 20:15:17', 0),
(204, 0, 'izjeucft56lmu9r97eakfr', 5, 1, 100, 4, 0, '2020-02-08 19:24:21', '2020-02-08 19:38:46', 0),
(205, 0, 'izjeucft56lmu9r97eakfr', 4, 1, 100, 4, 0, '2020-02-08 19:24:22', '2020-02-08 19:42:10', 0),
(206, 0, 'izjeucft56lmu9r97eakfr', 6, 1, 1, 9, 0, '2020-02-08 19:24:23', '2020-02-08 19:42:10', 0),
(207, 0, 'izjeucft56lmu9r97eakfr', 2, 18, 100, 0, 0, '2020-02-11 03:44:38', '2020-02-15 17:32:43', 0),
(208, 0, 'izjeucft56lmu9r97eakfr', 10, 18, 1, 0, 0, '2020-02-13 15:00:00', '2020-02-15 21:13:23', 0),
(209, 0, 'izjeucft56lmu9r97eakfr', 4, 1, 1, 4, 0, '2020-02-15 21:16:55', '2020-02-15 21:17:43', 0),
(210, 0, 'izjeucft56lmu9r97eakfr', 5, 1, 1, 4, 0, '2020-02-15 21:29:32', '2020-02-15 21:30:02', 0),
(211, 303, 'izjeucft56lmu9r97eakfr', 5, 1, 1, 4, 0, '2020-02-15 21:39:40', '2020-02-15 21:45:05', 0),
(212, 307, 'izjeucft56lmu9r97eakfr', 4, 1, 150, 4, 0, '2020-02-15 21:45:27', '2020-02-15 21:47:10', 0),
(213, 0, 'izjeucft56lmu9r97eakfr', 5, 1, 1, 4, 0, '2020-02-21 19:44:08', '2020-02-21 20:35:23', 0),
(214, 0, 'izjeucft56lmu9r97eakfr', 1, 0, 1, 0, 0, '2020-02-21 20:33:09', '2020-02-21 20:35:25', 0),
(215, 0, 'izjeucft56lmu9r97eakfr', 4, 1, 1, 4, 0, '2020-02-21 20:33:11', '2020-02-21 20:35:24', 0),
(216, 0, 'izjeucft56lmu9r97eakfr', 24, 0, 1, 0, 0, '2020-02-21 20:35:03', '2020-02-21 20:35:20', 0),
(217, 0, 'izjeucft56lmu9r97eakfr', 6, 0, 1, 0, 0, '2020-02-21 20:35:06', '2020-02-21 20:35:18', 0),
(218, 0, 'izjeucft56lmu9r97eakfr', 2, 0, 1, 0, 0, '2020-02-21 20:35:08', '2020-02-21 20:35:21', 0),
(219, 0, 'izjeucft56lmu9r97eakfr', 0, 1, 1, 0, 0, '2020-02-21 20:35:11', '2020-02-21 20:35:13', 0),
(220, 0, 'izjeucft56lmu9r97eakfr', 10, 0, 1, 0, 0, '2020-02-21 20:35:12', '2020-02-21 20:35:14', 0),
(221, 0, 'izjeucft56lmu9r97eakfr', 1, 0, 1, 0, 0, '2020-02-21 20:35:27', '2020-02-21 20:35:29', 0),
(222, 0, 'izjeucft56lmu9r97eakfr', 1, 0, 1, 0, 0, '2020-02-21 20:35:30', '2020-02-21 20:35:34', 0),
(223, 0, 'izjeucft56lmu9r97eakfr', 1, 0, 1, 0, 0, '2020-02-21 20:35:36', '2020-02-22 13:21:44', 0),
(224, 0, 'izjeucft56lmu9r97eakfr', 4, 1, 1, 4, 0, '2020-02-21 20:38:29', '2020-03-06 02:03:51', 0),
(225, 0, 'izjeucft56lmu9r97eakfr', 5, 1, 10, 4, 0, '2020-02-22 13:21:26', '2020-02-22 15:36:33', 0),
(226, 0, 'izjeucft56lmu9r97eakfr', 0, 1, 1, 0, 0, '2020-02-22 13:46:50', '2020-03-06 02:03:51', 0),
(227, 0, 'izjeucft56lmu9r97eakfr', 5, 1, 1, 4, 0, '2020-02-22 15:48:07', '2020-02-22 15:48:07', 0),
(228, 0, 'izjeucft56lmu9r97eakfr', 20, 1, 1, 4, 0, '2020-02-22 15:48:09', '2020-02-22 15:48:09', 0),
(229, 0, '8tiakh52t5ugto62nz1flq', 5, 1, 150, 4, 0, '2020-02-22 16:34:19', '2020-02-23 10:38:09', 0),
(230, 0, '8tiakh52t5ugto62nz1flq', 1, 19, 1, 0, 0, '2020-02-22 16:53:23', '2020-03-01 19:17:37', 0),
(231, 354, '8tiakh52t5ugto62nz1flq', 5, 1, 150, 4, 0, '2020-03-01 20:57:46', '2020-03-01 20:58:24', 0),
(232, 0, '8tiakh52t5ugto62nz1flq', 2, 19, 150, 0, 0, '2020-03-01 21:02:11', '2020-03-01 21:03:04', 0),
(233, 0, '8tiakh52t5ugto62nz1flq', 2, 19, 150, 0, 0, '2020-03-01 21:04:25', '2020-03-01 21:04:51', 0),
(234, 0, '8tiakh52t5ugto62nz1flq', 5, 1, 150, 4, 0, '2020-03-01 21:06:51', '2020-03-01 21:07:11', 0),
(235, 0, '8tiakh52t5ugto62nz1flq', 2, 19, 150, 0, 0, '2020-03-01 21:13:30', '2020-03-01 21:14:17', 0),
(236, 360, '8tiakh52t5ugto62nz1flq', 2, 19, 1000, 0, 0, '2020-03-01 21:14:44', '2020-03-01 21:55:28', 0),
(237, 364, '8tiakh52t5ugto62nz1flq', 6, 19, 150, 0, 0, '2020-03-01 21:57:23', '2020-03-01 21:57:42', 0),
(238, 365, '8tiakh52t5ugto62nz1flq', 2, 19, 100, 0, 0, '2020-03-02 00:32:49', '2020-03-07 14:58:12', 0),
(239, 0, 'izjeucft56lmu9r97eakfr', 23, 1, 1, 0, 0, '2020-03-06 02:03:07', '2020-03-06 02:03:07', 0),
(240, 0, 'izjeucft56lmu9r97eakfr', 21, 1, 1, 0, 0, '2020-03-06 02:03:08', '2020-03-06 02:03:51', 0),
(241, 0, 'izjeucft56lmu9r97eakfr', 11, 1, 1, 0, 0, '2020-03-06 02:03:09', '2020-03-06 02:03:51', 0),
(242, 0, '8tiakh52t5ugto62nz1flq', 23, 1, 199, 0, 0, '2020-03-07 14:57:48', '2020-03-07 14:57:50', 0),
(243, 0, '8tiakh52t5ugto62nz1flq', 2, 19, 199, 0, 0, '2020-03-16 09:33:57', '2020-03-29 18:56:01', 0),
(244, 0, '8tiakh52t5ugto62nz1flq', 5, 1, 1, 4, 0, '2020-03-19 13:13:15', '2020-03-29 18:55:45', 0),
(245, 0, '8tiakh52t5ugto62nz1flq', 5, 1, 1, 4, 0, '2020-03-19 13:13:15', '2020-03-29 18:55:45', 0),
(246, 0, '8tiakh52t5ugto62nz1flq', 6, 19, 1, 0, 0, '2020-03-19 13:13:31', '2020-03-29 18:55:45', 0),
(247, 0, '8tiakh52t5ugto62nz1flq', 6, 19, 1, 0, 0, '2020-03-19 13:13:31', '2020-03-29 18:55:46', 0),
(248, 0, '8tiakh52t5ugto62nz1flq', 4, 1, 18, 4, 0, '2020-03-19 13:13:41', '2020-03-29 18:54:56', 0),
(249, 0, '8tiakh52t5ugto62nz1flq', 20, 1, 2, 4, 0, '2020-03-19 13:13:45', '2020-03-29 18:55:46', 0),
(250, 0, 'izjeucft56lmu9r97eakfr', 5, 1, 278, 4, 0, '2020-03-24 23:06:38', '2020-03-26 11:12:20', 0),
(251, 0, 'izjeucft56lmu9r97eakfr', 5, 421, 1, 400, 0, '2020-03-26 11:17:25', '2020-03-26 11:33:03', 0),
(252, 378, 'izjeucft56lmu9r97eakfr', 5, 421, 4, 400, 0, '2020-03-26 11:22:38', '2020-03-26 11:32:57', 0),
(253, 0, 'izjeucft56lmu9r97eakfr', 2, 19, 1, 0, 1, '2020-03-26 11:34:26', '2020-03-26 11:36:07', 0),
(254, 0, 'izjeucft56lmu9r97eakfr', 6, 19, 1, 0, 1, '2020-03-26 11:34:29', '2020-03-26 11:36:07', 0),
(255, 0, 'izjeucft56lmu9r97eakfr', 5, 421, 10, 400, 4, '2020-03-26 11:35:11', '2020-03-26 11:35:57', 0),
(256, 379, 'izjeucft56lmu9r97eakfr', 5, 421, 10, 400, 4, '2020-03-26 11:37:32', '2020-03-26 11:38:43', 0),
(257, 0, 'izjeucft56lmu9r97eakfr', 5, 421, 10, 400, 4, '2020-03-26 11:39:05', '2020-03-26 11:39:23', 0),
(258, 381, 'izjeucft56lmu9r97eakfr', 17, 421, 3, 400, 1, '2020-03-26 11:40:16', '2020-03-26 11:43:07', 0),
(259, 381, 'izjeucft56lmu9r97eakfr', 2, 19, 1, 0, 1, '2020-03-26 11:40:19', '2020-03-26 11:40:19', 0),
(260, 382, 'izjeucft56lmu9r97eakfr', 10, 19, 220, 0, 1, '2020-03-26 11:46:25', '2020-04-08 18:51:24', 0),
(261, 382, 'izjeucft56lmu9r97eakfr', 6, 19, 15, 0, 1, '2020-03-26 11:46:26', '2020-03-26 11:46:53', 0),
(262, 0, 'izjeucft56lmu9r97eakfr', 4, 421, 777777, 400, 6, '2020-03-27 13:18:57', '2020-04-08 18:50:49', 0),
(263, 384, '8tiakh52t5ugto62nz1flq', 14, 1, 1234, 0, 10000, '2020-03-29 18:57:32', '2020-03-29 18:58:12', 0),
(264, 385, '8tiakh52t5ugto62nz1flq', 16, 1, 3, 0, 10000, '2020-03-29 18:58:49', '2020-03-29 18:59:17', 0),
(265, 385, '8tiakh52t5ugto62nz1flq', 4, 421, 124, 400, 9982, '2020-03-29 18:58:56', '2020-03-29 18:58:57', 0),
(266, 0, 'izjeucft56lmu9r97eakfr', 13, 14, 1, 0, 10000, '2020-04-02 18:41:36', '2020-04-02 18:41:38', 0),
(267, 0, '8tiakh52t5ugto62nz1flq', 10, 19, 1, 0, 0, '2020-04-04 13:21:44', '2020-04-04 17:33:29', 0),
(268, 0, '8tiakh52t5ugto62nz1flq', 12, 14, 221, 0, 10000, '2020-04-04 17:58:11', '2020-04-04 17:58:41', 0),
(269, 0, '8tiakh52t5ugto62nz1flq', 13, 14, 15, 0, 9972, '2020-04-04 17:58:12', '2020-04-04 17:58:15', 0),
(270, 393, '8tiakh52t5ugto62nz1flq', 17, 421, 12, 400, 12, '2020-04-04 17:59:11', '2020-04-04 17:59:44', 0),
(271, 393, '8tiakh52t5ugto62nz1flq', 21, 199, 12, 0, 9994, '2020-04-04 17:59:15', '2020-04-04 17:59:17', 0),
(272, 394, '8tiakh52t5ugto62nz1flq', 1, 19, 100, 0, 786, '2020-04-04 18:00:32', '2020-04-04 18:00:43', 0),
(273, 0, '8tiakh52t5ugto62nz1flq', 1, 19, 19, 0, 686, '2020-04-04 18:09:08', '2020-04-04 18:09:25', 0),
(274, 0, '8tiakh52t5ugto62nz1flq', 11, 199, 11, 0, 9991, '2020-04-04 18:09:11', '2020-04-04 18:09:12', 0),
(275, 0, '8tiakh52t5ugto62nz1flq', 1, 19, 2, 0, 667, '2020-04-04 19:58:41', '2020-04-04 20:36:41', 0),
(276, 0, '8tiakh52t5ugto62nz1flq', 11, 199, 2, 0, 9980, '2020-04-04 19:58:43', '2020-04-04 19:58:44', 0),
(277, 0, '8tiakh52t5ugto62nz1flq', 1, 19, 1, 0, 667, '2020-04-04 20:05:24', '2020-04-04 20:05:24', 0),
(278, 0, '8tiakh52t5ugto62nz1flq', 2, 19, 1, 0, 10747, '2020-04-04 20:09:59', '2020-04-04 20:36:41', 0),
(279, 397, '8tiakh52t5ugto62nz1flq', 1, 19, 110, 0, 664, '2020-04-04 20:38:07', '2020-04-09 13:36:07', 0),
(280, 0, 'izjeucft56lmu9r97eakfr', 13, 14, 100, 0, 9974, '2020-04-08 18:54:36', '2020-04-08 18:54:55', 0),
(281, 399, 'izjeucft56lmu9r97eakfr', 11, 199, 100, 0, 1109, '2020-04-09 13:53:56', '2020-04-09 13:54:36', 0),
(282, 402, 'izjeucft56lmu9r97eakfr', 13, 14, 150, 0, 10074, '2020-04-09 13:58:34', '2020-04-09 13:59:05', 0),
(283, 0, '8tiakh52t5ugto62nz1flq', 21, 199, 6, 0, 9982, '2020-04-09 14:00:51', '2020-04-09 14:01:10', 0),
(284, 0, '8tiakh52t5ugto62nz1flq', 7, 155, 15, 70, 9998, '2020-04-09 14:01:42', '2020-04-09 14:02:00', 0),
(285, 0, '8tiakh52t5ugto62nz1flq', 1, 19, 66, 0, 1758, '2020-04-09 14:02:23', '2020-04-09 14:02:45', 0),
(286, 0, '8tiakh52t5ugto62nz1flq', 13, 14, 111, 0, 10224, '2020-04-09 14:03:15', '2020-04-09 14:03:29', 0),
(287, 407, '8tiakh52t5ugto62nz1flq', 11, 199, 9, 0, 1209, '2020-04-09 14:04:24', '2020-04-09 14:04:51', 0),
(288, 0, '8tiakh52t5ugto62nz1flq', 1, 19, 100, 0, 1824, '2020-04-09 17:44:23', '2020-04-10 09:40:02', 0),
(289, 414, '8tiakh52t5ugto62nz1flq', 3, 19, 17, 0, 10001, '2020-04-10 09:39:45', '2020-04-10 09:39:46', 0),
(290, 0, '8tiakh52t5ugto62nz1flq', 3, 19, 984, 0, 9984, '2020-04-10 09:44:24', '2020-04-10 09:45:04', 0),
(291, 416, '8tiakh52t5ugto62nz1flq', 3, 19, 111, 0, 10000, '2020-04-10 09:48:36', '2020-04-10 09:48:52', 0),
(292, 417, '8tiakh52t5ugto62nz1flq', 3, 19, 111, 0, 10000, '2020-04-10 09:49:49', '2020-04-10 09:50:06', 0),
(293, 418, '8tiakh52t5ugto62nz1flq', 3, 19, 111, 0, 10000, '2020-04-10 09:51:51', '2020-04-10 09:52:10', 0),
(294, 0, '8tiakh52t5ugto62nz1flq', 3, 19, 111, 0, 9889, '2020-04-10 09:56:27', '2020-04-10 09:56:43', 0),
(295, 0, '8tiakh52t5ugto62nz1flq', 3, 19, 111, 0, 9889, '2020-04-10 09:57:21', '2020-04-10 09:57:35', 0),
(296, 0, '8tiakh52t5ugto62nz1flq', 3, 19, 111, 0, 9889, '2020-04-10 10:00:12', '2020-04-10 10:00:59', 0),
(297, 422, '8tiakh52t5ugto62nz1flq', 3, 19, 111, 0, 889, '2020-04-10 10:02:05', '2020-04-10 10:02:19', 0),
(298, 423, '8tiakh52t5ugto62nz1flq', 3, 19, 158, 0, 1158, '2020-04-10 10:03:38', '2020-04-10 10:03:59', 0),
(299, 0, '8tiakh52t5ugto62nz1flq', 1, 19, 724, 0, 1724, '2020-04-10 10:05:24', '2020-04-10 10:05:44', 0),
(300, 0, '8tiakh52t5ugto62nz1flq', 1, 19, 100, 0, 1000, '2020-04-10 10:07:44', '2020-04-10 10:07:59', 0),
(301, 0, '8tiakh52t5ugto62nz1flq', 10, 19, 734, 0, 734, '2020-04-11 06:01:55', '2020-04-11 06:02:17', 0),
(302, 427, '8tiakh52t5ugto62nz1flq', 16, 1, 1000, 0, 1215, '2020-04-11 06:06:14', '2020-04-11 06:08:12', 0),
(303, 0, '8tiakh52t5ugto62nz1flq', 23, 199, 5, 0, 1017, '2020-04-11 06:09:17', '2020-04-11 06:11:57', 0),
(304, 0, '8tiakh52t5ugto62nz1flq', 6, 19, 3, 0, 210, '2020-04-11 06:09:32', '2020-04-11 06:09:34', 0),
(305, 431, '8tiakh52t5ugto62nz1flq', 2, 19, 53, 0, 3297, '2020-04-11 06:12:23', '2020-04-11 06:12:50', 0),
(306, 0, 'izjeucft56lmu9r97eakfr', 1, 19, 1000, 0, 0, '2020-04-13 15:47:43', '2020-04-14 19:12:47', 0),
(307, 0, 'izjeucft56lmu9r97eakfr', 60, 0, 1, 0, 11, '2020-04-14 20:55:00', '2020-04-14 20:58:33', 0),
(308, 433, 'izjeucft56lmu9r97eakfr', 16, 1, 17, 0, 215, '2020-04-14 20:59:19', '2020-04-14 21:00:34', 0),
(309, 433, 'izjeucft56lmu9r97eakfr', 28, 0, 1, 0, 0, '2020-04-14 20:59:27', '2020-04-14 20:59:31', 0),
(310, 433, 'izjeucft56lmu9r97eakfr', 28, 0, 1, 0, 0, '2020-04-14 20:59:32', '2020-04-14 20:59:36', 0),
(311, 433, 'izjeucft56lmu9r97eakfr', 27, 0, 1, 0, 0, '2020-04-14 20:59:37', '2020-04-14 20:59:39', 0),
(312, 433, 'izjeucft56lmu9r97eakfr', 26, 0, 1, 0, 0, '2020-04-14 20:59:40', '2020-04-14 20:59:40', 0),
(313, 433, 'izjeucft56lmu9r97eakfr', 30, 0, 1, 0, 0, '2020-04-14 20:59:45', '2020-04-14 21:00:34', 0),
(314, 433, 'izjeucft56lmu9r97eakfr', 3, 19, 14, 0, -1, '2020-04-14 20:59:47', '2020-04-14 20:59:49', 0),
(315, 433, 'izjeucft56lmu9r97eakfr', 3, 19, 13, 0, -1, '2020-04-14 20:59:50', '2020-04-14 20:59:52', 0),
(316, 433, 'izjeucft56lmu9r97eakfr', 32, 0, 1, 0, 0, '2020-04-14 20:59:56', '2020-04-14 21:00:14', 0),
(317, 433, 'izjeucft56lmu9r97eakfr', 35, 0, 1, 0, 0, '2020-04-14 20:59:58', '2020-04-14 21:00:13', 0),
(318, 433, 'izjeucft56lmu9r97eakfr', 34, 0, 1, 0, 0, '2020-04-14 21:00:00', '2020-04-14 21:00:11', 0),
(319, 434, 'izjeucft56lmu9r97eakfr', 1, 19, 2, 0, 0, '2020-04-14 21:03:07', '2020-04-14 21:03:25', 0),
(320, 435, 'izjeucft56lmu9r97eakfr', 63, 0, 17, 0, 1000, '2020-04-14 21:05:14', '2020-04-14 21:05:23', 0),
(321, 436, 'izjeucft56lmu9r97eakfr', 63, 0, 11, 0, 983, '2020-04-14 21:06:40', '2020-04-14 21:06:49', 0),
(322, 0, '8tiakh52t5ugto62nz1flq', 5, 421, 3, 400, 2237, '2020-04-14 23:16:30', '2020-04-14 23:17:23', 0);

-- --------------------------------------------------------

--
-- Estructura de tabla para la tabla `buyers_emails`
--

CREATE TABLE `buyers_emails` (
  `id` int(11) NOT NULL,
  `email` varchar(150) NOT NULL,
  `isSuscriptionActive` tinyint(4) NOT NULL DEFAULT '1',
  `isConfirmed` tinyint(4) NOT NULL DEFAULT '0',
  `isActive` tinyint(4) NOT NULL DEFAULT '1',
  `createdReasonID` int(11) NOT NULL,
  `dateCreated` timestamp NOT NULL DEFAULT CURRENT_TIMESTAMP
) ENGINE=InnoDB DEFAULT CHARSET=utf8;

--
-- Volcado de datos para la tabla `buyers_emails`
--

INSERT INTO `buyers_emails` (`id`, `email`, `isSuscriptionActive`, `isConfirmed`, `isActive`, `createdReasonID`, `dateCreated`) VALUES
(0, '', 0, 0, 0, 0, '2019-08-11 17:00:12'),
(1, 'lisandrodc06@gmail.com', 1, 1, 1, 1, '2019-08-10 15:19:14'),
(2, 'lauta_dc@hotmail.com', 1, 1, 1, 1, '2019-08-10 15:19:14'),
(3, 'mdallacosta@lheritier.com.ar', 1, 1, 1, 1, '2019-08-10 15:19:14'),
(4, 'lisi', 1, 0, 1, 2, '2019-12-09 14:13:31'),
(5, 'lisandrodc06@gmail.com', 1, 0, 1, 2, '2019-12-09 20:35:57'),
(6, '', 0, 0, 1, 1, '2019-12-10 02:18:54'),
(7, '', 0, 0, 1, 1, '2019-12-10 02:22:13'),
(8, '', 0, 0, 1, 1, '2019-12-10 02:24:59'),
(9, '', 0, 0, 1, 1, '2019-12-10 02:25:25'),
(10, '', 0, 0, 1, 1, '2019-12-10 02:26:41'),
(11, '', 0, 0, 1, 1, '2019-12-10 04:00:14'),
(12, '', 0, 0, 1, 1, '2019-12-10 04:01:51'),
(13, '', 0, 0, 1, 1, '2019-12-10 09:31:02'),
(14, '', 0, 0, 1, 1, '2019-12-10 09:32:55'),
(15, '', 0, 0, 1, 1, '2019-12-10 09:34:12'),
(16, '', 0, 0, 1, 1, '2019-12-10 09:35:04'),
(17, '', 0, 0, 1, 1, '2019-12-10 09:35:30'),
(18, '', 0, 0, 1, 1, '2019-12-10 09:42:12'),
(19, '', 0, 0, 1, 1, '2019-12-10 09:43:10'),
(20, '', 0, 0, 1, 1, '2019-12-10 09:47:32'),
(21, '', 0, 0, 1, 1, '2019-12-10 09:53:02'),
(22, '', 0, 0, 1, 1, '2019-12-10 09:53:20'),
(23, '', 0, 0, 1, 1, '2019-12-10 09:54:36'),
(24, 'lisandrodc06@gmail.com', 0, 0, 1, 1, '2019-12-10 09:55:08'),
(25, '', 0, 0, 1, 1, '2019-12-10 09:55:38'),
(26, '', 0, 0, 1, 1, '2019-12-10 09:56:00'),
(27, '', 0, 0, 1, 1, '2019-12-10 09:57:47'),
(28, '', 0, 0, 1, 1, '2019-12-10 09:58:53'),
(29, '1', 0, 0, 1, 1, '2019-12-10 12:11:43'),
(30, '1', 0, 0, 1, 1, '2019-12-10 12:12:43'),
(31, '1', 0, 0, 1, 1, '2019-12-10 12:13:47'),
(32, '1', 0, 0, 1, 1, '2019-12-10 12:14:40'),
(33, '1', 0, 0, 1, 1, '2019-12-10 12:16:13'),
(34, '1', 0, 0, 1, 1, '2019-12-10 12:17:42'),
(35, '1', 0, 0, 1, 1, '2019-12-10 12:19:11'),
(36, '1', 0, 0, 1, 1, '2019-12-10 12:20:19'),
(37, '1', 0, 0, 1, 1, '2019-12-10 12:21:02'),
(38, '1', 0, 0, 1, 1, '2019-12-10 12:22:47');

-- --------------------------------------------------------

--
-- Estructura de tabla para la tabla `buyers_emails_creation_reasons`
--

CREATE TABLE `buyers_emails_creation_reasons` (
  `id` int(11) NOT NULL,
  `reason` varchar(100) NOT NULL,
  `dateCreated` timestamp NOT NULL DEFAULT CURRENT_TIMESTAMP
) ENGINE=InnoDB DEFAULT CHARSET=utf8;

--
-- Volcado de datos para la tabla `buyers_emails_creation_reasons`
--

INSERT INTO `buyers_emails_creation_reasons` (`id`, `reason`, `dateCreated`) VALUES
(0, 'Otros', '2019-08-11 17:01:01'),
(1, 'Al crear usuario', '2019-07-02 02:26:56'),
(2, 'Para recibir newsletter', '2019-07-02 02:26:56'),
(3, 'Para recibir descuentos', '2019-07-02 02:26:56');

-- --------------------------------------------------------

--
-- Estructura de tabla para la tabla `buyers_messages`
--

CREATE TABLE `buyers_messages` (
  `id` int(11) NOT NULL,
  `isAnswered` tinyint(4) NOT NULL DEFAULT '0',
  `buyerID` int(11) NOT NULL,
  `name` varchar(120) NOT NULL,
  `email` varchar(200) NOT NULL,
  `subject` varchar(200) NOT NULL,
  `message` text NOT NULL,
  `date` timestamp NOT NULL DEFAULT CURRENT_TIMESTAMP,
  `isActive` tinyint(11) NOT NULL DEFAULT '1'
) ENGINE=InnoDB DEFAULT CHARSET=utf8;

--
-- Volcado de datos para la tabla `buyers_messages`
--

INSERT INTO `buyers_messages` (`id`, `isAnswered`, `buyerID`, `name`, `email`, `subject`, `message`, `date`, `isActive`) VALUES
(1, 0, 0, '5', '6', '7', '8', '2019-01-06 17:57:25', 1),
(2, 1, 0, '11', '22', '33', '44', '2020-01-06 23:00:00', 1);

-- --------------------------------------------------------

--
-- Estructura de tabla para la tabla `buyers_passwords`
--

CREATE TABLE `buyers_passwords` (
  `id` int(11) NOT NULL,
  `buyerID` int(11) NOT NULL,
  `password` varchar(50) NOT NULL,
  `dateCreated` timestamp NOT NULL DEFAULT CURRENT_TIMESTAMP
) ENGINE=InnoDB DEFAULT CHARSET=utf8;

--
-- Volcado de datos para la tabla `buyers_passwords`
--

INSERT INTO `buyers_passwords` (`id`, `buyerID`, `password`, `dateCreated`) VALUES
(0, 0, '', '2019-08-11 17:02:01'),
(1, 1, '41637203', '2019-08-11 00:36:34'),
(2, 2, '34770668', '2019-08-11 00:36:34'),
(3, 3, '13947183', '2019-08-11 00:36:34'),
(4, 0, '450', '2019-12-10 02:20:14'),
(5, 13, 'adef4860', '2019-12-10 02:22:13'),
(6, 14, 'adef4860', '2019-12-10 02:24:59'),
(7, 15, 'adef4860', '2019-12-10 02:25:25'),
(8, 16, 'adef4860', '2019-12-10 02:26:41'),
(9, 17, 'adef4860', '2019-12-10 04:00:14'),
(10, 18, 'adef4860', '2019-12-10 04:01:51'),
(11, 19, 'adef4860', '2019-12-10 09:31:02'),
(12, 20, '', '2019-12-10 09:32:55'),
(13, 21, '', '2019-12-10 09:34:12'),
(14, 22, '', '2019-12-10 09:35:04'),
(15, 23, '', '2019-12-10 09:35:30'),
(16, 24, '', '2019-12-10 09:42:12'),
(17, 25, '', '2019-12-10 09:43:10'),
(18, 26, '', '2019-12-10 09:47:32'),
(19, 27, '', '2019-12-10 09:53:02'),
(20, 28, '', '2019-12-10 09:53:20'),
(21, 29, '', '2019-12-10 09:54:36'),
(22, 30, 'adef4860', '2019-12-10 09:55:08'),
(23, 31, '', '2019-12-10 09:55:38'),
(24, 32, '', '2019-12-10 09:56:00'),
(25, 33, '', '2019-12-10 09:57:47'),
(26, 34, '', '2019-12-10 09:58:53'),
(27, 35, '2', '2019-12-10 12:11:43'),
(28, 36, '2', '2019-12-10 12:12:43'),
(29, 37, '2', '2019-12-10 12:13:47'),
(30, 38, '2', '2019-12-10 12:14:40'),
(31, 39, '2', '2019-12-10 12:16:13'),
(32, 40, 'adef4860', '2019-12-10 12:17:42'),
(33, 41, '2', '2019-12-10 12:19:11'),
(34, 42, '2', '2019-12-10 12:20:19'),
(35, 43, '2', '2019-12-10 12:21:02'),
(36, 44, '2', '2019-12-10 12:22:47');

-- --------------------------------------------------------

--
-- Estructura de tabla para la tabla `buyers_personal_info`
--

CREATE TABLE `buyers_personal_info` (
  `id` int(11) NOT NULL,
  `buyerID` int(11) NOT NULL,
  `relevance` int(11) NOT NULL,
  `name` varchar(80) NOT NULL,
  `surname` varchar(80) NOT NULL,
  `phone` varchar(50) NOT NULL,
  `dob` date NOT NULL,
  `isActive` tinyint(4) NOT NULL DEFAULT '1',
  `dateCreated` timestamp NOT NULL DEFAULT CURRENT_TIMESTAMP,
  `lastTimeUsed` timestamp NOT NULL DEFAULT '0000-00-00 00:00:00'
) ENGINE=InnoDB DEFAULT CHARSET=utf8;

--
-- Volcado de datos para la tabla `buyers_personal_info`
--

INSERT INTO `buyers_personal_info` (`id`, `buyerID`, `relevance`, `name`, `surname`, `phone`, `dob`, `isActive`, `dateCreated`, `lastTimeUsed`) VALUES
(0, 0, 1, 'Don', 'Nadie', '0', '1999-08-30', 0, '2019-08-11 05:40:22', '0000-00-00 00:00:00'),
(1, 1, 1, 'Lisandro', 'Dalla Costa', '0', '1999-08-30', 1, '2019-08-11 05:40:22', '0000-00-00 00:00:00'),
(2, 2, 1, 'Lautaro', 'Dalla Costa', '0', '1989-10-18', 1, '2019-08-11 05:40:22', '0000-00-00 00:00:00'),
(3, 3, 1, 'Marcelo', 'Dalla Costa', '0', '1949-11-14', 1, '2019-08-11 05:40:22', '0000-00-00 00:00:00'),
(4, 1, 0, 'Silvia', 'Hofer', '0', '0000-00-00', 1, '2019-12-08 03:18:04', '0000-00-00 00:00:00'),
(5, 1, 0, '2', '3', '4', '0000-00-00', 1, '2019-12-08 14:34:40', '0000-00-00 00:00:00'),
(6, 1, 0, 'Mar ', 'Ce', '0', '0000-00-00', 1, '2019-12-08 14:35:03', '0000-00-00 00:00:00'),
(7, 1, 0, 'pa', 'pi', '0', '0000-00-00', 1, '2019-12-08 14:36:16', '0000-00-00 00:00:00'),
(8, 1, 0, 'Maribel', 'Bressan', '342', '0000-00-00', 1, '2019-12-08 14:43:37', '0000-00-00 00:00:00'),
(9, 1, 0, '', '', '0', '0000-00-00', 1, '2019-12-08 21:32:49', '0000-00-00 00:00:00'),
(10, 1, 0, 'li', 'cha', '0', '0000-00-00', 1, '2019-12-08 21:34:26', '0000-00-00 00:00:00'),
(11, 1, 0, '', '', '0', '0000-00-00', 1, '2019-12-08 21:35:08', '0000-00-00 00:00:00'),
(12, 1, 0, '1', 'a', '0', '0000-00-00', 1, '2019-12-08 21:46:05', '0000-00-00 00:00:00'),
(13, 1, 0, '5', '7', '0', '0000-00-00', 1, '2019-12-08 21:46:51', '0000-00-00 00:00:00'),
(14, 1, 0, '1', '2', '3', '0000-00-00', 1, '2019-12-08 21:59:47', '0000-00-00 00:00:00'),
(15, 1, 0, '1', '2', '3', '0000-00-00', 1, '2019-12-08 22:00:17', '0000-00-00 00:00:00'),
(16, 1, 0, '1', '2', '3', '0000-00-00', 1, '2019-12-08 22:52:19', '0000-00-00 00:00:00'),
(17, 1, 0, '3', '4', '5', '0000-00-00', 1, '2019-12-09 14:35:04', '0000-00-00 00:00:00'),
(18, 1, 0, '3', '4', '5', '0000-00-00', 1, '2019-12-09 14:36:02', '0000-00-00 00:00:00'),
(19, 1, 0, '3', '4', '5', '0000-00-00', 1, '2019-12-09 14:44:35', '0000-00-00 00:00:00'),
(20, 1, 0, '3', '4', '5', '0000-00-00', 1, '2019-12-09 14:51:33', '0000-00-00 00:00:00'),
(21, 1, 0, '1', '2', '3', '0000-00-00', 1, '2019-12-09 14:55:29', '0000-00-00 00:00:00'),
(22, 1, 0, 'j', 'j', '0', '0000-00-00', 1, '2019-12-09 14:58:23', '0000-00-00 00:00:00'),
(23, 1, 0, '3', '4', '5', '0000-00-00', 1, '2019-12-09 14:59:55', '0000-00-00 00:00:00'),
(24, 1, 0, '3', '4', '5', '0000-00-00', 1, '2019-12-09 15:04:50', '0000-00-00 00:00:00'),
(25, 1, 0, '3', '4', '5', '0000-00-00', 1, '2019-12-09 15:07:42', '0000-00-00 00:00:00'),
(26, 1, 0, '3', '45', '5', '0000-00-00', 1, '2019-12-09 15:08:26', '0000-00-00 00:00:00'),
(27, 1, 0, '3', '4', '5', '0000-00-00', 1, '2019-12-09 15:09:07', '0000-00-00 00:00:00'),
(28, 0, 0, '3', '4', '5', '0000-00-00', 1, '2019-12-09 22:13:49', '0000-00-00 00:00:00'),
(29, 12, 0, '', '', '0', '0000-00-00', 1, '2019-12-10 02:18:54', '0000-00-00 00:00:00'),
(30, 13, 0, '', '', '0', '0000-00-00', 1, '2019-12-10 02:22:13', '0000-00-00 00:00:00'),
(31, 14, 0, '', '', '0', '0000-00-00', 1, '2019-12-10 02:24:59', '0000-00-00 00:00:00'),
(32, 15, 0, '', '', '0', '0000-00-00', 1, '2019-12-10 02:25:25', '0000-00-00 00:00:00'),
(33, 16, 0, '', '', '0', '0000-00-00', 1, '2019-12-10 02:26:41', '0000-00-00 00:00:00'),
(34, 17, 0, '', '', '0', '0000-00-00', 1, '2019-12-10 04:00:14', '0000-00-00 00:00:00'),
(35, 18, 0, '', '', '0', '0000-00-00', 1, '2019-12-10 04:01:50', '0000-00-00 00:00:00'),
(36, 19, 0, '', '', '0', '0000-00-00', 1, '2019-12-10 09:31:02', '0000-00-00 00:00:00'),
(37, 20, 0, '', '', '0', '0000-00-00', 1, '2019-12-10 09:32:55', '0000-00-00 00:00:00'),
(38, 21, 0, '', '', '0', '0000-00-00', 1, '2019-12-10 09:34:12', '0000-00-00 00:00:00'),
(39, 22, 0, '', '', '0', '0000-00-00', 1, '2019-12-10 09:35:04', '0000-00-00 00:00:00'),
(40, 23, 0, '', '', '0', '0000-00-00', 1, '2019-12-10 09:35:30', '0000-00-00 00:00:00'),
(41, 24, 0, '', '', '0', '0000-00-00', 1, '2019-12-10 09:42:12', '0000-00-00 00:00:00'),
(42, 25, 0, '', '', '0', '0000-00-00', 1, '2019-12-10 09:43:10', '0000-00-00 00:00:00'),
(43, 26, 0, '', '', '0', '0000-00-00', 1, '2019-12-10 09:47:32', '0000-00-00 00:00:00'),
(44, 27, 0, '', '', '0', '0000-00-00', 1, '2019-12-10 09:53:02', '0000-00-00 00:00:00'),
(45, 28, 0, '', '', '0', '0000-00-00', 1, '2019-12-10 09:53:20', '0000-00-00 00:00:00'),
(46, 29, 0, '', '', '0', '0000-00-00', 1, '2019-12-10 09:54:36', '0000-00-00 00:00:00'),
(47, 30, 0, '', '', '0', '0000-00-00', 1, '2019-12-10 09:55:08', '0000-00-00 00:00:00'),
(48, 31, 0, '', '', '0', '0000-00-00', 1, '2019-12-10 09:55:38', '0000-00-00 00:00:00'),
(49, 32, 0, '', '', '0', '0000-00-00', 1, '2019-12-10 09:56:00', '0000-00-00 00:00:00'),
(50, 33, 0, '', '', '0', '0000-00-00', 1, '2019-12-10 09:57:47', '0000-00-00 00:00:00'),
(51, 34, 0, '', '', '0', '0000-00-00', 1, '2019-12-10 09:58:53', '0000-00-00 00:00:00'),
(52, 35, 0, '3', '4', '5', '0000-00-00', 1, '2019-12-10 12:11:43', '0000-00-00 00:00:00'),
(53, 36, 0, '3', '4', '5', '0000-00-00', 1, '2019-12-10 12:12:43', '0000-00-00 00:00:00'),
(54, 37, 0, '3', '4', '56', '0000-00-00', 1, '2019-12-10 12:13:47', '0000-00-00 00:00:00'),
(55, 38, 0, '3', '4', '5', '0000-00-00', 1, '2019-12-10 12:14:40', '0000-00-00 00:00:00'),
(56, 39, 0, '3', '4', '5', '0000-00-00', 1, '2019-12-10 12:16:13', '0000-00-00 00:00:00'),
(57, 40, 0, '3', '4', '0', '0000-00-00', 1, '2019-12-10 12:17:42', '0000-00-00 00:00:00'),
(58, 41, 0, '3', '4', '5', '0000-00-00', 1, '2019-12-10 12:19:11', '0000-00-00 00:00:00'),
(59, 42, 0, '3', '4', '5', '0000-00-00', 1, '2019-12-10 12:20:19', '0000-00-00 00:00:00'),
(60, 43, 0, '3', '4', '5', '0000-00-00', 1, '2019-12-10 12:21:02', '0000-00-00 00:00:00'),
(61, 44, 0, '3', '4', '5', '0000-00-00', 1, '2019-12-10 12:22:47', '0000-00-00 00:00:00'),
(62, 45, 0, '1', '2', '3', '0000-00-00', 1, '2019-12-11 08:25:40', '0000-00-00 00:00:00'),
(63, 46, 0, '12', '3', '4', '0000-00-00', 1, '2019-12-11 08:26:11', '0000-00-00 00:00:00'),
(64, 47, 0, '1', '2', '3', '0000-00-00', 1, '2019-12-11 08:28:34', '0000-00-00 00:00:00'),
(65, 48, 0, '1', '2', '3', '0000-00-00', 1, '2019-12-11 08:32:53', '0000-00-00 00:00:00'),
(66, 49, 0, '1', '2', '3', '0000-00-00', 1, '2019-12-11 08:34:08', '0000-00-00 00:00:00'),
(67, 50, 0, 'Li', 'Sa', '34', '0000-00-00', 1, '2019-12-11 11:38:01', '0000-00-00 00:00:00'),
(68, 51, 0, 'lis', 'deve', '3404', '0000-00-00', 1, '2019-12-11 11:42:24', '0000-00-00 00:00:00'),
(69, 52, 0, 'li', 'dece', '3404', '0000-00-00', 1, '2019-12-11 11:47:22', '0000-00-00 00:00:00'),
(70, 53, 0, 'li', 'sa', '0', '0000-00-00', 1, '2019-12-11 11:48:29', '0000-00-00 00:00:00'),
(71, 54, 0, '1', '2', '3', '0000-00-00', 1, '2019-12-11 11:52:46', '0000-00-00 00:00:00'),
(72, 55, 0, 'bucho', 'hofer', '0', '0000-00-00', 1, '2019-12-11 13:54:53', '0000-00-00 00:00:00'),
(73, 56, 0, '121', '4', '4', '0000-00-00', 1, '2019-12-12 16:21:42', '0000-00-00 00:00:00'),
(74, 57, 0, '1', '1', '1', '0000-00-00', 1, '2019-12-12 17:51:41', '0000-00-00 00:00:00'),
(75, 58, 0, '1', '1', '1', '0000-00-00', 1, '2019-12-12 17:53:34', '0000-00-00 00:00:00'),
(76, 59, 0, '1', '2', '3', '0000-00-00', 1, '2019-12-12 20:41:44', '0000-00-00 00:00:00'),
(77, 60, 0, '1', '2', '3', '0000-00-00', 1, '2019-12-12 22:01:26', '0000-00-00 00:00:00'),
(78, 61, 0, '1', '2', '3', '0000-00-00', 1, '2019-12-13 00:11:52', '0000-00-00 00:00:00'),
(79, 62, 0, '1', '2', '3', '0000-00-00', 1, '2019-12-13 00:12:34', '0000-00-00 00:00:00'),
(80, 63, 0, 'li', 'ch', '0', '0000-00-00', 1, '2019-12-13 00:21:26', '0000-00-00 00:00:00'),
(81, 64, 0, '1', '2', '3', '0000-00-00', 1, '2019-12-13 00:28:33', '0000-00-00 00:00:00'),
(82, 65, 0, '1', '2', '3', '0000-00-00', 1, '2019-12-13 00:57:15', '0000-00-00 00:00:00'),
(83, 66, 0, '1', '2', '3', '0000-00-00', 1, '2019-12-13 00:59:40', '0000-00-00 00:00:00'),
(84, 67, 0, '1', '2', '3', '0000-00-00', 1, '2019-12-13 01:03:13', '0000-00-00 00:00:00'),
(85, 68, 0, 'li', 'li', '0', '0000-00-00', 1, '2019-12-13 15:29:46', '0000-00-00 00:00:00'),
(86, 69, 0, '1', '2', '3', '0000-00-00', 1, '2019-12-13 15:32:30', '0000-00-00 00:00:00'),
(87, 70, 0, '1', '2', '3', '0000-00-00', 1, '2019-12-13 15:57:47', '0000-00-00 00:00:00'),
(88, 71, 0, '55', '44', '3', '0000-00-00', 1, '2019-12-13 16:02:30', '0000-00-00 00:00:00'),
(89, 72, 0, '555', '44', '3', '0000-00-00', 1, '2019-12-13 16:05:49', '0000-00-00 00:00:00'),
(90, 73, 0, '1', '2', '3', '0000-00-00', 1, '2019-12-13 16:09:54', '0000-00-00 00:00:00'),
(91, 74, 0, '1', '2', '3', '0000-00-00', 1, '2019-12-13 16:11:11', '0000-00-00 00:00:00'),
(92, 75, 0, '1', '2', '3', '0000-00-00', 1, '2019-12-13 16:14:07', '0000-00-00 00:00:00'),
(93, 76, 0, '1', '2', '3', '0000-00-00', 1, '2019-12-13 16:14:40', '0000-00-00 00:00:00'),
(94, 77, 0, '1', '2', '3', '0000-00-00', 1, '2019-12-13 16:16:10', '0000-00-00 00:00:00'),
(95, 78, 0, '1', '2', '3', '0000-00-00', 1, '2019-12-13 16:17:24', '0000-00-00 00:00:00'),
(96, 79, 0, 'martin', 'pescador', '0', '0000-00-00', 1, '2019-12-13 16:18:42', '0000-00-00 00:00:00'),
(97, 80, 0, '1', '1', '1', '0000-00-00', 1, '2019-12-13 16:19:59', '0000-00-00 00:00:00'),
(98, 81, 0, '1', '2', '3', '0000-00-00', 1, '2019-12-13 16:22:21', '0000-00-00 00:00:00'),
(99, 82, 0, 'juacho', 'tito', '0', '0000-00-00', 1, '2019-12-13 16:23:20', '0000-00-00 00:00:00'),
(100, 83, 0, '1', '2', '3', '0000-00-00', 1, '2019-12-13 16:29:47', '0000-00-00 00:00:00'),
(101, 84, 0, '1', '1', '22', '0000-00-00', 1, '2019-12-13 16:33:15', '0000-00-00 00:00:00'),
(102, 85, 0, '1', '2', '3', '0000-00-00', 1, '2019-12-13 16:35:12', '0000-00-00 00:00:00'),
(103, 86, 0, '1', '1', '1', '0000-00-00', 1, '2019-12-13 16:36:09', '0000-00-00 00:00:00'),
(104, 87, 0, '1', '1', '1', '0000-00-00', 1, '2019-12-13 16:36:45', '0000-00-00 00:00:00'),
(105, 88, 0, 'lisi', 'dici', '0', '0000-00-00', 1, '2019-12-13 16:37:45', '0000-00-00 00:00:00'),
(106, 89, 0, '1', '2', '3', '0000-00-00', 1, '2019-12-13 16:38:56', '0000-00-00 00:00:00'),
(107, 90, 0, '1', '2', '3', '0000-00-00', 1, '2019-12-13 16:58:16', '0000-00-00 00:00:00'),
(108, 91, 0, '1', '1', '2', '0000-00-00', 1, '2019-12-13 17:02:09', '0000-00-00 00:00:00'),
(109, 92, 0, '1', '1', '1', '0000-00-00', 1, '2019-12-13 17:05:14', '0000-00-00 00:00:00'),
(110, 93, 0, '1', '1', '11', '0000-00-00', 1, '2019-12-13 17:13:26', '0000-00-00 00:00:00'),
(111, 94, 0, '1', '1', '11', '0000-00-00', 1, '2019-12-13 17:18:14', '0000-00-00 00:00:00'),
(112, 95, 0, '1', '2', '3', '0000-00-00', 1, '2019-12-13 17:20:13', '0000-00-00 00:00:00'),
(113, 96, 0, '1', '2', '3', '0000-00-00', 1, '2019-12-13 17:25:07', '0000-00-00 00:00:00'),
(114, 97, 0, '1', '2', '3', '0000-00-00', 1, '2019-12-13 17:25:37', '0000-00-00 00:00:00'),
(115, 98, 0, '1', '1', '1', '0000-00-00', 1, '2019-12-13 17:26:42', '0000-00-00 00:00:00'),
(116, 99, 0, '1', '1', '1', '0000-00-00', 1, '2019-12-13 17:28:51', '0000-00-00 00:00:00'),
(117, 100, 0, '1', '1', '1', '0000-00-00', 1, '2019-12-13 17:31:05', '0000-00-00 00:00:00'),
(118, 101, 0, '1', '1', '11', '0000-00-00', 1, '2019-12-13 17:34:01', '0000-00-00 00:00:00'),
(119, 102, 0, '1', '1', '1', '0000-00-00', 1, '2019-12-13 17:34:57', '0000-00-00 00:00:00'),
(120, 103, 0, '1', '1', '1', '0000-00-00', 1, '2019-12-13 17:36:36', '0000-00-00 00:00:00'),
(121, 104, 0, '1', '1', '1', '0000-00-00', 1, '2019-12-13 17:49:59', '0000-00-00 00:00:00'),
(122, 105, 0, '1', '1', '1', '0000-00-00', 1, '2019-12-13 17:53:03', '0000-00-00 00:00:00'),
(123, 106, 0, '1', '1', '1', '0000-00-00', 1, '2019-12-13 18:25:12', '0000-00-00 00:00:00'),
(124, 107, 0, '1', '1', '1', '0000-00-00', 1, '2019-12-13 18:26:58', '0000-00-00 00:00:00'),
(125, 108, 0, '1', '1', '1', '0000-00-00', 1, '2019-12-13 18:32:40', '0000-00-00 00:00:00'),
(126, 109, 0, '1', '1', '1', '0000-00-00', 1, '2019-12-13 18:33:57', '0000-00-00 00:00:00'),
(127, 110, 0, '1', '1', '1', '0000-00-00', 1, '2019-12-13 18:37:33', '0000-00-00 00:00:00'),
(128, 111, 0, '1', '1', '1', '0000-00-00', 1, '2019-12-13 18:47:20', '0000-00-00 00:00:00'),
(129, 112, 0, '1', '1', '1', '0000-00-00', 1, '2019-12-13 18:53:01', '0000-00-00 00:00:00'),
(130, 113, 0, '1', '1', '0', '0000-00-00', 1, '2019-12-13 18:57:27', '0000-00-00 00:00:00'),
(131, 114, 0, '1', '1', '0', '0000-00-00', 1, '2019-12-13 19:11:09', '0000-00-00 00:00:00'),
(132, 115, 0, '1', '1', '1', '0000-00-00', 1, '2019-12-13 19:11:40', '0000-00-00 00:00:00'),
(133, 116, 0, '1', '1', '1', '0000-00-00', 1, '2019-12-13 19:12:24', '0000-00-00 00:00:00'),
(134, 117, 0, '1', '1', '1', '0000-00-00', 1, '2019-12-13 19:16:54', '0000-00-00 00:00:00'),
(135, 118, 0, '1', '1', '1', '0000-00-00', 1, '2019-12-13 19:17:47', '0000-00-00 00:00:00'),
(136, 119, 0, '1', '1', '1', '0000-00-00', 1, '2019-12-13 19:18:55', '0000-00-00 00:00:00'),
(137, 120, 0, '1', '1', '1', '0000-00-00', 1, '2019-12-13 19:21:26', '0000-00-00 00:00:00'),
(138, 121, 0, '1', '1', '1', '0000-00-00', 1, '2019-12-13 19:24:34', '0000-00-00 00:00:00'),
(139, 122, 0, '1', '2', '3', '0000-00-00', 1, '2019-12-13 19:25:24', '0000-00-00 00:00:00'),
(140, 123, 0, '1', '1', '1', '0000-00-00', 1, '2019-12-13 19:26:24', '0000-00-00 00:00:00'),
(141, 124, 0, '1', '2', '3', '0000-00-00', 1, '2019-12-13 19:27:45', '0000-00-00 00:00:00'),
(142, 125, 0, '1', '1', '1', '0000-00-00', 1, '2019-12-13 19:28:21', '0000-00-00 00:00:00'),
(143, 126, 0, '1', '1', '11', '0000-00-00', 1, '2019-12-13 19:29:36', '0000-00-00 00:00:00'),
(144, 127, 0, '1', '2', '3', '0000-00-00', 1, '2019-12-13 19:37:21', '0000-00-00 00:00:00'),
(145, 128, 0, '1', '1', '1', '0000-00-00', 1, '2019-12-13 19:41:09', '0000-00-00 00:00:00'),
(146, 129, 0, '111', '1', '1', '0000-00-00', 1, '2019-12-13 19:42:34', '0000-00-00 00:00:00'),
(147, 130, 0, '1', '2', '3', '0000-00-00', 1, '2019-12-13 19:50:31', '0000-00-00 00:00:00'),
(148, 131, 0, '1', '1', '1', '0000-00-00', 1, '2019-12-13 19:52:59', '0000-00-00 00:00:00'),
(149, 132, 0, '1', '1', '1', '0000-00-00', 1, '2019-12-13 20:00:29', '0000-00-00 00:00:00'),
(150, 133, 0, '1', '1', '1', '0000-00-00', 1, '2019-12-13 20:02:03', '0000-00-00 00:00:00'),
(151, 134, 0, '41', '1', '1', '0000-00-00', 1, '2019-12-13 20:03:06', '0000-00-00 00:00:00'),
(152, 135, 0, '1', '2', '3', '0000-00-00', 1, '2019-12-13 20:04:59', '0000-00-00 00:00:00'),
(153, 136, 0, '1', '2', '3', '0000-00-00', 1, '2019-12-13 20:06:03', '0000-00-00 00:00:00'),
(154, 137, 0, '1', '1', '1', '0000-00-00', 1, '2019-12-13 20:08:02', '0000-00-00 00:00:00'),
(155, 138, 0, '1', '1', '11', '0000-00-00', 1, '2019-12-13 20:10:26', '0000-00-00 00:00:00'),
(156, 139, 0, '1', '2', '3', '0000-00-00', 1, '2019-12-13 20:11:08', '0000-00-00 00:00:00'),
(157, 140, 0, '1', '2', '3', '0000-00-00', 1, '2019-12-13 20:12:26', '0000-00-00 00:00:00'),
(158, 141, 0, '1', '1', '1', '0000-00-00', 1, '2019-12-13 20:13:20', '0000-00-00 00:00:00'),
(159, 142, 0, '1', '2', '3', '0000-00-00', 1, '2019-12-13 20:15:59', '0000-00-00 00:00:00'),
(160, 143, 0, '1', '1', '2', '0000-00-00', 1, '2019-12-13 22:33:00', '0000-00-00 00:00:00'),
(161, 144, 0, '1', '2', '0', '0000-00-00', 1, '2019-12-13 22:37:34', '0000-00-00 00:00:00'),
(162, 145, 0, '1', '2', '3', '0000-00-00', 1, '2019-12-13 22:38:11', '0000-00-00 00:00:00'),
(163, 146, 0, '1', '1', '1', '0000-00-00', 1, '2019-12-13 23:23:26', '0000-00-00 00:00:00'),
(164, 147, 0, '1', '1', '1', '0000-00-00', 1, '2019-12-13 23:24:38', '0000-00-00 00:00:00'),
(165, 148, 0, '1', '1', '1', '0000-00-00', 1, '2019-12-13 23:33:48', '0000-00-00 00:00:00'),
(166, 149, 0, '1', '1', '1', '0000-00-00', 1, '2019-12-13 23:34:13', '0000-00-00 00:00:00'),
(167, 150, 0, '1', '1', '1', '0000-00-00', 1, '2019-12-13 23:37:34', '0000-00-00 00:00:00'),
(168, 151, 0, '1', '1', '1', '0000-00-00', 1, '2019-12-13 23:39:35', '0000-00-00 00:00:00'),
(169, 152, 0, '1', '1', '1', '0000-00-00', 1, '2019-12-14 01:52:32', '0000-00-00 00:00:00'),
(170, 153, 0, '1', '1', '1', '0000-00-00', 1, '2019-12-14 01:59:55', '0000-00-00 00:00:00'),
(171, 154, 0, '1', '1', '11', '0000-00-00', 1, '2019-12-14 02:02:09', '0000-00-00 00:00:00'),
(172, 155, 0, '1', '1', '1', '0000-00-00', 1, '2019-12-14 21:46:40', '0000-00-00 00:00:00'),
(173, 156, 0, '1', '1', '1', '0000-00-00', 1, '2019-12-14 21:50:42', '0000-00-00 00:00:00'),
(174, 157, 0, '1', '1', '1', '0000-00-00', 1, '2019-12-14 21:58:03', '0000-00-00 00:00:00'),
(175, 158, 0, '1', '1', '1', '0000-00-00', 1, '2019-12-14 21:58:54', '0000-00-00 00:00:00'),
(176, 159, 0, '1', '1', '1', '0000-00-00', 1, '2019-12-14 22:00:23', '0000-00-00 00:00:00'),
(177, 160, 0, '1', '1', '+54 9 3404 507421', '0000-00-00', 1, '2019-12-15 13:24:11', '0000-00-00 00:00:00'),
(178, 161, 0, '1', '1', '1', '0000-00-00', 1, '2019-12-15 15:03:01', '0000-00-00 00:00:00'),
(179, 162, 0, '1', '2', '3', '0000-00-00', 1, '2019-12-15 20:01:38', '0000-00-00 00:00:00'),
(180, 163, 0, '1', '1', '1', '0000-00-00', 1, '2019-12-23 14:38:18', '0000-00-00 00:00:00'),
(181, 164, 0, '1', '1', '1', '0000-00-00', 1, '2019-12-23 14:50:20', '0000-00-00 00:00:00'),
(182, 165, 0, '1', '1', '1', '0000-00-00', 1, '2019-12-23 22:34:17', '0000-00-00 00:00:00'),
(183, 166, 0, '1', '1', '1', '0000-00-00', 1, '2019-12-23 22:34:51', '0000-00-00 00:00:00'),
(184, 167, 0, '1', '1', '11', '0000-00-00', 1, '2019-12-23 22:35:24', '0000-00-00 00:00:00'),
(185, 168, 0, '1', '1', '1', '0000-00-00', 1, '2019-12-23 22:36:34', '0000-00-00 00:00:00'),
(186, 169, 0, '1', '2', '1', '0000-00-00', 1, '2019-12-23 22:47:10', '0000-00-00 00:00:00'),
(187, 170, 0, '1', '1', '1', '0000-00-00', 1, '2019-12-23 22:48:59', '0000-00-00 00:00:00'),
(188, 171, 0, '1', '1', '1', '0000-00-00', 1, '2019-12-23 22:59:25', '0000-00-00 00:00:00'),
(189, 172, 0, '1', '1', '1', '0000-00-00', 1, '2019-12-23 22:59:44', '0000-00-00 00:00:00'),
(190, 173, 0, '1', '1', '1', '0000-00-00', 1, '2019-12-24 14:49:50', '0000-00-00 00:00:00'),
(191, 174, 0, '1', '1', '111', '0000-00-00', 1, '2019-12-24 15:08:14', '0000-00-00 00:00:00'),
(192, 175, 0, '1', '1', '1', '0000-00-00', 1, '2019-12-24 15:09:58', '0000-00-00 00:00:00'),
(193, 176, 0, '1', '1', '11', '0000-00-00', 1, '2019-12-24 15:17:50', '0000-00-00 00:00:00'),
(194, 177, 0, '1', '2', '3', '0000-00-00', 1, '2019-12-24 15:19:35', '0000-00-00 00:00:00'),
(195, 178, 0, '1', '1', '11', '0000-00-00', 1, '2019-12-24 15:36:40', '0000-00-00 00:00:00'),
(196, 179, 0, '1', '1', '11', '0000-00-00', 1, '2019-12-24 15:44:17', '0000-00-00 00:00:00'),
(197, 180, 0, '1', '1', '11', '0000-00-00', 1, '2019-12-24 15:46:03', '0000-00-00 00:00:00'),
(198, 181, 0, '1', '1', '11', '0000-00-00', 1, '2019-12-24 17:00:00', '0000-00-00 00:00:00'),
(199, 182, 0, '1', '1', '1', '0000-00-00', 1, '2019-12-26 10:06:57', '0000-00-00 00:00:00'),
(200, 183, 0, '1', '1', '1', '0000-00-00', 1, '2019-12-26 11:22:23', '0000-00-00 00:00:00'),
(201, 184, 0, '1', '1', '1', '0000-00-00', 1, '2019-12-26 11:24:09', '0000-00-00 00:00:00'),
(202, 185, 0, '1', '1', '1', '0000-00-00', 1, '2019-12-26 11:55:05', '0000-00-00 00:00:00'),
(203, 186, 0, '1', '1', '1', '0000-00-00', 1, '2019-12-26 11:59:41', '0000-00-00 00:00:00'),
(204, 187, 0, '1', '1', '1', '0000-00-00', 1, '2019-12-26 12:04:02', '0000-00-00 00:00:00'),
(205, 188, 0, '1', '1', '1', '0000-00-00', 1, '2019-12-26 12:04:34', '0000-00-00 00:00:00'),
(206, 189, 0, '11', '1', '1', '0000-00-00', 1, '2019-12-26 12:05:13', '0000-00-00 00:00:00'),
(207, 190, 0, '1', '1', '1', '0000-00-00', 1, '2019-12-31 15:12:38', '0000-00-00 00:00:00'),
(208, 191, 0, '4', '5', '5', '0000-00-00', 1, '2019-12-31 16:26:28', '0000-00-00 00:00:00'),
(209, 192, 0, '1', '1', '1', '0000-00-00', 1, '2019-12-31 16:29:18', '0000-00-00 00:00:00'),
(210, 193, 0, '1', '1', '1', '0000-00-00', 1, '2019-12-31 16:31:56', '0000-00-00 00:00:00'),
(211, 194, 0, '1', '1', '11', '0000-00-00', 1, '2020-01-11 12:37:36', '0000-00-00 00:00:00'),
(212, 195, 0, '1', '1', '1', '0000-00-00', 1, '2020-01-11 12:40:21', '0000-00-00 00:00:00'),
(213, 196, 0, '1', '1', '1', '0000-00-00', 1, '2020-01-11 12:52:59', '0000-00-00 00:00:00'),
(214, 197, 0, '1', '1', '1', '0000-00-00', 1, '2020-01-11 12:54:12', '0000-00-00 00:00:00'),
(215, 198, 0, '1', '1', '1', '0000-00-00', 1, '2020-01-11 13:01:08', '0000-00-00 00:00:00'),
(216, 199, 0, '1', '1', '1', '0000-00-00', 1, '2020-01-11 13:01:39', '0000-00-00 00:00:00'),
(217, 200, 0, '1', '1', '1', '0000-00-00', 1, '2020-01-11 13:06:54', '0000-00-00 00:00:00'),
(218, 201, 0, '1', '1', '11', '0000-00-00', 1, '2020-01-11 13:08:43', '0000-00-00 00:00:00'),
(219, 202, 0, '1', '1', '11', '0000-00-00', 1, '2020-01-11 13:10:11', '0000-00-00 00:00:00'),
(220, 203, 0, '1', '1', '1', '0000-00-00', 1, '2020-01-11 20:50:23', '0000-00-00 00:00:00'),
(221, 204, 0, '1', '1', '1', '0000-00-00', 1, '2020-01-11 20:53:29', '0000-00-00 00:00:00'),
(222, 205, 0, '1', '1', '1', '0000-00-00', 1, '2020-01-11 23:36:24', '0000-00-00 00:00:00'),
(223, 206, 0, '1', '1', '1', '0000-00-00', 1, '2020-01-12 15:48:54', '0000-00-00 00:00:00'),
(224, 207, 0, '1', '1', '1', '0000-00-00', 1, '2020-01-12 15:54:28', '0000-00-00 00:00:00'),
(225, 208, 0, '111', '1', '1', '0000-00-00', 1, '2020-01-12 15:55:58', '0000-00-00 00:00:00'),
(226, 209, 0, '1', '1', '11', '0000-00-00', 1, '2020-01-12 17:36:10', '0000-00-00 00:00:00'),
(227, 210, 0, '11', '1', '1', '0000-00-00', 1, '2020-01-12 17:37:54', '0000-00-00 00:00:00'),
(228, 211, 0, '1', '1', '1', '0000-00-00', 1, '2020-01-12 17:40:23', '0000-00-00 00:00:00'),
(229, 212, 0, '1', '1', '1', '0000-00-00', 1, '2020-01-12 17:42:53', '0000-00-00 00:00:00'),
(230, 213, 0, '11', '1', '1', '0000-00-00', 1, '2020-01-12 18:00:29', '0000-00-00 00:00:00'),
(231, 214, 0, '1', '1', '1', '0000-00-00', 1, '2020-01-12 18:18:33', '0000-00-00 00:00:00'),
(232, 215, 0, '1', '1', '1', '0000-00-00', 1, '2020-01-12 18:21:36', '0000-00-00 00:00:00'),
(233, 216, 0, '1', '1', '', '0000-00-00', 1, '2020-01-12 19:00:50', '0000-00-00 00:00:00'),
(234, 217, 0, '1', '1', '', '0000-00-00', 1, '2020-01-12 19:03:08', '0000-00-00 00:00:00'),
(235, 218, 0, '1', '1', '1', '0000-00-00', 1, '2020-01-12 19:03:29', '0000-00-00 00:00:00'),
(236, 219, 0, '1', '1', '1', '0000-00-00', 1, '2020-01-12 19:06:04', '0000-00-00 00:00:00'),
(237, 220, 0, 'Lisandro', 'Dalla Costa', '3404', '0000-00-00', 1, '2020-01-12 19:54:27', '0000-00-00 00:00:00'),
(238, 221, 0, '1', '1', '1', '0000-00-00', 1, '2020-01-12 19:57:36', '0000-00-00 00:00:00'),
(239, 222, 0, '1', '1', '1', '0000-00-00', 1, '2020-01-12 19:58:25', '0000-00-00 00:00:00'),
(240, 223, 0, '1', '1', '11', '0000-00-00', 1, '2020-01-12 20:00:21', '0000-00-00 00:00:00'),
(241, 224, 0, '1', '1', '1', '0000-00-00', 1, '2020-01-12 20:03:32', '0000-00-00 00:00:00'),
(242, 225, 0, '1', '1', '1', '0000-00-00', 1, '2020-01-12 20:04:34', '0000-00-00 00:00:00'),
(243, 226, 0, '1', '1', '1', '0000-00-00', 1, '2020-01-12 20:05:55', '0000-00-00 00:00:00'),
(244, 227, 0, '1', '1', '1', '0000-00-00', 1, '2020-01-12 20:06:42', '0000-00-00 00:00:00'),
(245, 228, 0, '111', '1', '1', '0000-00-00', 1, '2020-01-12 20:07:50', '0000-00-00 00:00:00'),
(246, 229, 0, '1!!!', '1', '1', '0000-00-00', 1, '2020-01-12 20:09:29', '0000-00-00 00:00:00'),
(247, 230, 0, '1!!', '1', '1', '0000-00-00', 1, '2020-01-12 20:10:14', '0000-00-00 00:00:00'),
(248, 231, 0, '1', '11', '', '0000-00-00', 1, '2020-01-12 20:14:08', '0000-00-00 00:00:00'),
(249, 232, 0, '1', '1', '1', '0000-00-00', 1, '2020-01-12 20:21:40', '0000-00-00 00:00:00'),
(250, 233, 0, 'Lisandro', 'Dalla Costa', '3404', '0000-00-00', 1, '2020-01-12 20:22:04', '0000-00-00 00:00:00'),
(251, 234, 0, 'li', 'sa', 'ndro', '0000-00-00', 1, '2020-01-12 20:29:26', '0000-00-00 00:00:00'),
(252, 235, 0, '1', '1', '1', '0000-00-00', 1, '2020-01-12 20:33:33', '0000-00-00 00:00:00'),
(253, 236, 0, '1', '1', '1', '0000-00-00', 1, '2020-01-13 11:49:35', '0000-00-00 00:00:00'),
(254, 237, 0, '1', '1', '1', '0000-00-00', 1, '2020-01-13 11:51:13', '0000-00-00 00:00:00'),
(255, 238, 0, '1', '1', '1', '0000-00-00', 1, '2020-01-13 11:51:52', '0000-00-00 00:00:00'),
(256, 239, 0, '1', '1', '11', '0000-00-00', 1, '2020-01-13 12:11:39', '0000-00-00 00:00:00'),
(257, 240, 0, '1', '1', '1', '0000-00-00', 1, '2020-01-13 12:14:15', '0000-00-00 00:00:00'),
(258, 241, 0, '1', '1', '1', '0000-00-00', 1, '2020-01-13 12:16:26', '0000-00-00 00:00:00'),
(259, 242, 0, '1', '2', '3', '0000-00-00', 1, '2020-01-13 12:18:20', '0000-00-00 00:00:00'),
(260, 243, 0, '1', '1', '1', '0000-00-00', 1, '2020-01-13 12:21:54', '0000-00-00 00:00:00'),
(261, 244, 0, '1', '1', '1', '0000-00-00', 1, '2020-01-13 12:25:01', '0000-00-00 00:00:00'),
(262, 245, 0, '1', '1', '1', '0000-00-00', 1, '2020-01-13 12:29:27', '0000-00-00 00:00:00'),
(263, 246, 0, '1', '1', '1', '0000-00-00', 1, '2020-01-13 12:30:57', '0000-00-00 00:00:00'),
(264, 247, 0, 'Lisandro', 'Dalla Costa', '3404 507421', '0000-00-00', 1, '2020-01-13 12:32:01', '0000-00-00 00:00:00'),
(265, 248, 0, '1', '1', '1', '0000-00-00', 1, '2020-01-13 12:33:27', '0000-00-00 00:00:00'),
(266, 249, 0, 'Lisandro', 'Dalla Costa', '3404 507421', '0000-00-00', 1, '2020-01-13 12:33:48', '0000-00-00 00:00:00'),
(267, 250, 0, '1', '1', '', '0000-00-00', 1, '2020-01-13 12:53:43', '0000-00-00 00:00:00'),
(268, 251, 0, '1', '1', '1', '0000-00-00', 1, '2020-01-13 23:20:15', '0000-00-00 00:00:00'),
(269, 252, 0, '1', '1', '1', '0000-00-00', 1, '2020-01-20 18:57:12', '0000-00-00 00:00:00'),
(270, 253, 0, '1', '1', '1', '0000-00-00', 1, '2020-01-20 19:02:41', '0000-00-00 00:00:00'),
(271, 254, 0, '1', '1', '1', '0000-00-00', 1, '2020-01-20 19:03:35', '0000-00-00 00:00:00'),
(272, 255, 0, '1', '1', '1', '0000-00-00', 1, '2020-01-20 19:05:15', '0000-00-00 00:00:00'),
(273, 256, 0, '1', '1', '1', '0000-00-00', 1, '2020-01-20 19:16:08', '0000-00-00 00:00:00'),
(274, 257, 0, '1', '1', '1', '0000-00-00', 1, '2020-01-20 19:17:26', '0000-00-00 00:00:00'),
(275, 258, 0, '1111', '1', '1', '0000-00-00', 1, '2020-01-20 19:18:48', '0000-00-00 00:00:00'),
(276, 259, 0, '1', '1', '11', '0000-00-00', 1, '2020-01-20 19:20:44', '0000-00-00 00:00:00'),
(277, 260, 0, '11111', '1', '1', '0000-00-00', 1, '2020-01-20 19:22:53', '0000-00-00 00:00:00'),
(278, 261, 0, '1', '1', '1', '0000-00-00', 1, '2020-01-20 19:25:54', '0000-00-00 00:00:00'),
(279, 262, 0, '1', '1', '1', '0000-00-00', 1, '2020-01-20 19:55:00', '0000-00-00 00:00:00'),
(280, 263, 0, '1', '1', '1', '0000-00-00', 1, '2020-01-20 19:57:44', '0000-00-00 00:00:00'),
(281, 264, 0, '1', '1', '1', '0000-00-00', 1, '2020-01-20 20:01:55', '0000-00-00 00:00:00'),
(282, 265, 0, '1', '1', '1', '0000-00-00', 1, '2020-01-20 20:02:23', '0000-00-00 00:00:00'),
(283, 266, 0, '1', '1', '1', '0000-00-00', 1, '2020-01-20 20:03:04', '0000-00-00 00:00:00'),
(284, 267, 0, '1', '1', '1', '0000-00-00', 1, '2020-01-20 20:29:36', '0000-00-00 00:00:00'),
(285, 268, 0, '1', '1', '11', '0000-00-00', 1, '2020-01-20 20:39:31', '0000-00-00 00:00:00'),
(286, 269, 0, '1', '1', '11', '0000-00-00', 1, '2020-01-20 20:40:49', '0000-00-00 00:00:00'),
(287, 270, 0, '1', '1', '1', '0000-00-00', 1, '2020-01-20 20:44:27', '0000-00-00 00:00:00'),
(288, 271, 0, '1', '1', '11', '0000-00-00', 1, '2020-01-20 20:46:29', '0000-00-00 00:00:00'),
(289, 272, 0, '1', '1', '1', '0000-00-00', 1, '2020-01-20 20:47:16', '0000-00-00 00:00:00'),
(290, 273, 0, '1', '1', '1', '0000-00-00', 1, '2020-01-20 20:47:44', '0000-00-00 00:00:00'),
(291, 274, 0, '1', '1', '1', '0000-00-00', 1, '2020-01-20 20:49:28', '0000-00-00 00:00:00'),
(292, 275, 0, '1', '1', '1', '0000-00-00', 1, '2020-01-20 20:52:31', '0000-00-00 00:00:00'),
(293, 276, 0, '1', '1', '1', '0000-00-00', 1, '2020-01-20 20:53:00', '0000-00-00 00:00:00'),
(294, 277, 0, '1', '1', '1', '0000-00-00', 1, '2020-01-20 20:53:21', '0000-00-00 00:00:00'),
(295, 278, 0, '1', '1', '1', '0000-00-00', 1, '2020-01-20 20:55:52', '0000-00-00 00:00:00'),
(296, 279, 0, '1', '1', '1', '0000-00-00', 1, '2020-01-20 20:56:40', '0000-00-00 00:00:00'),
(297, 280, 0, '1', '1', '1', '0000-00-00', 1, '2020-01-20 21:19:10', '0000-00-00 00:00:00'),
(298, 281, 0, '1', '1', '1', '0000-00-00', 1, '2020-01-20 21:25:17', '0000-00-00 00:00:00'),
(299, 282, 0, '1', '1', '1', '0000-00-00', 1, '2020-01-21 15:47:29', '0000-00-00 00:00:00'),
(300, 283, 0, '1', '1', '1', '0000-00-00', 1, '2020-01-21 15:56:09', '0000-00-00 00:00:00'),
(301, 284, 0, '1', '1', '1', '0000-00-00', 1, '2020-01-21 15:57:00', '0000-00-00 00:00:00'),
(302, 285, 0, '1', '1', '1', '0000-00-00', 1, '2020-01-21 15:58:19', '0000-00-00 00:00:00'),
(303, 286, 0, '1', '1', '1', '0000-00-00', 1, '2020-01-21 21:14:24', '0000-00-00 00:00:00'),
(304, 287, 0, '1', '1', '1', '0000-00-00', 1, '2020-01-21 21:18:59', '0000-00-00 00:00:00'),
(305, 288, 0, '1', '1', '1', '0000-00-00', 1, '2020-01-21 22:29:32', '0000-00-00 00:00:00'),
(306, 289, 0, '1', '1', '1', '0000-00-00', 1, '2020-01-22 13:24:53', '0000-00-00 00:00:00'),
(307, 290, 0, '1', '1', '11', '0000-00-00', 1, '2020-01-22 13:25:11', '0000-00-00 00:00:00'),
(308, 291, 0, '1', '1', '1', '0000-00-00', 1, '2020-01-25 20:09:24', '0000-00-00 00:00:00'),
(309, 292, 0, '1', '1', '1', '0000-00-00', 1, '2020-01-25 20:13:42', '0000-00-00 00:00:00'),
(310, 293, 0, '12', '12', '12', '0000-00-00', 1, '2020-02-08 19:41:34', '0000-00-00 00:00:00'),
(311, 294, 0, '12', '12', '12', '0000-00-00', 1, '2020-02-08 19:42:07', '0000-00-00 00:00:00'),
(312, 295, 0, '', '', '', '0000-00-00', 1, '2020-02-15 17:38:21', '0000-00-00 00:00:00'),
(313, 296, 0, '', '', '', '0000-00-00', 1, '2020-02-15 17:40:55', '0000-00-00 00:00:00'),
(314, 297, 0, '', '', '', '0000-00-00', 1, '2020-02-15 17:42:13', '0000-00-00 00:00:00'),
(315, 298, 0, '', '', '', '0000-00-00', 1, '2020-02-15 17:42:44', '0000-00-00 00:00:00'),
(316, 299, 0, '', '', '', '0000-00-00', 1, '2020-02-15 17:58:49', '0000-00-00 00:00:00'),
(317, 300, 0, '', '', '', '0000-00-00', 1, '2020-02-15 18:52:24', '0000-00-00 00:00:00'),
(318, 301, 0, '', '', '', '0000-00-00', 1, '2020-02-15 21:13:19', '0000-00-00 00:00:00'),
(319, 302, 0, '', '', '', '0000-00-00', 1, '2020-02-15 21:17:40', '0000-00-00 00:00:00'),
(320, 303, 0, '', '', '', '0000-00-00', 1, '2020-02-15 21:29:58', '0000-00-00 00:00:00'),
(321, 304, 0, '', '', '', '0000-00-00', 1, '2020-02-15 21:41:29', '0000-00-00 00:00:00'),
(322, 305, 0, '', '', '', '0000-00-00', 1, '2020-02-15 21:43:04', '0000-00-00 00:00:00'),
(323, 306, 0, '', '', '', '0000-00-00', 1, '2020-02-15 21:43:40', '0000-00-00 00:00:00'),
(324, 307, 0, '', '', '', '0000-00-00', 1, '2020-02-15 21:44:59', '0000-00-00 00:00:00'),
(325, 308, 0, '1', '1', '1', '0000-00-00', 1, '2020-02-15 21:46:57', '0000-00-00 00:00:00'),
(326, 309, 0, '1', '1', '1', '0000-00-00', 1, '2020-02-22 13:22:04', '0000-00-00 00:00:00'),
(327, 310, 0, '1', '1', '1', '0000-00-00', 1, '2020-02-22 15:20:56', '0000-00-00 00:00:00'),
(328, 311, 0, '1', '1', '1', '0000-00-00', 1, '2020-02-22 15:21:10', '0000-00-00 00:00:00'),
(329, 312, 0, '1', '1', '1', '0000-00-00', 1, '2020-02-22 15:23:57', '0000-00-00 00:00:00'),
(330, 313, 0, '1', '1', '1', '0000-00-00', 1, '2020-02-22 15:24:24', '0000-00-00 00:00:00'),
(331, 314, 0, '1', '1', '1', '0000-00-00', 1, '2020-02-22 15:36:21', '0000-00-00 00:00:00'),
(332, 315, 0, '', '', '', '0000-00-00', 1, '2020-02-22 21:23:58', '0000-00-00 00:00:00'),
(333, 316, 0, '1', '1', '11', '0000-00-00', 1, '2020-02-23 10:38:19', '0000-00-00 00:00:00'),
(334, 317, 0, '1', '1', '1', '0000-00-00', 1, '2020-02-23 16:08:54', '0000-00-00 00:00:00'),
(335, 318, 0, '', '', '', '0000-00-00', 1, '2020-02-23 22:16:42', '0000-00-00 00:00:00'),
(336, 319, 0, '', '', '', '0000-00-00', 1, '2020-02-28 14:04:12', '0000-00-00 00:00:00'),
(337, 320, 0, '', '', '', '0000-00-00', 1, '2020-02-28 14:07:42', '0000-00-00 00:00:00'),
(338, 321, 0, '', '', '', '0000-00-00', 1, '2020-02-28 14:33:15', '0000-00-00 00:00:00'),
(339, 322, 0, '', '', '', '0000-00-00', 1, '2020-02-28 14:35:51', '0000-00-00 00:00:00'),
(340, 323, 0, '', '', '', '0000-00-00', 1, '2020-02-28 14:41:30', '0000-00-00 00:00:00'),
(341, 324, 0, '', '', '', '0000-00-00', 1, '2020-02-28 15:03:03', '0000-00-00 00:00:00'),
(342, 325, 0, '', '', '', '0000-00-00', 1, '2020-02-28 15:09:55', '0000-00-00 00:00:00'),
(343, 326, 0, '', '', '', '0000-00-00', 1, '2020-02-28 15:10:55', '0000-00-00 00:00:00'),
(344, 327, 0, '', '', '', '0000-00-00', 1, '2020-02-28 15:12:17', '0000-00-00 00:00:00'),
(345, 328, 0, '', '', '', '0000-00-00', 1, '2020-02-28 15:26:05', '0000-00-00 00:00:00'),
(346, 329, 0, '', '', '', '0000-00-00', 1, '2020-02-28 15:27:26', '0000-00-00 00:00:00'),
(347, 330, 0, '', '', '', '0000-00-00', 1, '2020-02-28 15:32:43', '0000-00-00 00:00:00'),
(348, 331, 0, '', '', '', '0000-00-00', 1, '2020-03-01 15:29:45', '0000-00-00 00:00:00'),
(349, 332, 0, '', '', '', '0000-00-00', 1, '2020-03-01 15:30:02', '0000-00-00 00:00:00'),
(350, 333, 0, '', '', '', '0000-00-00', 1, '2020-03-01 15:53:25', '0000-00-00 00:00:00'),
(351, 334, 0, '', '', '', '0000-00-00', 1, '2020-03-01 15:57:08', '0000-00-00 00:00:00'),
(352, 335, 0, '', '', '', '0000-00-00', 1, '2020-03-01 15:57:41', '0000-00-00 00:00:00'),
(353, 336, 0, '', '', '', '0000-00-00', 1, '2020-03-01 15:59:10', '0000-00-00 00:00:00'),
(354, 337, 0, '', '', '', '0000-00-00', 1, '2020-03-01 16:05:51', '0000-00-00 00:00:00'),
(355, 338, 0, '', '', '', '0000-00-00', 1, '2020-03-01 16:08:13', '0000-00-00 00:00:00'),
(356, 339, 0, '', '', '', '0000-00-00', 1, '2020-03-01 16:08:57', '0000-00-00 00:00:00'),
(357, 340, 0, '', '', '', '0000-00-00', 1, '2020-03-01 16:10:09', '0000-00-00 00:00:00'),
(358, 341, 0, '', '', '', '0000-00-00', 1, '2020-03-01 18:12:34', '0000-00-00 00:00:00'),
(359, 342, 0, '', '', '', '0000-00-00', 1, '2020-03-01 18:19:38', '0000-00-00 00:00:00'),
(360, 343, 0, '', '', '', '0000-00-00', 1, '2020-03-01 18:19:52', '0000-00-00 00:00:00'),
(361, 344, 0, '', '', '', '0000-00-00', 1, '2020-03-01 18:20:27', '0000-00-00 00:00:00'),
(362, 345, 0, '1', '1', '1', '0000-00-00', 1, '2020-03-01 18:21:51', '0000-00-00 00:00:00'),
(363, 346, 0, '', '', '', '0000-00-00', 1, '2020-03-01 18:22:23', '0000-00-00 00:00:00'),
(364, 347, 0, '', '', '', '0000-00-00', 1, '2020-03-01 18:23:41', '0000-00-00 00:00:00'),
(365, 348, 0, '', '', '', '0000-00-00', 1, '2020-03-01 18:24:02', '0000-00-00 00:00:00'),
(366, 349, 0, '', '', '', '0000-00-00', 1, '2020-03-01 18:26:29', '0000-00-00 00:00:00'),
(367, 350, 0, '', '', '', '0000-00-00', 1, '2020-03-01 18:31:44', '0000-00-00 00:00:00'),
(368, 351, 0, '', '', '', '0000-00-00', 1, '2020-03-01 18:32:00', '0000-00-00 00:00:00'),
(369, 352, 0, '', '', '', '0000-00-00', 1, '2020-03-01 18:32:09', '0000-00-00 00:00:00'),
(370, 353, 0, '', '', '', '0000-00-00', 1, '2020-03-01 18:32:20', '0000-00-00 00:00:00'),
(371, 354, 0, '1', '1', '1', '0000-00-00', 1, '2020-03-01 19:17:27', '0000-00-00 00:00:00'),
(372, 355, 0, 'q', 'q', '', '0000-00-00', 1, '2020-03-01 20:58:04', '0000-00-00 00:00:00'),
(373, 356, 0, '1', '1', '1', '0000-00-00', 1, '2020-03-01 21:02:29', '0000-00-00 00:00:00'),
(374, 357, 0, '1', '1', '1', '0000-00-00', 1, '2020-03-01 21:04:42', '0000-00-00 00:00:00'),
(375, 358, 0, '1', '1', '1', '0000-00-00', 1, '2020-03-01 21:07:06', '0000-00-00 00:00:00'),
(376, 359, 0, '1', '1', '1', '0000-00-00', 1, '2020-03-01 21:13:41', '0000-00-00 00:00:00'),
(377, 360, 0, '1', '1', '1', '0000-00-00', 1, '2020-03-01 21:14:11', '0000-00-00 00:00:00'),
(378, 361, 0, '1', '1', '1', '0000-00-00', 1, '2020-03-01 21:15:02', '0000-00-00 00:00:00'),
(379, 362, 0, '1', '1', '1', '0000-00-00', 1, '2020-03-01 21:17:28', '0000-00-00 00:00:00'),
(380, 363, 0, '1', '1', '1', '0000-00-00', 1, '2020-03-01 21:17:42', '0000-00-00 00:00:00'),
(381, 364, 0, '1', '1', '1', '0000-00-00', 1, '2020-03-01 21:55:26', '0000-00-00 00:00:00'),
(382, 365, 0, '1', '1', '1', '0000-00-00', 1, '2020-03-01 21:57:39', '0000-00-00 00:00:00'),
(383, 366, 0, '1', '1', '1', '0000-00-00', 1, '2020-03-02 14:07:35', '0000-00-00 00:00:00'),
(384, 367, 0, '1', '1', '1', '0000-00-00', 1, '2020-03-02 14:07:52', '0000-00-00 00:00:00'),
(385, 368, 0, '1', '1', '1', '0000-00-00', 1, '2020-03-02 14:15:35', '0000-00-00 00:00:00'),
(386, 369, 0, '1', '1', '1', '0000-00-00', 1, '2020-03-02 14:16:04', '0000-00-00 00:00:00'),
(387, 370, 0, '1', '1', '1', '0000-00-00', 1, '2020-03-06 02:03:48', '0000-00-00 00:00:00'),
(388, 371, 0, '', '', '', '0000-00-00', 1, '2020-03-07 14:58:11', '0000-00-00 00:00:00'),
(389, 372, 0, '1', '1', '1', '0000-00-00', 1, '2020-03-16 09:34:16', '0000-00-00 00:00:00'),
(390, 373, 0, '1', '1', '1', '0000-00-00', 1, '2020-03-16 22:42:09', '0000-00-00 00:00:00'),
(391, 374, 0, '11', '1', '1', '0000-00-00', 1, '2020-03-16 22:53:16', '0000-00-00 00:00:00'),
(392, 375, 0, '1', '1', '1', '0000-00-00', 1, '2020-03-19 21:38:54', '0000-00-00 00:00:00'),
(393, 376, 0, '1', '1', '11', '0000-00-00', 1, '2020-03-24 23:06:59', '0000-00-00 00:00:00'),
(394, 377, 0, '1', '1', '1', '0000-00-00', 1, '2020-03-24 23:10:26', '0000-00-00 00:00:00'),
(395, 378, 0, '1', '1', '1', '0000-00-00', 1, '2020-03-26 11:11:24', '0000-00-00 00:00:00'),
(396, 379, 0, '1', '1', '1', '0000-00-00', 1, '2020-03-26 11:36:05', '0000-00-00 00:00:00'),
(397, 380, 0, '1', '11', '1', '0000-00-00', 1, '2020-03-26 11:38:41', '0000-00-00 00:00:00'),
(398, 381, 0, '1', '1', '1', '0000-00-00', 1, '2020-03-26 11:39:18', '0000-00-00 00:00:00'),
(399, 382, 0, 'qq', 'q', 'q', '0000-00-00', 1, '2020-03-26 11:43:05', '0000-00-00 00:00:00'),
(400, 383, 0, 'Lisandro Marcelo de los Santos', 'Dalla Costa Hofer', '1', '0000-00-00', 1, '2020-03-26 11:47:48', '0000-00-00 00:00:00'),
(401, 384, 0, '1', '1', '1', '0000-00-00', 1, '2020-03-29 18:55:55', '0000-00-00 00:00:00'),
(402, 385, 0, '1', '1', '1', '0000-00-00', 1, '2020-03-29 18:58:08', '0000-00-00 00:00:00'),
(403, 386, 0, '1', '1', '1', '0000-00-00', 1, '2020-03-29 18:59:10', '0000-00-00 00:00:00'),
(404, 387, 0, '1', '1', '1', '0000-00-00', 1, '2020-04-04 17:25:12', '0000-00-00 00:00:00'),
(405, 388, 0, '1', '11', '', '0000-00-00', 1, '2020-04-04 17:25:47', '0000-00-00 00:00:00'),
(406, 389, 0, '', '', '', '0000-00-00', 1, '2020-04-04 17:26:29', '0000-00-00 00:00:00'),
(407, 390, 0, '', '', '', '0000-00-00', 1, '2020-04-04 17:30:36', '0000-00-00 00:00:00'),
(408, 391, 0, '', '', '', '0000-00-00', 1, '2020-04-04 17:31:48', '0000-00-00 00:00:00'),
(409, 392, 0, '', '', '', '0000-00-00', 1, '2020-04-04 17:33:05', '0000-00-00 00:00:00'),
(410, 393, 0, 'licha', 'lindo', '', '0000-00-00', 1, '2020-04-04 17:58:35', '0000-00-00 00:00:00'),
(411, 394, 0, 'lisa', 'ndro', '', '0000-00-00', 1, '2020-04-04 17:59:42', '0000-00-00 00:00:00'),
(412, 395, 0, '', '', '', '0000-00-00', 1, '2020-04-04 18:00:39', '0000-00-00 00:00:00'),
(413, 396, 0, '', '', '', '0000-00-00', 1, '2020-04-04 18:09:19', '0000-00-00 00:00:00'),
(414, 397, 0, '', '', '', '0000-00-00', 1, '2020-04-04 20:36:34', '0000-00-00 00:00:00'),
(415, 398, 0, '1', '1', '1', '0000-00-00', 1, '2020-04-08 18:50:57', '0000-00-00 00:00:00'),
(416, 399, 0, '1', '11', '1', '0000-00-00', 1, '2020-04-08 18:54:51', '0000-00-00 00:00:00'),
(417, 400, 0, '1', '11', '1', '0000-00-00', 1, '2020-04-09 13:23:30', '0000-00-00 00:00:00'),
(418, 401, 0, '1', '1', '11', '0000-00-00', 1, '2020-04-09 13:33:52', '0000-00-00 00:00:00'),
(419, 402, 0, '1', '1', '1', '0000-00-00', 1, '2020-04-09 13:54:24', '0000-00-00 00:00:00'),
(420, 403, 0, '1', '1', '11', '0000-00-00', 1, '2020-04-09 13:58:53', '0000-00-00 00:00:00'),
(421, 404, 0, '1', '1', '1', '0000-00-00', 1, '2020-04-09 14:01:06', '0000-00-00 00:00:00'),
(422, 405, 0, '1', '1', '1', '0000-00-00', 1, '2020-04-09 14:01:56', '0000-00-00 00:00:00'),
(423, 406, 0, '1', '1', '1', '0000-00-00', 1, '2020-04-09 14:02:42', '0000-00-00 00:00:00'),
(424, 407, 0, '1', '1', '1', '0000-00-00', 1, '2020-04-09 14:03:26', '0000-00-00 00:00:00'),
(425, 408, 0, '111', '1', '1', '0000-00-00', 1, '2020-04-09 14:04:47', '0000-00-00 00:00:00'),
(426, 409, 0, '1', '1', '11', '0000-00-00', 1, '2020-04-09 17:44:31', '0000-00-00 00:00:00'),
(427, 410, 0, '1', '1', '1', '0000-00-00', 1, '2020-04-09 17:45:22', '0000-00-00 00:00:00'),
(428, 411, 0, '1', '1', '1', '0000-00-00', 1, '2020-04-09 17:46:48', '0000-00-00 00:00:00'),
(429, 412, 0, '1', '1', '1', '0000-00-00', 1, '2020-04-09 17:47:17', '0000-00-00 00:00:00'),
(430, 413, 0, '1', '1', '1', '0000-00-00', 1, '2020-04-09 17:47:59', '0000-00-00 00:00:00'),
(431, 414, 0, '1', '1', '111', '0000-00-00', 1, '2020-04-10 09:10:57', '0000-00-00 00:00:00'),
(432, 415, 0, '1', '11', '1', '0000-00-00', 1, '2020-04-10 09:39:56', '0000-00-00 00:00:00'),
(433, 416, 0, 'li', 'li', 'li', '0000-00-00', 1, '2020-04-10 09:44:59', '0000-00-00 00:00:00'),
(434, 417, 0, '1', '1', '11', '0000-00-00', 1, '2020-04-10 09:48:49', '0000-00-00 00:00:00'),
(435, 418, 0, '1', '1', '1', '0000-00-00', 1, '2020-04-10 09:50:03', '0000-00-00 00:00:00'),
(436, 419, 0, 'si', 'si', 'si', '0000-00-00', 1, '2020-04-10 09:52:03', '0000-00-00 00:00:00'),
(437, 420, 0, '4', '4', '44', '0000-00-00', 1, '2020-04-10 09:56:39', '0000-00-00 00:00:00'),
(438, 421, 0, '1', '1', '1', '0000-00-00', 1, '2020-04-10 09:57:32', '0000-00-00 00:00:00'),
(439, 422, 0, '1', '1', '1', '0000-00-00', 1, '2020-04-10 10:00:56', '0000-00-00 00:00:00'),
(440, 423, 0, '1', '1', '1', '0000-00-00', 1, '2020-04-10 10:02:15', '0000-00-00 00:00:00'),
(441, 424, 0, '1', '1', '1', '0000-00-00', 1, '2020-04-10 10:03:56', '0000-00-00 00:00:00'),
(442, 425, 0, '1', '1', '1', '0000-00-00', 1, '2020-04-10 10:05:40', '0000-00-00 00:00:00'),
(443, 426, 0, '1', '1', '1', '0000-00-00', 1, '2020-04-10 10:07:56', '0000-00-00 00:00:00'),
(444, 427, 0, '1', '1', '1', '0000-00-00', 1, '2020-04-11 06:02:14', '0000-00-00 00:00:00'),
(445, 428, 0, 'Sin cambio de stock', '1', '', '0000-00-00', 1, '2020-04-11 06:06:34', '0000-00-00 00:00:00'),
(446, 429, 0, 'no guardo', 'info', '1', '0000-00-00', 1, '2020-04-11 06:07:18', '0000-00-00 00:00:00'),
(447, 430, 0, 'no guardo', 'cambio', '1', '0000-00-00', 1, '2020-04-11 06:08:09', '0000-00-00 00:00:00'),
(448, 431, 0, 'guardo', 'cambios', '', '0000-00-00', 1, '2020-04-11 06:11:54', '0000-00-00 00:00:00'),
(449, 432, 0, 'guardo', 'si', '1', '0000-00-00', 1, '2020-04-11 06:12:45', '0000-00-00 00:00:00'),
(450, 433, 0, '', '', '', '0000-00-00', 1, '2020-04-14 20:58:20', '0000-00-00 00:00:00'),
(451, 434, 0, '', '', '', '0000-00-00', 1, '2020-04-14 21:00:28', '0000-00-00 00:00:00'),
(452, 435, 0, '', '', '', '0000-00-00', 1, '2020-04-14 21:03:23', '0000-00-00 00:00:00'),
(453, 436, 0, '', '', '', '0000-00-00', 1, '2020-04-14 21:05:22', '0000-00-00 00:00:00'),
(454, 437, 0, '', '', '', '0000-00-00', 1, '2020-04-14 21:06:47', '0000-00-00 00:00:00'),
(455, 438, 0, '', '', '', '0000-00-00', 1, '2020-04-14 23:17:18', '0000-00-00 00:00:00');

-- --------------------------------------------------------

--
-- Estructura de tabla para la tabla `buyers_temporal`
--

CREATE TABLE `buyers_temporal` (
  `id` int(11) NOT NULL,
  `email` varchar(200) NOT NULL,
  `password` varchar(50) NOT NULL
) ENGINE=InnoDB DEFAULT CHARSET=utf8;

--
-- Volcado de datos para la tabla `buyers_temporal`
--

INSERT INTO `buyers_temporal` (`id`, `email`, `password`) VALUES
(1, '1', 'adef4860'),
(2, '1', 'adef4860'),
(3, 'mimail', 'mipass'),
(4, 'j', 'adef4860'),
(5, '1', 'adef4860'),
(6, '1', 'adef4860'),
(7, '1', 'adef4860'),
(8, '1', 'adef4860'),
(9, '1', 'adef4860'),
(10, '1', 'adef4860');

-- --------------------------------------------------------

--
-- Estructura de tabla para la tabla `cities`
--

CREATE TABLE `cities` (
  `id` int(11) NOT NULL,
  `city` varchar(70) NOT NULL
) ENGINE=InnoDB DEFAULT CHARSET=utf8;

--
-- Volcado de datos para la tabla `cities`
--

INSERT INTO `cities` (`id`, `city`) VALUES
(0, 'El Mundo'),
(1, 'San Carlos Centro'),
(2, 'San Carlos Sur'),
(3, 'San Carlos Norte'),
(4, 'Gessler'),
(5, 'Matilde');

-- --------------------------------------------------------

--
-- Estructura de tabla para la tabla `config`
--

CREATE TABLE `config` (
  `id` int(11) NOT NULL,
  `branchID` int(1) NOT NULL,
  `isStoreOpen` tinyint(1) NOT NULL DEFAULT '1',
  `isStockWorking` tinyint(1) NOT NULL DEFAULT '1'
) ENGINE=InnoDB DEFAULT CHARSET=utf8;

--
-- Volcado de datos para la tabla `config`
--

INSERT INTO `config` (`id`, `branchID`, `isStoreOpen`, `isStockWorking`) VALUES
(1, 1, 1, 1);

-- --------------------------------------------------------

--
-- Estructura de tabla para la tabla `employees`
--

CREATE TABLE `employees` (
  `id` int(11) NOT NULL,
  `roleID` int(11) NOT NULL,
  `dni` varchar(15) NOT NULL,
  `name` varchar(50) NOT NULL,
  `surname` varchar(50) NOT NULL,
  `cuit` varchar(20) NOT NULL,
  `dateJoined` timestamp NOT NULL DEFAULT CURRENT_TIMESTAMP,
  `address` varchar(200) NOT NULL
) ENGINE=InnoDB DEFAULT CHARSET=utf8;

--
-- Volcado de datos para la tabla `employees`
--

INSERT INTO `employees` (`id`, `roleID`, `dni`, `name`, `surname`, `cuit`, `dateJoined`, `address`) VALUES
(0, 3, '', 'Sin', 'Nombre', '', '2020-03-10 19:06:58', ''),
(1, 1, '', 'Lisandro', 'Dalla Costa', '', '2020-03-10 19:06:58', ''),
(2, 1, '', 'Lautaro', 'Dalla Costa', '', '2020-03-10 19:06:58', ''),
(3, 3, '', 'Luisina', 'Favre', '', '2020-03-10 19:06:58', ''),
(4, 3, '', 'Luciano', 'Leiva', '', '2020-03-10 19:06:58', ''),
(5, 2, '', 'Melina', 'Barbaglia', '', '2020-03-10 19:06:58', ''),
(6, 3, '', 'Alexis', 'Cassini', '', '2020-03-10 19:06:58', ''),
(7, 3, '', 'Sai', 'García', '', '2020-03-10 19:06:58', ''),
(8, 1, '', 'Silvia', 'Hofer', '', '2020-03-10 19:06:58', ''),
(9, 1, '', 'Marcelo', 'Dalla Costa', '', '2020-03-10 19:06:58', ''),
(10, 3, '', 'Francisco', 'Nierenberger', '', '2020-03-10 19:06:58', ''),
(11, 3, '', 'Valeria', 'Notta', '', '2020-03-10 19:06:58', ''),
(12, 3, '', 'Mauro', 'Boasso', '', '2020-03-23 14:24:11', ''),
(13, 3, '', 'Priscila', 'Garonni', '', '2020-03-23 14:24:11', ''),
(14, 3, '', 'Federico', 'Hammerly', '', '2020-03-23 14:24:11', ''),
(15, 3, '', 'Matías', 'Rossetti', '', '2020-03-23 14:24:11', ''),
(16, 3, '', 'Matías', 'Bonthuis', '', '2020-03-23 14:24:11', ''),
(17, 3, '', 'Leandro', 'Gaitán', '', '2020-03-23 14:24:11', ''),
(18, 3, '', 'Dino', 'Dichiara', '', '2020-03-23 14:24:11', ''),
(19, 3, '', 'Nicolás', 'Ubait', '', '2020-03-23 14:24:11', ''),
(20, 3, '', 'Paola', 'Ferrari', '', '2020-03-23 14:24:11', ''),
(21, 3, '', 'José', 'Regner', '', '2020-03-23 14:24:11', ''),
(22, 3, '', 'Lautaro', 'Scaglia', '', '2020-03-23 14:24:11', ''),
(23, 3, '', 'Juan', 'Merlo', '', '2020-03-23 14:24:11', ''),
(24, 3, '', 'Santiago', 'Hug', '', '2020-03-23 14:24:11', ''),
(25, 3, '', 'Lucas', 'Hammerly', '', '2020-03-23 14:24:11', ''),
(26, 3, '', 'Hugo', 'Gudiño', '', '2020-03-23 14:24:11', ''),
(27, 3, '', 'Tadeo', 'Bracamonte', '', '2020-03-23 14:24:11', ''),
(28, 3, 'a', 'Nacho', 'Terisotto', '', '2020-03-23 14:24:11', ''),
(29, 3, '', 'Fabricio', 'Martinelli', '', '2020-03-25 11:21:17', ''),
(30, 3, '', 'Viviana', 'Roskopf', '', '2020-04-20 15:10:39', '');

-- --------------------------------------------------------

--
-- Estructura de tabla para la tabla `employees_roles`
--

CREATE TABLE `employees_roles` (
  `id` int(11) NOT NULL,
  `role` varchar(30) NOT NULL
) ENGINE=InnoDB DEFAULT CHARSET=utf8;

-- --------------------------------------------------------

--
-- Estructura de tabla para la tabla `expenses`
--

CREATE TABLE `expenses` (
  `id` int(11) NOT NULL,
  `title` varchar(255) NOT NULL,
  `typeID` int(11) NOT NULL,
  `price` float NOT NULL,
  `dollarPrice` float NOT NULL,
  `date` timestamp NOT NULL DEFAULT CURRENT_TIMESTAMP,
  `notes` text NOT NULL
) ENGINE=InnoDB DEFAULT CHARSET=utf8;

--
-- Volcado de datos para la tabla `expenses`
--

INSERT INTO `expenses` (`id`, `title`, `typeID`, `price`, `dollarPrice`, `date`, `notes`) VALUES
(1, 'Moto Tricargo Max 125 en Rosario', 1, 20000, 0, '2019-06-13 18:24:00', 'Pagada por Marcelo'),
(2, 'Envío Tricargo con Expresso Pepe', 1, 2500, 0, '2019-06-14 14:28:00', 'Pagado por Lautaro'),
(3, 'Template sitio web', 1, 0, 61, '2019-07-01 21:00:00', 'Pagado por Lisandro'),
(4, 'Template administrador de sitio web', 1, 0, 31, '2019-07-01 22:00:00', 'Pagado por Lisandro'),
(5, 'Verificación moto', 1, 250, 0, '2019-07-22 21:37:42', 'Pagado por Lisandro'),
(6, 'Pago albañil', 1, 2800, 0, '2019-08-06 20:42:27', 'Pagado por Lisandro'),
(7, 'Pintura para grietas de techo', 1, 300, 0, '2019-08-06 21:17:42', 'Pagado por Lisandro'),
(8, 'Transferencia moto triciclo', 1, 2650, 0, '2019-09-03 16:34:01', 'Pagado por Ambos'),
(9, 'Dominio rapisuper.com.ar', 1, 270, 0, '2019-09-05 18:05:56', 'Pagado por Lisandro'),
(10, 'Bicicleta triciclo', 1, 2000, 0, '2019-09-17 22:10:45', 'Pagado por Lisandro'),
(11, 'Pago a Lisandro', 1, 1520, 0, '2019-10-04 14:20:41', '');

-- --------------------------------------------------------

--
-- Estructura de tabla para la tabla `milestones`
--

CREATE TABLE `milestones` (
  `id` int(11) NOT NULL,
  `branchID` int(11) NOT NULL,
  `title` varchar(255) NOT NULL,
  `description` text NOT NULL,
  `date` timestamp NOT NULL DEFAULT CURRENT_TIMESTAMP
) ENGINE=InnoDB DEFAULT CHARSET=utf8;

--
-- Volcado de datos para la tabla `milestones`
--

INSERT INTO `milestones` (`id`, `branchID`, `title`, `description`, `date`) VALUES
(1, 1, 'Expansión de horarios', 'Por coronavirus agregamos más horarios:\r\n10 a 10:30, 13 a 13:30 y 18 a 18:30', '2020-03-16 01:46:20'),
(2, 1, 'Aumento del tiempo mínimo de compra', 'Ahora tenés que hacer las compras mínimo una hora y cuarto antes', '2020-03-16 13:46:34');

-- --------------------------------------------------------

--
-- Estructura de tabla para la tabla `payments_reasons`
--

CREATE TABLE `payments_reasons` (
  `id` int(11) NOT NULL,
  `reason` varchar(50) NOT NULL
) ENGINE=InnoDB DEFAULT CHARSET=utf8;

-- --------------------------------------------------------

--
-- Estructura de tabla para la tabla `products`
--

CREATE TABLE `products` (
  `id` int(11) NOT NULL,
  `detailsID` int(11) NOT NULL,
  `fullName` varchar(100) NOT NULL,
  `variantName` varchar(100) NOT NULL,
  `stock` int(11) NOT NULL,
  `stockAlert` int(11) NOT NULL,
  `iva` float NOT NULL,
  `pickUpPlaceID` int(11) NOT NULL,
  `bottleID` int(11) NOT NULL,
  `variantPrice` float NOT NULL,
  `variantOffert` float NOT NULL,
  `productParentID` int(11) NOT NULL,
  `productParentMultiplier` float NOT NULL,
  `extraDescription` tinytext NOT NULL,
  `imagesAmount` int(11) NOT NULL DEFAULT '1',
  `barsCode` varchar(50) NOT NULL,
  `isActive` tinyint(4) NOT NULL DEFAULT '1',
  `isArchived` tinyint(1) NOT NULL DEFAULT '0',
  `onlySuppliers` tinyint(4) NOT NULL DEFAULT '0',
  `dateCreated` timestamp NOT NULL DEFAULT CURRENT_TIMESTAMP,
  `isParent` tinyint(1) NOT NULL,
  `hasInfiniteStock` tinyint(1) NOT NULL,
  `pickUpPlaceHasStock` tinyint(1) NOT NULL
) ENGINE=InnoDB DEFAULT CHARSET=utf8;

--
-- Volcado de datos para la tabla `products`
--

INSERT INTO `products` (`id`, `detailsID`, `fullName`, `variantName`, `stock`, `stockAlert`, `iva`, `pickUpPlaceID`, `bottleID`, `variantPrice`, `variantOffert`, `productParentID`, `productParentMultiplier`, `extraDescription`, `imagesAmount`, `barsCode`, `isActive`, `isArchived`, `onlySuppliers`, `dateCreated`, `isParent`, `hasInfiniteStock`, `pickUpPlaceHasStock`) VALUES
(0, 69, '', '', 111, 0, 21, 0, 0, 0, 0, 0, 0, '', 1, '', 1, 0, 0, '2019-09-05 23:30:35', 0, 0, 0),
(1, 1, 'Pollo El Gallo Claudio', 'naranja', 0, 0, 21, 0, 0, 0, 0, 1, 0, '', 1, '', 1, 0, 0, '2019-09-17 23:33:37', 0, 1, 1),
(2, 1, 'Torta vivi moro', 'naranja', 0, 2, 21, 0, 0, 0, 0, 0, 0, '', 1, '', 1, 0, 0, '2019-09-17 23:33:37', 0, 1, 1),
(3, 1, 'Producto3', '', -112, 0, 21, 0, 0, 0, 0, 0, 0, '', 1, '', 1, 0, 0, '2019-10-07 23:51:05', 0, 0, 0),
(4, 2, 'Rocklets', '4 quesos', -123, 0, 21, 0, 0, 0, 52, 0, 10, 'en variedad de 4 quesos', 1, '54646546446', 1, 1, 0, '2019-09-24 19:31:55', 0, 0, 0),
(5, 2, 'Producto5', '', 2234, 0, 21, 0, 0, 0, 0, 0, 0, '', 1, '', 1, 0, 0, '2019-09-05 23:30:35', 0, 0, 0),
(6, 1, 'Producto6', 'naranja', 210, 0, 21, 0, 0, 0, 0, 0, 0, '', 1, '', 1, 1, 0, '2019-09-17 23:33:37', 0, 0, 0),
(7, 4, 'Producto7', '4 quesos', 1335, 0, 21, 0, 0, 0, 52, 0, 10, 'en variedad de 4 quesos', 1, '54646546446', 1, 0, 0, '2019-09-24 19:31:55', 0, 0, 0),
(8, 5, 'Producto8', '', 1005, 0, 21, 0, 0, 0, 0, 0, 0, '', 1, '', 1, 0, 0, '2019-09-30 15:39:53', 0, 0, 0),
(9, 5, 'Producto9', '', 6791, 0, 21, 0, 0, 0, 0, 0, 0, '', 1, '', 1, 0, 0, '2019-09-30 15:39:53', 0, 0, 0),
(10, 1, 'Producto10', 'naranja', 734, 0, 21, 0, 0, 0, 0, 0, 0, '', 1, '', 1, 1, 0, '2019-09-17 23:33:37', 0, 0, 0),
(11, 6, 'Producto11', '', 1126, 0, 21, 0, 0, 0, 0, 0, 0, '', 1, '', 1, 0, 0, '2019-10-07 23:51:05', 0, 0, 0),
(12, 7, 'Producto12', '', 1254, 0, 21, 0, 0, 0, 0, 0, 0, '', 1, '', 1, 0, 0, '2019-10-07 23:56:20', 0, 0, 0),
(13, 7, 'Producto13', '', 1377, 0, 21, 0, 0, 0, 0, 0, 0, '', 1, '', 1, 0, 0, '2019-10-07 23:58:13', 0, 0, 0),
(14, 3, 'Producto14', '', 2247, 0, 21, 0, 0, 0, 0, 0, 0, '', 1, '', 1, 0, 0, '2019-10-08 00:01:07', 0, 0, 0),
(15, 3, 'Producto15', '', 1005, 0, 21, 0, 0, 0, 0, 0, 0, '', 1, '', 1, 1, 0, '2019-10-08 00:02:17', 0, 0, 0),
(16, 3, 'Producto16', '', 198, 0, 21, 0, 0, 0, 0, 0, 0, '', 1, '', 1, 0, 0, '2019-10-08 00:03:06', 0, 0, 0),
(17, 2, 'Producto17', '', 67, 0, 21, 0, 0, 0, 0, 0, 0, '', 1, '', 1, 1, 0, '2019-10-08 00:04:05', 0, 0, 0),
(18, 3, 'Producto18', '', 1013, 0, 21, 0, 0, 0, 0, 0, 0, '', 1, '', 1, 0, 0, '2019-10-08 00:08:54', 0, 0, 0),
(19, 7, 'Producto19', '', 1006, 0, 21, 0, 0, 0, 0, 0, 0, '', 1, '', 1, 0, 0, '2019-10-08 00:09:22', 0, 0, 0),
(20, 2, 'Producto20', '', 9, 0, 21, 0, 0, 0, 0, 0, 0, '', 1, '', 1, 0, 0, '2019-10-08 00:10:06', 0, 0, 0),
(21, 6, 'Producto21', '', 1027, 0, 21, 1, 0, 0, 0, 0, 0, '', 1, '', 1, 0, 0, '2019-10-08 00:11:45', 0, 0, 0),
(22, 7, 'Producto22', '', 1000, 0, 21, 1, 0, 0, 0, 0, 0, '', 1, '', 1, 0, 0, '2019-10-08 00:30:18', 0, 0, 0),
(23, 6, 'Producto23', '', 1017, 0, 21, 1, 0, 0, 0, 0, 0, '', 1, '', 1, 0, 0, '2019-10-08 15:39:28', 0, 0, 0),
(24, 32, 'Producto24', '', 71, 0, 0, 1, 0, 0, 0, 0, 0, '', 1, '', 1, 1, 0, '2020-02-12 03:46:20', 0, 0, 0),
(25, 33, 'Producto25', '', 1000, 0, 0, 0, 0, 0, 0, 0, 0, '', 1, '', 1, 0, 0, '2020-03-30 01:04:59', 0, 0, 0),
(26, 34, 'Producto26', '', -1, 0, 0, 0, 0, 0, 0, 0, 0, '', 1, '', 1, 0, 0, '2020-03-30 01:05:30', 0, 0, 0),
(27, 35, 'Producto27', '', 0, 0, 0, 0, 0, 0, 0, 0, 0, '', 1, '', 1, 0, 0, '2020-03-30 01:05:33', 0, 0, 0),
(28, 36, 'Producto28', '', 0, 0, 0, 0, 0, 0, 0, 0, 0, '', 1, '', 1, 0, 0, '2020-03-30 01:05:35', 0, 0, 0),
(29, 37, 'Producto29', '', 1, 0, 0, 0, 0, 0, 0, 0, 0, '', 1, '', 1, 0, 0, '2020-03-30 01:05:37', 0, 0, 0),
(30, 38, 'Producto30', '', -1, 0, 0, 0, 0, 0, 0, 0, 0, '', 1, '', 1, 0, 0, '2020-03-30 01:05:39', 0, 0, 0),
(31, 39, 'Producto31', '', 0, 0, 0, 0, 0, 0, 0, 0, 0, '', 1, '', 1, 0, 0, '2020-03-30 01:05:41', 0, 0, 0),
(32, 40, 'Producto32', '', 0, 0, 0, 0, 0, 0, 0, 0, 0, '', 1, '', 1, 0, 0, '2020-03-30 01:05:42', 0, 0, 0),
(33, 41, 'Producto33', '', 0, 0, 0, 0, 0, 0, 0, 0, 0, '', 1, '', 1, 0, 0, '2020-03-30 01:05:45', 0, 0, 0),
(34, 42, 'Producto34', '', 0, 0, 0, 0, 0, 0, 0, 0, 0, '', 1, '', 1, 0, 0, '2020-03-30 01:05:47', 0, 0, 0),
(35, 43, 'Producto35', '', 0, 0, 0, 0, 0, 0, 0, 0, 0, '', 1, '', 1, 0, 0, '2020-03-30 01:05:49', 0, 0, 0),
(36, 44, 'Producto36', '', 0, 0, 0, 0, 0, 0, 0, 0, 0, '', 1, '', 1, 0, 0, '2020-03-30 01:05:51', 0, 0, 0),
(37, 45, 'Producto37', '', 0, 0, 0, 0, 0, 0, 0, 0, 0, '', 1, '', 1, 0, 0, '2020-03-30 01:05:53', 0, 0, 0),
(38, 46, 'Producto38', '', 0, 0, 0, 0, 0, 0, 0, 0, 0, '', 1, '', 1, 0, 0, '2020-03-30 01:06:00', 0, 0, 0),
(39, 47, 'Producto39', '', 0, 0, 0, 0, 0, 0, 0, 0, 0, '', 1, '', 1, 0, 0, '2020-03-30 01:06:02', 0, 0, 0),
(40, 48, 'Producto40', '', 0, 0, 0, 0, 0, 0, 0, 0, 0, '', 1, '', 1, 0, 0, '2020-03-30 01:06:04', 0, 0, 0),
(41, 49, 'Producto41', '', 0, 0, 0, 0, 0, 0, 0, 0, 0, '', 1, '', 1, 0, 0, '2020-03-30 01:06:08', 0, 0, 0),
(42, 50, 'Producto42', '', 0, 0, 0, 0, 0, 0, 0, 0, 0, '', 1, '', 1, 0, 0, '2020-03-30 01:06:11', 0, 0, 0),
(43, 51, 'Producto43', '', 0, 0, 0, 0, 0, 0, 0, 0, 0, '', 1, '', 1, 0, 0, '2020-03-30 01:06:13', 0, 0, 0),
(44, 52, 'Producto44', '', 0, 0, 0, 0, 0, 0, 0, 0, 0, '', 1, '', 1, 0, 0, '2020-03-30 01:06:15', 0, 0, 0),
(45, 53, 'Producto45', '', 0, 0, 0, 0, 0, 0, 0, 0, 0, '', 1, '', 1, 0, 0, '2020-03-30 01:06:18', 0, 0, 0),
(46, 54, 'Producto46', '', 0, 0, 0, 0, 0, 0, 0, 0, 0, '', 1, '', 1, 0, 0, '2020-03-30 01:06:21', 0, 0, 0),
(47, 55, 'Producto47', '', 0, 0, 0, 0, 0, 0, 0, 0, 0, '', 1, '', 1, 0, 0, '2020-03-30 01:06:23', 0, 0, 0),
(48, 56, 'Producto48', '', 0, 0, 0, 0, 0, 0, 0, 0, 0, '', 1, '', 1, 0, 0, '2020-03-30 01:06:25', 0, 0, 0),
(49, 57, 'Producto49', '', 0, 0, 0, 0, 0, 0, 0, 0, 0, '', 1, '', 1, 0, 0, '2020-03-30 01:06:27', 0, 0, 0),
(50, 58, 'Producto50', '', 0, 0, 0, 0, 0, 0, 0, 0, 0, '', 1, '', 1, 0, 0, '2020-03-30 01:06:30', 0, 0, 0),
(51, 59, 'Producto51', '', 0, 0, 0, 0, 0, 0, 0, 0, 0, '', 1, '', 1, 0, 0, '2020-03-30 01:06:32', 0, 0, 0),
(52, 60, 'Producto52', '', 0, 0, 0, 0, 0, 0, 0, 0, 0, '', 1, '', 1, 0, 0, '2020-03-30 01:06:34', 0, 0, 0),
(53, 61, 'Producto53', '', 0, 0, 0, 0, 0, 0, 0, 0, 0, '', 1, '', 1, 0, 0, '2020-03-30 01:06:36', 0, 0, 0),
(54, 62, 'Producto54', '', 0, 0, 0, 0, 0, 0, 0, 0, 0, '', 1, '', 1, 0, 0, '2020-03-30 01:06:39', 0, 0, 0),
(55, 63, 'Producto55', '', 0, 0, 0, 0, 0, 0, 0, 0, 0, '', 1, '', 1, 0, 0, '2020-03-30 01:06:42', 0, 0, 0),
(56, 64, 'Producto56', '', 0, 0, 0, 0, 0, 0, 0, 0, 0, '', 1, '', 1, 0, 0, '2020-03-30 01:06:44', 0, 0, 0),
(57, 65, 'Producto57', '', 0, 0, 0, 0, 0, 0, 0, 0, 0, '', 1, '', 1, 0, 0, '2020-03-30 01:06:47', 0, 0, 0),
(58, 66, 'Producto58', '', 0, 0, 0, 0, 0, 0, 0, 0, 0, '', 1, '', 1, 0, 0, '2020-03-30 01:06:50', 0, 0, 0),
(59, 67, '1', '', 0, 0, 0, 0, 0, 0, 0, 0, 0, '', 1, '', 1, 0, 0, '2020-04-09 14:10:37', 0, 0, 0),
(60, 68, 'licha', '', 10, 0, 0, 0, 0, 0, 0, 0, 0, '', 1, '', 1, 0, 0, '2020-04-09 14:11:32', 0, 0, 0),
(61, 69, 'Aceite Licha', 'Aceite', 111, 0, 0, 0, 0, 0, 0, 0, 0, '', 1, '', 1, 0, 0, '2020-04-09 14:17:22', 0, 0, 0),
(62, 70, '', '', 9, 0, 0, 0, 0, 0, 0, 0, 0, '', 1, '', 1, 0, 0, '2020-04-09 14:30:01', 0, 0, 0),
(63, 71, '', '', 972, 0, 0, 0, 0, 0, 0, 0, 0, '', 1, '', 1, 0, 0, '2020-04-09 15:18:40', 0, 0, 0),
(64, 72, 'Nuevo test Licha', 'test', 0, 0, 0, 0, 0, 0, 0, 0, 0, '', 1, '', 1, 0, 0, '2020-04-11 18:58:22', 0, 0, 0);

-- --------------------------------------------------------

--
-- Estructura de tabla para la tabla `products_brands`
--

CREATE TABLE `products_brands` (
  `id` int(11) NOT NULL,
  `name` varchar(50) NOT NULL,
  `dateCreated` timestamp NOT NULL DEFAULT CURRENT_TIMESTAMP,
  `isActive` tinyint(4) NOT NULL DEFAULT '1'
) ENGINE=InnoDB DEFAULT CHARSET=utf8;

--
-- Volcado de datos para la tabla `products_brands`
--

INSERT INTO `products_brands` (`id`, `name`, `dateCreated`, `isActive`) VALUES
(0, '', '2019-09-05 02:23:58', 0),
(1, 'Rapisuper', '2019-08-08 15:56:46', 1),
(2, 'Gallo', '2019-09-24 19:25:28', 1),
(3, 'Arcor', '2019-11-06 21:06:52', 1),
(4, 'aa', '2019-11-06 21:18:52', 0),
(5, 'bb', '2019-11-06 21:19:20', 0),
(6, 'zzz', '2019-11-06 21:19:55', 0),
(7, 'ccc', '2019-11-06 21:21:05', 0),
(8, 'qq', '2019-11-06 21:23:07', 0),
(9, 'pala', '2019-11-06 21:23:44', 0),
(10, 'asasasasa', '2019-11-07 03:33:24', 0),
(11, 'asdadsa', '2019-11-07 03:45:02', 0),
(12, 'aaa', '2019-11-13 19:54:57', 0),
(13, 'b', '2019-11-13 19:56:24', 0),
(14, 'Primer precio', '2019-11-13 19:56:43', 1),
(15, 'Licha', '2020-04-11 18:21:13', 1);

-- --------------------------------------------------------

--
-- Estructura de tabla para la tabla `products_categories`
--

CREATE TABLE `products_categories` (
  `id` int(11) NOT NULL,
  `name` varchar(50) NOT NULL,
  `parentID` int(11) NOT NULL,
  `isShowed` tinyint(4) NOT NULL DEFAULT '1',
  `isActive` tinyint(4) NOT NULL DEFAULT '1',
  `dateCreated` timestamp NOT NULL DEFAULT CURRENT_TIMESTAMP
) ENGINE=InnoDB DEFAULT CHARSET=utf8;

--
-- Volcado de datos para la tabla `products_categories`
--

INSERT INTO `products_categories` (`id`, `name`, `parentID`, `isShowed`, `isActive`, `dateCreated`) VALUES
(0, '', 0, 0, 0, '2019-09-04 21:41:52'),
(1, 'Limpieza', 0, 1, 1, '2019-09-04 21:40:23'),
(2, 'Bebidas', 0, 0, 1, '2019-09-04 21:40:23'),
(3, 'Frescos', 4, 0, 1, '2019-09-04 21:40:23'),
(4, 'Almacén', 0, 1, 1, '2019-09-04 21:40:23'),
(5, 'Frutas y verduras', 4, 0, 1, '2019-09-04 21:40:23'),
(6, 'Frutas', 0, 1, 1, '2019-11-09 02:41:42'),
(7, 'Verduras', 0, 1, 1, '2019-11-09 02:41:42'),
(14, 'Gaseosas', 0, 1, 0, '2019-11-11 02:52:37'),
(15, 'Vinos', 0, 1, 0, '2019-11-11 02:53:41'),
(16, 'Aguas', 2, 1, 0, '2019-11-11 02:53:55'),
(25, 'c', 0, 0, 0, '2019-11-13 19:04:31'),
(26, 'ff', 18, 1, 0, '2019-11-13 19:06:17'),
(27, 'ba', 0, 1, 0, '2019-11-13 19:06:24'),
(28, 'aga', 0, 0, 0, '2019-11-13 19:07:56'),
(29, 'alza', 0, 1, 0, '2019-11-13 19:08:05'),
(30, 'aaa', 0, 1, 0, '2019-11-13 19:48:59'),
(31, 'bb', 30, 1, 0, '2019-11-13 19:49:04'),
(32, 'cc', 31, 1, 0, '2019-11-13 19:49:38'),
(33, 'aa', 0, 1, 0, '2019-11-13 19:49:42'),
(34, 'a', 0, 1, 0, '2019-11-13 19:49:59'),
(35, 'dd', 32, 1, 0, '2019-11-13 19:50:03'),
(36, 'Lacteos', 3, 1, 0, '2019-11-13 19:53:42'),
(37, 'Hortalizas', 7, 1, 0, '2019-11-15 22:12:17'),
(38, 'pito', 0, 0, 0, '2019-11-16 00:58:36'),
(39, 'Para jugo', 6, 1, 0, '2019-11-16 00:59:42'),
(40, 'Naranja', 39, 1, 0, '2019-11-16 01:00:16'),
(41, 'Sandía', 39, 1, 0, '2019-11-16 01:01:47'),
(42, 'Melón', 39, 1, 0, '2019-11-16 01:02:21'),
(43, 'tata', 38, 1, 0, '2019-11-16 01:03:42'),
(44, 'hfg', 36, 1, 0, '2019-12-10 23:46:13'),
(45, 'Naranja', 14, 1, 0, '2019-12-15 20:56:03'),
(46, 'Vino', 42, 1, 0, '2019-12-15 21:01:12'),
(47, 'Hola', 16, 1, 0, '2019-12-15 22:39:15'),
(48, '123', 1, 1, 0, '2019-12-15 22:47:02'),
(49, 'Nada', 16, 1, 0, '2019-12-15 22:51:58'),
(50, '456', 48, 1, 0, '2019-12-15 22:54:32'),
(51, '753', 1, 1, 0, '2019-12-15 22:55:31'),
(52, 'd', 25, 1, 0, '2019-12-15 22:55:59'),
(53, 'd', 25, 1, 0, '2019-12-15 22:56:40'),
(54, 'd', 25, 1, 0, '2019-12-15 22:59:05'),
(55, 'eee', 25, 1, 0, '2019-12-15 23:03:56'),
(56, 'd', 25, 1, 0, '2019-12-15 23:05:06'),
(57, 'd', 25, 1, 0, '2019-12-15 23:05:21'),
(58, '789', 50, 1, 0, '2019-12-15 23:07:43'),
(59, 'd', 25, 1, 0, '2019-12-15 23:10:45'),
(60, 'Licha', 25, 1, 0, '2019-12-15 23:14:16'),
(61, 'as', 2, 1, 0, '2019-12-15 23:15:14'),
(62, '5', 2, 1, 0, '2019-12-15 23:17:53'),
(63, 'lechosa', 36, 1, 0, '2019-12-15 23:26:11'),
(64, 'Pito', 37, 1, 0, '2019-12-16 14:47:31'),
(65, 'queso', 63, 1, 0, '2019-12-16 14:49:55'),
(66, 'Ratón', 65, 1, 0, '2019-12-16 14:52:17'),
(67, 'Gato', 66, 1, 0, '2019-12-16 14:52:25'),
(68, '4', 62, 1, 0, '2019-12-16 15:15:56'),
(69, '3', 68, 1, 0, '2019-12-16 15:16:41'),
(70, '2', 69, 1, 0, '2019-12-16 15:16:46'),
(71, '1', 68, 1, 0, '2019-12-16 15:16:50'),
(72, 'a', 0, 1, 0, '2019-12-16 15:18:36'),
(73, 'b', 72, 1, 0, '2019-12-16 15:18:42'),
(74, 'c', 73, 1, 0, '2019-12-16 15:20:33'),
(75, 'd', 74, 1, 0, '2019-12-16 15:22:24'),
(76, 'f', 75, 1, 0, '2019-12-16 15:22:32'),
(77, 'bb', 72, 1, 0, '2019-12-16 15:23:27'),
(78, 'c', 77, 1, 0, '2019-12-16 15:23:40'),
(79, 'bbb', 72, 1, 0, '2019-12-16 15:24:13'),
(80, 'c', 79, 1, 0, '2019-12-16 15:24:55'),
(81, '1a', 0, 1, 0, '2019-12-16 15:28:41'),
(82, '2a', 81, 1, 0, '2019-12-16 15:28:47'),
(83, '3a', 82, 1, 0, '2019-12-16 15:28:56'),
(84, '2', 82, 1, 0, '2019-12-16 16:01:38'),
(85, '2', 81, 1, 0, '2019-12-16 16:01:45'),
(86, '2aaa', 81, 1, 0, '2019-12-16 16:01:53'),
(87, '2aa', 81, 1, 0, '2019-12-16 16:02:46'),
(88, 'bes', 81, 1, 0, '2019-12-16 16:05:02'),
(89, 'ra', 81, 1, 0, '2019-12-16 16:07:11'),
(90, 'nad', 81, 1, 0, '2019-12-16 16:07:43'),
(91, '2513', 81, 1, 0, '2019-12-16 20:29:34'),
(92, '2512', 81, 1, 0, '2019-12-16 20:29:54'),
(93, 'pooo', 81, 1, 0, '2019-12-16 20:31:36'),
(94, 'nada', 81, 1, 0, '2019-12-16 20:31:57'),
(95, 'mad', 81, 1, 0, '2019-12-16 20:32:27'),
(96, '763', 81, 1, 0, '2019-12-16 20:33:08'),
(97, 'tola', 81, 1, 0, '2019-12-16 20:33:41'),
(98, 'zaza', 81, 1, 0, '2019-12-16 20:34:45'),
(99, 'ra', 81, 1, 0, '2019-12-16 20:35:58'),
(100, 'sol', 81, 1, 0, '2019-12-16 20:36:21'),
(101, 'lop', 81, 1, 0, '2019-12-16 20:37:20'),
(102, 'froto', 4, 1, 0, '2019-12-16 20:40:51'),
(103, 'brrr', 4, 1, 0, '2019-12-16 20:43:57'),
(104, 'dado', 4, 1, 0, '2019-12-16 20:45:54'),
(105, 'dia', 4, 1, 0, '2019-12-16 20:46:28'),
(106, 'estufa', 4, 1, 0, '2019-12-16 20:46:51'),
(107, 'nothi', 72, 1, 0, '2019-12-16 20:47:22'),
(108, 'toto', 38, 1, 0, '2019-12-16 20:52:02'),
(109, 'tutu', 43, 1, 0, '2019-12-16 20:56:52'),
(110, 'nada', 1, 1, 0, '2019-12-16 21:10:04'),
(111, 'licha', 1, 1, 0, '2019-12-16 21:13:05'),
(112, '225', 1, 1, 0, '2019-12-16 21:14:07'),
(113, 'c', 72, 1, 0, '2019-12-16 21:14:49'),
(114, 'd', 72, 1, 0, '2019-12-16 21:16:36'),
(115, 'g', 72, 1, 0, '2019-12-16 21:19:38'),
(116, 'jo', 72, 1, 0, '2019-12-16 21:19:50'),
(117, 'zzz', 72, 1, 0, '2019-12-16 21:20:46'),
(118, 'lisa', 81, 1, 0, '2019-12-16 21:45:05'),
(119, 'lis', 72, 1, 0, '2019-12-16 21:47:36'),
(120, 'pa', 72, 1, 0, '2019-12-16 21:47:41'),
(121, '12', 72, 1, 0, '2019-12-16 21:48:18'),
(122, 'jaba', 72, 1, 0, '2019-12-16 21:50:42'),
(123, 'jugo', 72, 1, 0, '2019-12-16 21:53:02'),
(124, 'A', 77, 1, 0, '2019-12-16 22:03:22'),
(125, '5', 84, 1, 0, '2019-12-16 22:05:58'),
(126, 'cc', 72, 1, 0, '2019-12-16 22:07:40'),
(127, 'dd', 72, 1, 0, '2019-12-16 22:09:17'),
(128, 'cccc', 72, 1, 0, '2019-12-16 22:11:46'),
(129, 'ccc', 72, 1, 0, '2019-12-16 22:12:29'),
(130, 'bbbbb', 72, 1, 0, '2019-12-16 22:14:18'),
(131, 'test', 0, 1, 0, '2019-12-18 14:20:17'),
(132, 'D', 0, 1, 0, '2019-12-18 15:05:25'),
(133, 'A', 72, 1, 0, '2019-12-18 15:05:31'),
(134, 'nuev', 0, 1, 0, '2019-12-19 03:47:24'),
(135, 'Fideos', 4, 1, 1, '2019-12-24 00:21:28'),
(136, 'Mostachol', 135, 1, 1, '2020-01-28 20:08:29');

-- --------------------------------------------------------

--
-- Estructura de tabla para la tabla `products_details`
--

CREATE TABLE `products_details` (
  `id` int(11) NOT NULL,
  `brandID` int(11) NOT NULL,
  `name` varchar(100) NOT NULL,
  `price` float NOT NULL,
  `offert` float NOT NULL,
  `description` tinytext NOT NULL,
  `dateCreated` timestamp NOT NULL DEFAULT CURRENT_TIMESTAMP
) ENGINE=InnoDB DEFAULT CHARSET=utf8;

--
-- Volcado de datos para la tabla `products_details`
--

INSERT INTO `products_details` (`id`, `brandID`, `name`, `price`, `offert`, `description`, `dateCreated`) VALUES
(0, 0, 'Detailes0', 0, 0, '', '2019-09-05 02:23:23'),
(1, 1, 'Detailes1', 19, 0, '', '2019-09-17 23:33:37'),
(2, 1, 'Detailes2', 421, 400, '', '2019-09-19 14:31:17'),
(3, 0, 'Detailes3', 1, 0, '', '2019-09-19 21:49:30'),
(4, 2, 'Detailes4', 155, 70, 'Los arroces más rico del país', '2019-09-24 19:31:54'),
(5, 0, 'Detailes5', 24, 0, '', '2019-09-30 15:33:56'),
(6, 0, 'Detailes6', 199, 0, '', '2019-09-30 15:35:38'),
(7, 0, 'Detailes7', 14, 0, '', '2019-09-30 15:37:24'),
(29, 0, 'Detailes29', 0, 0, '', '2019-12-20 19:34:50'),
(30, 0, 'Detailes30', 0, 0, '', '2019-12-20 19:34:50'),
(31, 0, 'Detailes31', 0, 0, '', '2019-12-20 19:34:50'),
(32, 0, 'Detailes32', 0, 0, '', '2020-02-12 03:46:20'),
(33, 0, 'Detailes33', 0, 0, '', '2020-03-30 01:04:59'),
(34, 0, 'Detailes34', 0, 0, '', '2020-03-30 01:05:30'),
(35, 0, 'Detailes35', 0, 0, '', '2020-03-30 01:05:33'),
(36, 0, 'Detailes36', 0, 0, '', '2020-03-30 01:05:35'),
(37, 0, 'Detailes37', 0, 0, '', '2020-03-30 01:05:37'),
(38, 0, 'Detailes38', 0, 0, '', '2020-03-30 01:05:39'),
(39, 0, 'Detailes39', 0, 0, '', '2020-03-30 01:05:40'),
(40, 0, 'Detailes40', 0, 0, '', '2020-03-30 01:05:42'),
(41, 0, 'Detailes41', 0, 0, '', '2020-03-30 01:05:45'),
(42, 0, 'Detailes42', 0, 0, '', '2020-03-30 01:05:47'),
(43, 0, 'Detailes43', 0, 0, '', '2020-03-30 01:05:49'),
(44, 0, 'Detailes44', 0, 0, '', '2020-03-30 01:05:50'),
(45, 0, 'Detailes45', 0, 0, '', '2020-03-30 01:05:53'),
(46, 0, 'Detailes46', 0, 0, '', '2020-03-30 01:06:00'),
(47, 0, 'Detailes47', 0, 0, '', '2020-03-30 01:06:02'),
(48, 0, 'Detailes48', 0, 0, '', '2020-03-30 01:06:04'),
(49, 0, 'Detailes49', 0, 0, '', '2020-03-30 01:06:08'),
(50, 0, 'Detailes50', 0, 0, '', '2020-03-30 01:06:11'),
(51, 0, 'Detailes51', 0, 0, '', '2020-03-30 01:06:13'),
(52, 0, 'Detailes52', 0, 0, '', '2020-03-30 01:06:15'),
(53, 0, 'Detailes53', 0, 0, '', '2020-03-30 01:06:18'),
(54, 0, 'Detailes54', 0, 0, '', '2020-03-30 01:06:20'),
(55, 0, 'Detailes55', 0, 0, '', '2020-03-30 01:06:23'),
(56, 0, 'Detailes56', 0, 0, '', '2020-03-30 01:06:25'),
(57, 0, 'Detailes57', 0, 0, '', '2020-03-30 01:06:27'),
(58, 0, 'Detailes58', 0, 0, '', '2020-03-30 01:06:30'),
(59, 0, 'Detailes59', 0, 0, '', '2020-03-30 01:06:32'),
(60, 0, 'Detailes60', 0, 0, '', '2020-03-30 01:06:34'),
(61, 0, 'Detailes61', 0, 0, '', '2020-03-30 01:06:36'),
(62, 0, 'Detailes62', 0, 0, '', '2020-03-30 01:06:39'),
(63, 0, 'Detailes63', 0, 0, '', '2020-03-30 01:06:42'),
(64, 0, 'Detailes64', 0, 0, '', '2020-03-30 01:06:44'),
(65, 0, 'Detailes65', 0, 0, '', '2020-03-30 01:06:47'),
(66, 0, 'Detailes66', 0, 0, '', '2020-03-30 01:06:50'),
(67, 0, '1', 0, 0, '', '2020-04-09 14:10:37'),
(68, 0, '', 0, 0, '', '2020-04-09 14:11:32'),
(69, 0, '', 0, 0, '', '2020-04-09 14:17:22'),
(70, 0, '', 0, 0, '', '2020-04-09 14:30:01'),
(71, 0, '', 0, 0, '', '2020-04-09 15:18:40'),
(72, 15, 'Nuevo { variante } { marca }', 0, 0, '', '2020-04-11 18:58:21');

-- --------------------------------------------------------

--
-- Estructura de tabla para la tabla `products_details_u_products_categories`
--

CREATE TABLE `products_details_u_products_categories` (
  `id` int(11) NOT NULL,
  `productDetailsID` int(11) NOT NULL,
  `categoryID` int(11) NOT NULL,
  `isActive` tinyint(4) NOT NULL DEFAULT '1',
  `dateCreated` timestamp NOT NULL DEFAULT CURRENT_TIMESTAMP
) ENGINE=InnoDB DEFAULT CHARSET=utf8;

--
-- Volcado de datos para la tabla `products_details_u_products_categories`
--

INSERT INTO `products_details_u_products_categories` (`id`, `productDetailsID`, `categoryID`, `isActive`, `dateCreated`) VALUES
(1, 5, 3, 1, '2019-09-19 21:49:31'),
(2, 1, 2, 1, '2019-09-19 21:49:31'),
(3, 2, 1, 1, '2019-09-24 19:31:55'),
(4, 5, 131, 0, '2019-12-18 14:45:18'),
(5, 6, 131, 0, '2019-12-18 14:45:59'),
(6, 7, 131, 0, '2019-12-18 14:47:30'),
(7, 7, 131, 0, '2019-12-18 14:47:46'),
(8, 3, 131, 0, '2019-12-18 14:53:39'),
(9, 9, 131, 0, '2019-12-18 14:53:39'),
(10, 9, 131, 0, '2019-12-18 15:03:51'),
(11, 1, 132, 0, '2019-12-19 03:42:56'),
(12, 4, 132, 0, '2019-12-19 04:10:14'),
(13, 4, 132, 0, '2019-12-19 04:10:24'),
(14, 8, 132, 0, '2019-12-19 04:10:24'),
(15, 22, 132, 0, '2019-12-19 04:10:24'),
(16, 13, 132, 0, '2019-12-19 04:11:58'),
(17, 14, 132, 0, '2019-12-19 04:12:10'),
(18, 26, 132, 0, '2019-12-19 04:12:10'),
(19, 13, 132, 0, '2019-12-19 04:12:10'),
(20, 13, 132, 0, '2019-12-19 04:12:17'),
(21, 26, 132, 0, '2019-12-19 04:12:17'),
(22, 14, 132, 0, '2019-12-19 04:12:17'),
(23, 3, 132, 0, '2019-12-19 04:14:19'),
(24, 3, 132, 0, '2019-12-19 04:14:34'),
(25, 8, 134, 0, '2019-12-19 04:36:35'),
(26, 8, 134, 0, '2019-12-19 04:36:44'),
(27, 6, 134, 0, '2019-12-19 04:36:44'),
(28, 5, 134, 0, '2019-12-19 04:37:39'),
(29, 8, 134, 0, '2019-12-19 04:38:00'),
(30, 8, 134, 0, '2019-12-19 04:40:48'),
(31, 9, 134, 0, '2019-12-19 04:45:55'),
(32, 5, 3, 0, '2019-12-19 22:18:23'),
(33, 8, 2, 0, '2019-12-19 22:18:30'),
(34, 17, 2, 0, '2019-12-19 22:18:30'),
(35, 27, 1, 0, '2019-12-19 22:18:40'),
(36, 26, 1, 0, '2019-12-19 22:18:40'),
(37, 4, 2, 0, '2019-12-20 21:05:01'),
(38, 4, 2, 1, '2019-12-20 21:05:01'),
(39, 6, 2, 1, '2019-12-20 21:58:45'),
(40, 1, 135, 0, '2019-12-24 00:22:25'),
(41, 1, 135, 0, '2019-12-24 00:22:30'),
(42, 7, 135, 1, '2019-12-24 00:22:34'),
(43, 1, 136, 0, '2020-01-28 20:08:34'),
(44, 4, 136, 1, '2020-01-28 20:08:35'),
(45, 7, 136, 1, '2020-01-28 20:08:36'),
(46, 0, 4, 1, '2020-04-02 13:01:41'),
(47, 0, 5, 1, '2020-04-02 13:01:46'),
(48, 3, 4, 1, '2020-04-02 13:02:15'),
(49, 3, 135, 1, '2020-04-02 13:02:15'),
(50, 3, 136, 1, '2020-04-02 13:02:16'),
(51, 3, 3, 1, '2020-04-02 13:02:16'),
(52, 3, 5, 1, '2020-04-02 13:02:16'),
(53, 1, 3, 1, '2020-04-02 13:15:47'),
(54, 1, 4, 0, '2020-04-02 13:24:59'),
(55, 1, 2, 1, '2020-04-02 15:11:43'),
(56, 1, 136, 1, '2020-04-04 20:49:43');

-- --------------------------------------------------------

--
-- Estructura de tabla para la tabla `products_details_u_products_tags`
--

CREATE TABLE `products_details_u_products_tags` (
  `id` int(11) NOT NULL,
  `productDetailsID` int(11) NOT NULL,
  `tagID` int(11) NOT NULL,
  `isActive` tinyint(4) NOT NULL DEFAULT '1',
  `dateCreated` timestamp NOT NULL DEFAULT CURRENT_TIMESTAMP
) ENGINE=InnoDB DEFAULT CHARSET=utf8;

-- --------------------------------------------------------

--
-- Estructura de tabla para la tabla `products_expiration_date`
--

CREATE TABLE `products_expiration_date` (
  `id` int(11) NOT NULL,
  `productID` int(11) NOT NULL,
  `amount` int(11) NOT NULL,
  `expirationDate` timestamp NOT NULL DEFAULT '0000-00-00 00:00:00'
) ENGINE=InnoDB DEFAULT CHARSET=utf8;

-- --------------------------------------------------------

--
-- Estructura de tabla para la tabla `products_expiration_date_history`
--

CREATE TABLE `products_expiration_date_history` (
  `id` int(11) NOT NULL,
  `purchaseID` int(11) NOT NULL,
  `productID` int(11) NOT NULL,
  `amount` int(11) NOT NULL,
  `expirationDate` timestamp NOT NULL DEFAULT CURRENT_TIMESTAMP ON UPDATE CURRENT_TIMESTAMP
) ENGINE=InnoDB DEFAULT CHARSET=utf8;

-- --------------------------------------------------------

--
-- Estructura de tabla para la tabla `products_expiration_date_history_changes`
--

CREATE TABLE `products_expiration_date_history_changes` (
  `id` int(11) NOT NULL,
  `historyID` int(11) NOT NULL,
  `amount` int(11) NOT NULL,
  `saleID` int(11) NOT NULL,
  `wasteID` int(11) NOT NULL,
  `date` timestamp NOT NULL DEFAULT CURRENT_TIMESTAMP
) ENGINE=InnoDB DEFAULT CHARSET=utf8;

-- --------------------------------------------------------

--
-- Estructura de tabla para la tabla `products_pick_up_places`
--

CREATE TABLE `products_pick_up_places` (
  `id` int(11) NOT NULL,
  `store` varchar(255) NOT NULL,
  `address` varchar(255) NOT NULL,
  `phone` varchar(50) NOT NULL,
  `isActive` tinyint(1) NOT NULL DEFAULT '1',
  `cityID` int(11) NOT NULL
) ENGINE=InnoDB DEFAULT CHARSET=utf8;

--
-- Volcado de datos para la tabla `products_pick_up_places`
--

INSERT INTO `products_pick_up_places` (`id`, `store`, `address`, `phone`, `isActive`, `cityID`) VALUES
(0, 'Ninguno', '', '', 1, 0),
(1, 'Pollería Weidmann', 'Estanislao Lopez 650', '+54 9 340 451-2447', 1, 2);

-- --------------------------------------------------------

--
-- Estructura de tabla para la tabla `products_stock_changes`
--

CREATE TABLE `products_stock_changes` (
  `id` int(11) NOT NULL,
  `productID` int(11) NOT NULL,
  `amount` float NOT NULL,
  `actualStock` int(11) NOT NULL,
  `employeeID` int(11) NOT NULL,
  `reasonID` int(11) NOT NULL,
  `websiteZoneID` int(11) NOT NULL,
  `notes` text NOT NULL,
  `date` timestamp NOT NULL DEFAULT CURRENT_TIMESTAMP
) ENGINE=InnoDB DEFAULT CHARSET=utf8;

--
-- Volcado de datos para la tabla `products_stock_changes`
--

INSERT INTO `products_stock_changes` (`id`, `productID`, `amount`, `actualStock`, `employeeID`, `reasonID`, `websiteZoneID`, `notes`, `date`) VALUES
(1, 2, 2, 0, 0, 2, 0, '', '2019-11-05 22:06:38'),
(2, 21, 7, 0, 0, 2, 0, 'Con la trincheta', '2019-11-05 22:08:00'),
(3, 2, -5, 0, 0, 1, 0, '21/10/18', '2019-11-05 22:13:55'),
(4, 2, 2, 0, 0, 3, 0, '', '2019-11-06 05:57:24'),
(5, 2, 2, 0, 0, 3, 0, '', '2019-11-06 06:04:16'),
(6, 2, 3, 0, 0, 2, 0, '', '2019-11-06 06:06:38'),
(7, 2, 2, 0, 0, 3, 0, '', '2019-11-06 06:08:33'),
(8, 2, 3, 0, 0, 3, 0, '', '2019-11-06 06:08:41'),
(9, 2, 3, 0, 0, 3, 0, '', '2019-11-06 06:09:32'),
(10, 2, 2, 0, 0, 3, 0, '', '2019-11-06 06:10:10'),
(11, 2, 2, 0, 0, 2, 0, '', '2019-11-06 06:11:27'),
(12, 2, 3, 0, 0, 2, 0, '', '2019-11-06 06:12:27'),
(13, 2, -6, 0, 0, 3, 0, '', '2019-11-06 06:14:39'),
(14, 2, -2, 0, 0, 3, 0, '', '2019-11-06 06:14:58'),
(15, 1, 2, 0, 0, 3, 0, '', '2019-11-16 16:21:30'),
(16, 2, 3, 0, 0, 3, 0, '', '2019-11-16 16:30:04'),
(17, 3, 2, 0, 0, 2, 0, '', '2019-11-16 16:30:54'),
(18, 1, 2, 0, 0, 2, 0, '', '2019-11-16 16:31:21'),
(19, 1, -1, 0, 0, 3, 0, '', '2020-02-10 23:59:36'),
(20, 4, 4, 0, 0, 0, 0, '', '2020-03-07 22:51:33'),
(21, 4, -5, 0, 0, 0, 0, '', '2020-03-23 17:06:10'),
(22, 16, -3, 0, 0, 1, 0, 'Venta', '2020-03-29 18:59:17'),
(23, 4, -124, 0, 0, 1, 0, 'Venta', '2020-03-29 18:59:17'),
(24, 1, 13, 0, 0, 0, 0, '', '2020-03-30 00:20:16'),
(25, 5, 6, 0, 0, 0, 0, '', '2020-03-30 00:45:30'),
(26, 6, 53, 0, 0, 0, 0, '', '2020-03-30 00:49:01'),
(27, 10, 458, 0, 0, 0, 0, '', '2020-03-30 00:49:42'),
(28, 17, 7, 0, 0, 0, 0, '', '2020-03-30 00:51:05'),
(29, 2, 1000, 0, 0, 1, 0, '', '2020-03-31 01:09:58'),
(30, 2, -1000, 0, 0, 1, 0, '', '2020-03-31 01:10:21'),
(31, 2, 1000, 0, 0, 1, 0, '', '2020-03-31 01:11:15'),
(32, 4, 150, 0, 0, 1, 0, '', '2020-03-31 01:12:56'),
(33, 4, -150, 0, 0, 1, 0, '', '2020-03-31 01:13:25'),
(34, 4, 150, 0, 0, 1, 0, '', '2020-03-31 01:13:55'),
(35, 5, -10, 0, 0, 1, 0, 'Cambio desde el admin de ventas', '2020-04-01 14:46:38'),
(36, 5, 6, 0, 0, 1, 0, 'Cambio desde el admin de ventas', '2020-04-01 14:47:25'),
(37, 19, -14, 0, 0, 0, 0, 'Cambio desde el admin de ventas', '2020-04-03 14:54:24'),
(38, 6, 1, 0, 0, 0, 0, 'Cambio desde el admin de ventas', '2020-04-03 14:56:54'),
(39, 19, 14, 0, 0, 0, 0, 'Cambio desde el admin de ventas', '2020-04-03 14:58:07'),
(40, 6, 33, 0, 0, 0, 0, 'Cambio desde el admin de ventas', '2020-04-03 14:58:34'),
(41, 11, -3, 0, 0, 0, 0, 'Cambio desde el admin de ventas', '2020-04-03 15:02:38'),
(42, 13, -14, 0, 0, 0, 0, 'Cambio desde el admin de ventas', '2020-04-03 15:50:28'),
(43, 1, 100, 0, 0, 0, 0, 'Cambio desde el admin de ventas', '2020-04-03 15:50:32'),
(44, 1, -100, 0, 0, 0, 0, 'Cambio desde el admin de ventas', '2020-04-03 15:50:46'),
(45, 19, -17, 0, 0, 0, 0, 'Cambio desde el admin de ventas', '2020-04-03 15:56:34'),
(46, 19, -17, 0, 0, 0, 0, 'Cambio desde el admin de ventas', '2020-04-03 15:56:41'),
(47, 11, -3, 0, 0, 0, 0, 'Cambio desde el admin de ventas', '2020-04-03 16:01:59'),
(48, 11, -3, 0, 0, 0, 0, 'Cambio desde el admin de ventas', '2020-04-03 16:04:46'),
(49, 1, 100, 0, 0, 0, 0, 'Cambio desde el admin de ventas', '2020-04-03 16:04:55'),
(50, 1, 100, 0, 0, 0, 0, 'Cambio desde el admin de ventas', '2020-04-03 16:04:58'),
(51, 1, 100, 0, 0, 0, 0, 'Cambio desde el admin de ventas', '2020-04-03 16:05:03'),
(52, 1, 100, 0, 0, 0, 0, 'Cambio desde el admin de ventas', '2020-04-03 16:05:06'),
(53, 1, 100, 0, 0, 0, 0, 'Cambio desde el admin de ventas', '2020-04-03 16:05:44'),
(54, 1, -100, 0, 0, 0, 0, 'Cambio desde el admin de ventas', '2020-04-03 16:05:48'),
(55, 1, -50, 0, 0, 0, 0, 'Cambio desde el admin de ventas', '2020-04-03 16:06:36'),
(56, 1, -50, 0, 0, 0, 0, 'Cambio desde el admin de ventas', '2020-04-03 16:06:46'),
(57, 1, 100, 0, 0, 0, 0, 'Cambio desde el admin de ventas', '2020-04-03 16:06:54'),
(58, 13, -14, 0, 0, 0, 0, 'Cambio desde el admin de ventas', '2020-04-03 16:07:14'),
(59, 1, -100, 0, 0, 0, 0, 'Cambio desde el admin de ventas', '2020-04-03 16:09:46'),
(60, 1, 100, 0, 0, 0, 0, 'Cambio desde el admin de ventas', '2020-04-03 16:09:54'),
(61, 1, -100, 0, 0, 0, 0, 'Cambio desde el admin de ventas', '2020-04-03 18:24:38'),
(62, 1, 100, 0, 0, 0, 0, 'Cambio desde el admin de ventas', '2020-04-03 18:24:47'),
(63, 15, -50, 0, 0, 0, 0, 'Cambio desde el admin de ventas', '2020-04-03 18:24:56'),
(64, 1, 100, 0, 0, 0, 0, 'Cambio desde el admin de ventas', '2020-04-03 18:25:03'),
(65, 1, 100, 0, 0, 0, 0, 'Cambio desde el admin de ventas', '2020-04-03 18:25:06'),
(66, 1, 100, 0, 0, 0, 0, 'Cambio desde el admin de ventas', '2020-04-03 18:25:10'),
(67, 1, 100, 0, 0, 0, 0, 'Cambio desde el admin de ventas', '2020-04-03 18:25:12'),
(68, 1, 100, 0, 0, 0, 0, 'Cambio desde el admin de ventas', '2020-04-03 18:27:34'),
(69, 1, -100, 0, 0, 0, 0, 'Cambio desde el admin de ventas', '2020-04-03 18:27:36'),
(70, 1, 100, 0, 0, 0, 0, 'Cambio desde el admin de ventas', '2020-04-03 18:27:40'),
(71, 1, -100, 0, 0, 0, 0, 'Cambio desde el admin de ventas', '2020-04-03 18:27:42'),
(72, 5, -5, 0, 0, 0, 0, 'Cambio desde el admin de ventas', '2020-04-03 18:28:13'),
(73, 1, 100, 0, 0, 0, 0, 'Cambio desde el admin de ventas', '2020-04-03 18:29:14'),
(74, 1, -100, 0, 0, 0, 0, 'Cambio desde el admin de ventas', '2020-04-03 18:29:16'),
(75, 15, 50, 0, 0, 0, 0, 'Cambio desde el admin de ventas', '2020-04-03 18:29:57'),
(76, 10, -1, 0, 0, 1, 0, 'Venta', '2020-04-04 17:33:29'),
(77, 13, -15, 0, 0, 1, 0, 'Venta', '2020-04-04 17:58:41'),
(78, 12, -221, 0, 0, 1, 0, 'Venta', '2020-04-04 17:58:41'),
(79, 21, -12, 0, 0, 1, 0, 'Venta', '2020-04-04 17:59:44'),
(80, 17, -12, 0, 0, 1, 0, 'Venta', '2020-04-04 17:59:44'),
(81, 1, -100, 0, 0, 1, 0, 'Venta', '2020-04-04 18:00:42'),
(82, 11, -11, 0, 0, 1, 0, 'Venta', '2020-04-04 18:09:25'),
(83, 1, -19, 0, 0, 1, 0, 'Venta', '2020-04-04 18:09:25'),
(84, 1, -2, 0, 0, 1, 0, 'Venta', '2020-04-04 20:36:41'),
(85, 2, -1, 0, 0, 1, 0, 'Venta', '2020-04-04 20:36:41'),
(86, 11, -2, 0, 0, 1, 0, 'Venta', '2020-04-04 20:36:41'),
(87, 1, -1, 0, 0, 1, 0, 'Venta', '2020-04-04 20:36:41'),
(88, 0, -9500, 0, 0, 0, 0, '', '2020-04-04 21:01:23'),
(89, 0, -9900, 0, 0, 0, 0, '', '2020-04-04 21:07:14'),
(90, 0, -8980, 0, 0, 0, 0, '', '2020-04-04 21:08:00'),
(91, 0, -9850, 0, 0, 0, 0, '', '2020-04-04 21:08:32'),
(92, 0, -150, 0, 0, 0, 0, '', '2020-04-04 21:09:35'),
(93, 0, -150, 0, 0, 0, 0, '', '2020-04-04 21:10:23'),
(94, 0, 90, 0, 0, 0, 0, '', '2020-04-04 21:10:50'),
(95, 0, -80, 0, 0, 0, 0, '', '2020-04-04 21:11:41'),
(96, 0, 10, 0, 0, 0, 0, '', '2020-04-04 21:12:15'),
(97, 15, -10000, 0, 3, 2, 4, '', '2020-04-05 14:32:23'),
(98, 25, 25, 0, 0, 1, 0, '', '2020-04-06 21:54:40'),
(99, 12, 100, 0, 1, 1, 2, '', '2020-04-06 22:02:27'),
(100, 12, 150, 0, 1, 1, 2, '', '2020-04-06 22:06:01'),
(101, 0, 3, 0, 1, 1, 2, '', '2020-04-06 22:07:17'),
(102, 12, 22, 0, 1, 1, 2, '', '2020-04-06 22:08:38'),
(103, 13, 3, 0, 1, 1, 2, '', '2020-04-06 22:09:05'),
(104, 14, -5, 0, 1, 2, 2, 'Corte con trincheta', '2020-04-06 22:11:48'),
(105, 16, -3, 0, 1, 2, 2, 'Corte con trincheta', '2020-04-06 22:13:21'),
(106, 1, -17, 0, 1, 1, 4, '', '2020-04-06 23:33:46'),
(107, 17, -17, 0, 1, 1, 4, '', '2020-04-06 23:35:16'),
(108, 10, 14, 0, 1, 0, 0, '', '2020-04-06 23:37:41'),
(109, 13, 15, 0, 1, 0, 7, '', '2020-04-06 23:40:22'),
(110, 12, 21, 0, 1, 0, 5, '', '2020-04-06 23:42:08'),
(111, 1, 1000, 0, 1, 0, 3, '', '2020-04-06 23:46:58'),
(112, 4, 1, 0, 1, 0, 3, '', '2020-04-06 23:46:58'),
(113, 5, 1, 0, 1, 0, 3, '', '2020-04-06 23:46:58'),
(114, 3, 1, 0, 1, 0, 3, '', '2020-04-06 23:46:58'),
(115, 2, 1, 0, 1, 0, 3, '', '2020-04-06 23:46:58'),
(116, 6, 1, 0, 1, 0, 3, '', '2020-04-06 23:46:58'),
(117, 10, 1, 0, 1, 0, 3, '', '2020-04-06 23:46:58'),
(118, 0, 1, 0, 1, 0, 3, '', '2020-04-06 23:46:58'),
(119, 15, 1, 0, 1, 0, 3, '', '2020-04-06 23:46:58'),
(120, 14, 1, 0, 1, 0, 3, '', '2020-04-06 23:46:58'),
(121, 20, 1, 0, 1, 0, 3, '', '2020-04-06 23:46:58'),
(122, 17, 1, 0, 1, 0, 3, '', '2020-04-06 23:46:58'),
(123, 16, 1, 0, 1, 0, 3, '', '2020-04-06 23:46:58'),
(124, 18, 1, 0, 1, 0, 3, '', '2020-04-06 23:46:58'),
(125, 7, 1, 0, 1, 0, 3, '', '2020-04-06 23:46:58'),
(126, 8, 1, 0, 1, 0, 3, '', '2020-04-06 23:46:58'),
(127, 23, 14, 0, 1, 0, 3, '', '2020-04-06 23:46:58'),
(128, 19, 6, 0, 1, 0, 3, '', '2020-04-06 23:46:58'),
(129, 10, -11, 0, 1, 0, 4, '', '2020-04-08 18:10:09'),
(130, 16, -17, 0, 1, 0, 4, '', '2020-04-08 18:10:24'),
(131, 10, 11, 0, 1, 0, 7, '', '2020-04-08 18:10:45'),
(132, 11, -1, 0, 1, 0, 2, '', '2020-04-08 18:32:20'),
(133, 11, -1, 0, 1, 0, 2, '', '2020-04-08 18:43:44'),
(134, 13, 100, 0, 2, 0, 0, '', '2020-04-08 18:54:55'),
(135, 1, 110, 0, 1, 0, 0, '', '2020-04-09 13:36:07'),
(136, 11, 100, 0, 2, 0, 0, '', '2020-04-09 13:54:36'),
(137, 13, 150, 0, 2, 0, 0, '', '2020-04-09 13:59:04'),
(138, 21, 6, 0, 1, 0, 0, '', '2020-04-09 14:01:10'),
(139, 7, 15, 0, 1, 0, 0, '', '2020-04-09 14:01:59'),
(140, 1, 66, 0, 1, 0, 0, '', '2020-04-09 14:02:45'),
(141, 13, 111, 0, 1, 0, 0, '', '2020-04-09 14:03:29'),
(142, 11, -9, 0, 1, 0, 1, '', '2020-04-09 14:04:51'),
(143, 61, 4, 0, 1, 2, 2, '', '2020-04-09 23:24:48'),
(144, 60, 1, 0, 1, 0, 2, '', '2020-04-09 23:25:55'),
(145, 62, 1, 0, 1, 0, 2, '', '2020-04-09 23:28:14'),
(146, 63, 2, 0, 1, 0, 2, '', '2020-04-09 23:29:02'),
(147, 61, 2, 0, 1, 0, 2, '', '2020-04-09 23:30:01'),
(148, 60, 1, 0, 1, 0, 2, '', '2020-04-09 23:30:43'),
(149, 62, 2, 0, 1, 0, 2, '', '2020-04-09 23:36:33'),
(150, 62, 1, 0, 1, 0, 2, '', '2020-04-09 23:37:02'),
(151, 60, 1, 0, 1, 0, 2, '', '2020-04-09 23:40:21'),
(152, 60, 1, 0, 1, 0, 2, '', '2020-04-09 23:41:10'),
(153, 62, 1, 0, 1, 0, 2, '', '2020-04-09 23:46:22'),
(154, 63, 3, 0, 1, 0, 2, '', '2020-04-09 23:46:28'),
(155, 13, 4, 0, 1, 0, 2, '', '2020-04-09 23:47:43'),
(156, 1, 2, 10747, 3, 5, 4, '6', '0000-00-00 00:00:00'),
(157, 1, 2, 10747, 3, 5, 4, '6', '0000-00-00 00:00:00'),
(158, 1, 2, 10747, 3, 5, 4, '6', '0000-00-00 00:00:00'),
(159, 1, -100, 1824, 1, 0, 1, '', '2020-04-10 09:40:01'),
(160, 3, -17, 10001, 1, 0, 1, '', '2020-04-10 09:40:01'),
(161, 2, 3, 10095, 4, 6, 5, '7', '0000-00-00 00:00:00'),
(162, 3, -95, 10000, 4, 6, 5, '7', '0000-00-00 00:00:00'),
(163, 3, -111, 9889, 1, 0, 1, '', '2020-04-10 09:50:06'),
(164, 3, -111, 778, 1, 0, 1, '', '2020-04-10 10:02:19'),
(165, 3, -158, 1158, 1, 0, 1, '', '2020-04-10 10:03:59'),
(166, 1, -100, 900, 1, 0, 1, '', '2020-04-10 10:07:59'),
(167, 5, 150, 2237, 2, 0, 0, '', '2020-04-11 04:36:39'),
(168, 10, 1, 734, 2, 0, 0, '', '2020-04-11 04:36:39'),
(169, 10, 10, 734, 2, 0, 0, '', '2020-04-11 04:36:39'),
(170, 10, 220, 734, 2, 0, 0, '', '2020-04-11 04:36:39'),
(171, 21, 6, 1027, 2, 0, 0, '', '2020-04-11 04:36:39'),
(172, 13, 111, 1377, 2, 0, 0, '', '2020-04-11 04:36:39'),
(173, 2, 1000, 3297, 2, 0, 0, '', '2020-04-11 04:36:39'),
(174, 4, 100, 1004187, 2, 0, 0, '', '2020-04-11 04:36:39'),
(175, 0, 1, 2127, 2, 0, 0, '', '2020-04-11 04:36:39'),
(176, 1, 100, 7502, 2, 0, 0, '', '2020-04-11 04:36:39'),
(177, 1, 1, 7502, 2, 0, 0, '', '2020-04-11 04:36:39'),
(178, 1, 100, 7502, 2, 0, 0, '', '2020-04-11 04:36:39'),
(179, 1, 100, 7502, 2, 0, 0, '', '2020-04-11 04:36:39'),
(180, 5, 500, 2237, 2, 0, 0, '', '2020-04-11 04:36:39'),
(181, 1, 100, 7502, 2, 0, 0, '', '2020-04-11 04:36:39'),
(182, 3, 111, 3044, 2, 0, 0, '', '2020-04-11 04:36:39'),
(183, 2, 6, 3297, 2, 0, 0, '', '2020-04-11 04:36:39'),
(184, 3, 111, 3044, 2, 0, 0, '', '2020-04-11 04:36:39'),
(185, 4, 10, 1004187, 2, 0, 0, '', '2020-04-11 04:36:39'),
(186, 1, 1000, 7502, 2, 0, 0, '', '2020-04-11 04:36:39'),
(187, 0, 1, 2127, 2, 0, 0, '', '2020-04-11 04:36:39'),
(188, 1, 100, 7502, 2, 0, 0, '', '2020-04-11 04:36:39'),
(189, 2, 150, 3297, 2, 0, 0, '', '2020-04-11 04:36:39'),
(190, 13, 150, 1377, 2, 0, 0, '', '2020-04-11 04:36:39'),
(191, 20, 4, 9, 2, 0, 0, '', '2020-04-11 04:36:39'),
(192, 9, 4995, 6791, 2, 0, 0, '', '2020-04-11 04:36:39'),
(193, 11, 9, 1126, 2, 0, 0, '', '2020-04-11 04:36:39'),
(194, 17, 3, 67, 2, 0, 0, '', '2020-04-11 04:36:39'),
(195, 7, 100, 1335, 2, 0, 0, '', '2020-04-11 04:36:39'),
(196, 12, 200, 1254, 2, 0, 0, '', '2020-04-11 04:36:39'),
(197, 1, 100, 7502, 2, 0, 0, '', '2020-04-11 04:36:39'),
(198, 4, 199, 1004187, 2, 0, 0, '', '2020-04-11 04:36:39'),
(199, 1, 99, 7502, 2, 0, 0, '', '2020-04-11 04:36:39'),
(200, 4, 500, 1004187, 2, 0, 0, '', '2020-04-11 04:36:39'),
(201, 1, 60, 7502, 2, 0, 0, '', '2020-04-11 04:36:39'),
(202, 3, 1, 3044, 2, 0, 0, '', '2020-04-11 04:36:39'),
(203, 1, 2, 7502, 2, 0, 0, '', '2020-04-11 04:36:39'),
(204, 1, 188, 7502, 2, 0, 0, '', '2020-04-11 04:36:39'),
(205, 3, 100, 3044, 2, 0, 0, '', '2020-04-11 04:36:39'),
(206, 5, 1000, 2237, 2, 0, 0, '', '2020-04-11 04:36:39'),
(207, 1, 66, 7502, 2, 0, 0, '', '2020-04-11 04:36:39'),
(208, 1, 100, 7502, 2, 0, 0, '', '2020-04-11 04:36:39'),
(209, 3, 111, 3044, 2, 0, 0, '', '2020-04-11 04:36:39'),
(210, 1, 100, 7502, 2, 0, 0, '', '2020-04-11 04:36:39'),
(211, 2, 1, 3297, 2, 0, 0, '', '2020-04-11 04:36:39'),
(212, 1, 1, 7502, 2, 0, 0, '', '2020-04-11 04:36:39'),
(213, 3, 111, 3044, 2, 0, 0, '', '2020-04-11 04:36:39'),
(214, 2, 1, 3297, 2, 0, 0, '', '2020-04-11 04:36:39'),
(215, 1, 100, 7502, 2, 0, 0, '', '2020-04-11 04:36:39'),
(216, 5, 150, 2237, 2, 0, 0, '', '2020-04-11 04:36:39'),
(217, 2, 150, 3297, 2, 0, 0, '', '2020-04-11 04:36:39'),
(218, 1, 100, 7502, 2, 0, 0, '', '2020-04-11 04:36:39'),
(219, 1, 100, 7502, 2, 0, 0, '', '2020-04-11 04:36:39'),
(220, 0, 100, 2127, 2, 0, 0, '', '2020-04-11 04:36:39'),
(221, 4, 1000, 1004187, 2, 0, 0, '', '2020-04-11 04:36:39'),
(222, 5, 10, 2237, 2, 0, 0, '', '2020-04-11 04:36:39'),
(223, 13, 100, 1377, 2, 0, 0, '', '2020-04-11 04:36:39'),
(224, 6, 150, 210, 2, 0, 0, '', '2020-04-11 04:36:39'),
(225, 16, 3, 1215, 2, 0, 0, '', '2020-04-11 04:36:39'),
(226, 11, 100, 1126, 2, 0, 0, '', '2020-04-11 04:36:39'),
(227, 4, 1, 1004187, 2, 0, 0, '', '2020-04-11 04:36:39'),
(228, 10, 1, 734, 2, 0, 0, '', '2020-04-11 04:36:39'),
(229, 1, 100, 7502, 2, 0, 0, '', '2020-04-11 04:36:39'),
(230, 2, 1, 3297, 2, 0, 0, '', '2020-04-11 04:36:39'),
(231, 0, 1, 2127, 2, 0, 0, '', '2020-04-11 04:36:39'),
(232, 1, 100, 7502, 2, 0, 0, '', '2020-04-11 04:36:39'),
(233, 1, 100, 7502, 2, 0, 0, '', '2020-04-11 04:36:39'),
(234, 1, 100, 7502, 2, 0, 0, '', '2020-04-11 04:36:39'),
(235, 1, 19, 7502, 2, 0, 0, '', '2020-04-11 04:36:39'),
(236, 4, 9, 1004187, 2, 0, 0, '', '2020-04-11 04:36:39'),
(237, 2, 501, 3297, 2, 0, 0, '', '2020-04-11 04:36:39'),
(238, 1, 100, 7502, 2, 0, 0, '', '2020-04-11 04:36:39'),
(239, 1, 110, 7502, 2, 0, 0, '', '2020-04-11 04:36:39'),
(240, 5, 5, 2237, 2, 0, 0, '', '2020-04-11 04:36:39'),
(241, 1, 100, 7502, 2, 0, 0, '', '2020-04-11 04:36:39'),
(242, 3, 111, 3044, 2, 0, 0, '', '2020-04-11 04:36:39'),
(243, 3, 111, 3044, 2, 0, 0, '', '2020-04-11 04:36:39'),
(244, 2, 100, 3297, 2, 0, 0, '', '2020-04-11 04:36:39'),
(245, 10, 220, 734, 2, 0, 0, '', '2020-04-11 04:36:39'),
(246, 5, 10, 2237, 2, 0, 0, '', '2020-04-11 04:36:39'),
(247, 1, 100, 7502, 2, 0, 0, '', '2020-04-11 04:36:39'),
(248, 4, 1000, 1004187, 2, 0, 0, '', '2020-04-11 04:36:39'),
(249, 0, 1000, 2127, 2, 0, 0, '', '2020-04-11 04:36:39'),
(250, 10, 220, 734, 2, 0, 0, '', '2020-04-11 04:36:39'),
(251, 2, 199, 3297, 2, 0, 0, '', '2020-04-11 04:36:39'),
(252, 7, 100, 1335, 2, 0, 0, '', '2020-04-11 04:36:39'),
(253, 7, 15, 1335, 2, 0, 0, '', '2020-04-11 04:36:39'),
(254, 0, 1, 2127, 2, 0, 0, '', '2020-04-11 04:36:39'),
(255, 1, 100, 7502, 2, 0, 0, '', '2020-04-11 04:36:39'),
(256, 14, 1234, 2247, 2, 0, 0, '', '2020-04-11 04:36:39'),
(257, 1, 100, 7502, 2, 0, 0, '', '2020-04-11 04:36:39'),
(258, 0, 1, 2127, 2, 0, 0, '', '2020-04-11 04:36:39'),
(259, 17, 12, 67, 2, 0, 0, '', '2020-04-11 04:36:39'),
(260, 1, 100, 7502, 2, 0, 0, '', '2020-04-11 04:36:39'),
(261, 4, 7, 1004187, 2, 0, 0, '', '2020-04-11 04:36:39'),
(262, 1, 100, 7502, 2, 0, 0, '', '2020-04-11 04:36:39'),
(263, 4, 150, 1004187, 2, 0, 0, '', '2020-04-11 04:36:39'),
(264, 1, 100, 7502, 2, 0, 0, '', '2020-04-11 04:36:39'),
(265, 3, 111, 3044, 2, 0, 0, '', '2020-04-11 04:36:39'),
(266, 1, 100, 7502, 2, 0, 0, '', '2020-04-11 04:36:39'),
(267, 3, 984, 3044, 2, 0, 0, '', '2020-04-11 04:36:39'),
(268, 1, 100, 7502, 2, 0, 0, '', '2020-04-11 04:36:39'),
(269, 1, 724, 7502, 2, 0, 0, '', '2020-04-11 04:36:39'),
(270, 3, 158, 3044, 2, 0, 0, '', '2020-04-11 04:36:39'),
(271, 2, 150, 3297, 2, 0, 0, '', '2020-04-11 04:36:39'),
(272, 5, 1, 2237, 2, 0, 0, '', '2020-04-11 04:36:39'),
(273, 1, 122, 7502, 2, 0, 0, '', '2020-04-11 04:36:39'),
(274, 1, 100, 7502, 2, 0, 0, '', '2020-04-11 04:36:39'),
(275, 4, 10, 1004187, 2, 0, 0, '', '2020-04-11 04:36:39'),
(276, 5, 278, 2237, 2, 0, 0, '', '2020-04-11 04:36:39'),
(277, 10, 18, 734, 2, 0, 0, '', '2020-04-11 04:36:39'),
(278, 14, 10, 2247, 2, 0, 0, '', '2020-04-11 04:36:39'),
(279, 5, 10, 2237, 2, 0, 0, '', '2020-04-11 04:36:39'),
(280, 21, 2, 1027, 2, 0, 0, '', '2020-04-11 04:36:39'),
(281, 6, 1, 210, 2, 0, 0, '', '2020-04-11 04:36:39'),
(282, 0, 1, 2127, 2, 0, 0, '', '2020-04-11 04:36:39'),
(283, 24, 16, 71, 2, 0, 0, '', '2020-04-11 04:36:39'),
(284, 6, 15, 210, 2, 0, 0, '', '2020-04-11 04:36:39'),
(285, 11, 11, 1126, 2, 0, 0, '', '2020-04-11 04:36:39'),
(286, 4, 1, 1004187, 2, 0, 0, '', '2020-04-11 04:36:39'),
(287, 13, 15, 1377, 2, 0, 0, '', '2020-04-11 04:36:39'),
(288, 2, 10, 3297, 2, 0, 0, '', '2020-04-11 04:36:39'),
(289, 6, 6, 210, 2, 0, 0, '', '2020-04-11 04:36:39'),
(290, 1, 1, 7502, 2, 0, 0, '', '2020-04-11 04:36:39'),
(291, 3, 1, 3044, 2, 0, 0, '', '2020-04-11 04:36:39'),
(292, 4, 124, 1004187, 2, 0, 0, '', '2020-04-11 04:36:39'),
(293, 1, 1, 7502, 2, 0, 0, '', '2020-04-11 04:36:39'),
(294, 4, 5, 1004187, 2, 0, 0, '', '2020-04-11 04:36:39'),
(295, 1, 2, 7502, 2, 0, 0, '', '2020-04-11 04:36:39'),
(296, 3, 17, 3044, 2, 0, 0, '', '2020-04-11 04:36:39'),
(297, 2, 1, 3297, 2, 0, 0, '', '2020-04-11 04:36:39'),
(298, 1, 122, 7502, 2, 0, 0, '', '2020-04-11 04:36:39'),
(299, 11, 3, 1126, 2, 0, 0, '', '2020-04-11 04:36:39'),
(300, 5, 100, 2237, 2, 0, 0, '', '2020-04-11 04:36:39'),
(301, 2, 1, 3297, 2, 0, 0, '', '2020-04-11 04:36:39'),
(302, 5, 12, 2237, 2, 0, 0, '', '2020-04-11 04:36:39'),
(303, 21, 12, 1027, 2, 0, 0, '', '2020-04-11 04:36:39'),
(304, 6, 7, 210, 2, 0, 0, '', '2020-04-11 04:36:39'),
(305, 4, 14, 1004187, 2, 0, 0, '', '2020-04-11 04:36:39'),
(306, 0, 1, 2127, 2, 0, 0, '', '2020-04-11 04:36:39'),
(307, 2, 7, 3297, 2, 0, 0, '', '2020-04-11 04:36:39'),
(308, 9, 199, 6791, 2, 0, 0, '', '2020-04-11 04:36:39'),
(309, 4, 10, 1004187, 2, 0, 0, '', '2020-04-11 04:36:39'),
(310, 8, 1, 1005, 2, 0, 0, '', '2020-04-11 04:36:39'),
(311, 24, 1, 71, 2, 0, 0, '', '2020-04-11 04:36:39'),
(312, 20, 1, 9, 2, 0, 0, '', '2020-04-11 04:36:39'),
(313, 6, 15, 210, 2, 0, 0, '', '2020-04-11 04:36:39'),
(314, 17, 13, 67, 2, 0, 0, '', '2020-04-11 04:36:39'),
(315, 24, 19, 71, 2, 0, 0, '', '2020-04-11 04:36:39'),
(316, 4, 18, 1004187, 2, 0, 0, '', '2020-04-11 04:36:39'),
(317, 21, 6, 1027, 2, 0, 0, '', '2020-04-11 04:36:39'),
(318, 1, 17, 7502, 2, 0, 0, '', '2020-04-11 04:36:39'),
(319, 1, 100, 7502, 2, 0, 0, '', '2020-04-11 04:36:39'),
(320, 4, 1, 1004187, 2, 0, 0, '', '2020-04-11 04:36:39'),
(321, 0, 17, 2127, 2, 0, 0, '', '2020-04-11 04:36:39'),
(322, 10, 1, 734, 2, 0, 0, '', '2020-04-11 04:36:39'),
(323, 1, 100, 7502, 2, 0, 0, '', '2020-04-11 04:36:39'),
(324, 24, 18, 71, 2, 0, 0, '', '2020-04-11 04:36:39'),
(325, 17, 12, 67, 2, 0, 0, '', '2020-04-11 04:36:39'),
(326, 4, 1, 1004187, 2, 0, 0, '', '2020-04-11 04:36:39'),
(327, 4, 1, 1004187, 2, 0, 0, '', '2020-04-11 04:36:39'),
(328, 2, 3, 3297, 2, 0, 0, '', '2020-04-11 04:36:39'),
(329, 16, 1, 1215, 2, 0, 0, '', '2020-04-11 04:36:39'),
(330, 1, 1, 7502, 2, 0, 0, '', '2020-04-11 04:36:39'),
(331, 1, 1000, 7502, 2, 0, 0, '', '2020-04-11 04:36:39'),
(332, 2, 1, 3297, 2, 0, 0, '', '2020-04-11 04:36:39'),
(333, 4, 1, 1004187, 2, 0, 0, '', '2020-04-11 04:36:39'),
(334, 29, 1, 1, 2, 0, 0, '', '2020-04-11 04:36:39'),
(335, 3, 1, 3044, 2, 0, 0, '', '2020-04-11 04:36:39'),
(336, 1, 122, 7502, 2, 0, 0, '', '2020-04-11 04:36:39'),
(337, 2, 1, 3297, 2, 0, 0, '', '2020-04-11 04:36:39'),
(338, 5, 1, 2237, 2, 0, 0, '', '2020-04-11 04:36:39'),
(339, 10, 1, 734, 2, 0, 0, '', '2020-04-11 04:36:39'),
(340, 10, 17, 734, 2, 0, 0, '', '2020-04-11 04:36:39'),
(341, 3, 1, 3044, 2, 0, 0, '', '2020-04-11 04:36:39'),
(342, 4, 1, 1004187, 2, 0, 0, '', '2020-04-11 04:36:39'),
(343, 2, 1, 3297, 2, 0, 0, '', '2020-04-11 04:36:39'),
(344, 5, 2, 2237, 2, 0, 0, '', '2020-04-11 04:36:39'),
(345, 6, 1, 210, 2, 0, 0, '', '2020-04-11 04:36:39'),
(346, 4, 10, 1004187, 2, 0, 0, '', '2020-04-11 04:36:39'),
(347, 5, 1, 2237, 2, 0, 0, '', '2020-04-11 04:36:39'),
(348, 6, 1, 210, 2, 0, 0, '', '2020-04-11 04:36:39'),
(349, 16, 188, 1215, 2, 0, 0, '', '2020-04-11 04:36:39'),
(350, 2, 1, 3297, 2, 0, 0, '', '2020-04-11 04:36:39'),
(351, 2, 1, 3297, 2, 0, 0, '', '2020-04-11 04:36:39'),
(352, 4, 10, 1004187, 2, 0, 0, '', '2020-04-11 04:36:39'),
(353, 3, 1, 3044, 2, 0, 0, '', '2020-04-11 04:36:39'),
(354, 4, 1, 1004187, 2, 0, 0, '', '2020-04-11 04:36:39'),
(355, 4, 1, 1004187, 2, 0, 0, '', '2020-04-11 04:36:39'),
(356, 2, 1, 3297, 2, 0, 0, '', '2020-04-11 04:36:39'),
(357, 6, 8, 210, 2, 0, 0, '', '2020-04-11 04:36:39'),
(358, 2, 1, 3297, 2, 0, 0, '', '2020-04-11 04:36:39'),
(359, 4, 1, 1004187, 2, 0, 0, '', '2020-04-11 04:36:39'),
(360, 6, 1, 210, 2, 0, 0, '', '2020-04-11 04:36:39'),
(361, 4, 999999, 1004187, 2, 0, 0, '', '2020-04-11 04:36:39'),
(362, 16, 17, 1215, 2, 0, 0, '', '2020-04-11 04:36:39'),
(363, 24, 17, 71, 2, 0, 0, '', '2020-04-11 04:36:39'),
(364, 10, 14, 734, 2, 0, 0, '', '2020-04-11 04:36:39'),
(365, 0, 1, 2127, 2, 0, 0, '', '2020-04-11 04:36:39'),
(366, 7, 10, 1335, 2, 0, 0, '', '2020-04-11 04:36:39'),
(367, 5, 1, 2237, 2, 0, 0, '', '2020-04-11 04:36:39'),
(368, 9, 199, 6791, 2, 0, 0, '', '2020-04-11 04:36:39'),
(369, 3, 1, 3044, 2, 0, 0, '', '2020-04-11 04:36:39'),
(370, 11, 2, 1126, 2, 0, 0, '', '2020-04-11 04:36:39'),
(371, 2, 7, 3297, 2, 0, 0, '', '2020-04-11 04:36:39'),
(372, 3, 1, 3044, 2, 0, 0, '', '2020-04-11 04:36:39'),
(373, 5, 1, 2237, 2, 0, 0, '', '2020-04-11 04:36:39'),
(374, 2, 1, 3297, 2, 0, 0, '', '2020-04-11 04:36:39'),
(375, 4, 1, 1004187, 2, 0, 0, '', '2020-04-11 04:36:39'),
(376, 1, 17, 7502, 2, 0, 0, '', '2020-04-11 04:36:39'),
(377, 5, 1, 2237, 2, 0, 0, '', '2020-04-11 04:36:39'),
(378, 7, 3, 1335, 2, 0, 0, '', '2020-04-11 04:36:39'),
(379, 7, 100, 1335, 2, 0, 0, '', '2020-04-11 04:36:39'),
(380, 12, 18, 1254, 2, 0, 0, '', '2020-04-11 04:36:39'),
(381, 4, 1, 1004187, 2, 0, 0, '', '2020-04-11 04:36:39'),
(382, 11, 1, 1126, 2, 0, 0, '', '2020-04-11 04:36:39'),
(383, 17, 17, 67, 2, 0, 0, '', '2020-04-11 04:36:39'),
(384, 8, 1, 1005, 2, 0, 0, '', '2020-04-11 04:36:39'),
(385, 13, 1, 1377, 2, 0, 0, '', '2020-04-11 04:36:39'),
(386, 3, 1, 3044, 2, 0, 0, '', '2020-04-11 04:36:39'),
(387, 5, 1, 2237, 2, 0, 0, '', '2020-04-11 04:36:39'),
(388, 2, 1, 3297, 2, 0, 0, '', '2020-04-11 04:36:39'),
(389, 5, 1, 2237, 2, 0, 0, '', '2020-04-11 04:36:39'),
(390, 6, 1, 210, 2, 0, 0, '', '2020-04-11 04:36:39'),
(391, 18, 7, 1013, 2, 0, 0, '', '2020-04-11 04:36:39'),
(392, 5, 1, 2237, 2, 0, 0, '', '2020-04-11 04:36:39'),
(393, 16, 1, 1215, 2, 0, 0, '', '2020-04-11 04:36:39'),
(394, 6, 1, 210, 2, 0, 0, '', '2020-04-11 04:36:39'),
(395, 5, 1, 2237, 2, 0, 0, '', '2020-04-11 04:36:39'),
(396, 7, 1, 1335, 2, 0, 0, '', '2020-04-11 04:36:39'),
(397, 10, 1, 734, 2, 0, 0, '', '2020-04-11 04:36:39'),
(398, 6, 1, 210, 2, 0, 0, '', '2020-04-11 04:36:39'),
(399, 6, 1, 210, 2, 0, 0, '', '2020-04-11 04:36:39'),
(400, 1, 14, 7502, 2, 0, 0, '', '2020-04-11 04:36:39'),
(401, 23, 1, 1017, 2, 0, 0, '', '2020-04-11 04:36:39'),
(402, 6, 1, 210, 2, 0, 0, '', '2020-04-11 04:36:39'),
(403, 10, 1, 734, 2, 0, 0, '', '2020-04-11 04:36:39'),
(404, 7, 1, 1335, 2, 0, 0, '', '2020-04-11 04:36:39'),
(405, 0, 1, 2127, 2, 0, 0, '', '2020-04-11 04:36:39'),
(406, 20, 1, 9, 2, 0, 0, '', '2020-04-11 04:36:39'),
(407, 1, 8, 7502, 2, 0, 0, '', '2020-04-11 04:36:39'),
(408, 7, 1, 1335, 2, 0, 0, '', '2020-04-11 04:36:39'),
(409, 7, 1, 1335, 2, 0, 0, '', '2020-04-11 04:36:39'),
(410, 18, 1, 1013, 2, 0, 0, '', '2020-04-11 04:36:39'),
(411, 21, 1, 1027, 2, 0, 0, '', '2020-04-11 04:36:39'),
(412, 9, 199, 6791, 2, 0, 0, '', '2020-04-11 04:36:39'),
(413, 9, 199, 6791, 2, 0, 0, '', '2020-04-11 04:36:39'),
(414, 0, 1, 2127, 2, 0, 0, '', '2020-04-11 04:36:39'),
(415, 7, 1, 1335, 2, 0, 0, '', '2020-04-11 04:36:39'),
(416, 10, 1, 734, 2, 0, 0, '', '2020-04-11 04:36:39'),
(417, 17, 1, 67, 2, 0, 0, '', '2020-04-11 04:36:39'),
(418, 15, 1, 1005, 2, 0, 0, '', '2020-04-11 04:36:39'),
(419, 10, 1, 734, 2, 0, 0, '', '2020-04-11 04:36:39'),
(420, 8, 1, 1005, 2, 0, 0, '', '2020-04-11 04:36:39'),
(421, 10, 1, 734, 2, 0, 0, '', '2020-04-11 04:36:39'),
(422, 14, 1, 2247, 2, 0, 0, '', '2020-04-11 04:36:39'),
(423, 12, 18, 1254, 2, 0, 0, '', '2020-04-11 04:36:39'),
(424, 10, 1, 734, 2, 0, 0, '', '2020-04-11 04:36:39'),
(425, 15, 1, 1005, 2, 0, 0, '', '2020-04-11 04:36:39'),
(426, 20, 1, 9, 2, 0, 0, '', '2020-04-11 04:36:39'),
(427, 14, 1, 2247, 2, 0, 0, '', '2020-04-11 04:36:39'),
(428, 20, 1, 9, 2, 0, 0, '', '2020-04-11 04:36:39'),
(429, 16, 1, 1215, 2, 0, 0, '', '2020-04-11 04:36:39'),
(430, 17, 1, 67, 2, 0, 0, '', '2020-04-11 04:36:39'),
(431, 15, 1, 1005, 2, 0, 0, '', '2020-04-11 04:36:39'),
(432, 14, 1, 2247, 2, 0, 0, '', '2020-04-11 04:36:39'),
(433, 12, 18, 1254, 2, 0, 0, '', '2020-04-11 04:36:39'),
(434, 16, 1, 1215, 2, 0, 0, '', '2020-04-11 04:36:39'),
(435, 16, 1, 1215, 2, 0, 0, '', '2020-04-11 04:36:39'),
(436, 17, 1, 67, 2, 0, 0, '', '2020-04-11 04:36:39'),
(437, 1, 5, 7502, 2, 0, 0, '', '2020-04-11 04:36:39'),
(438, 17, 1, 67, 2, 0, 0, '', '2020-04-11 04:36:39'),
(439, 15, 1, 1005, 2, 0, 0, '', '2020-04-11 04:36:39'),
(440, 15, 1, 1005, 2, 0, 0, '', '2020-04-11 04:36:39'),
(441, 16, 1, 1215, 2, 0, 0, '', '2020-04-11 04:36:39'),
(442, 16, 1, 1215, 2, 0, 0, '', '2020-04-11 04:36:39'),
(443, 18, 1, 1013, 2, 0, 0, '', '2020-04-11 04:36:39'),
(444, 17, 1, 67, 2, 0, 0, '', '2020-04-11 04:36:39'),
(445, 23, 1, 1017, 2, 0, 0, '', '2020-04-11 04:36:39'),
(446, 7, 1, 1335, 2, 0, 0, '', '2020-04-11 04:36:39'),
(447, 18, 1, 1013, 2, 0, 0, '', '2020-04-11 04:36:39'),
(448, 18, 1, 1013, 2, 0, 0, '', '2020-04-11 04:36:39'),
(449, 8, 1, 1005, 2, 0, 0, '', '2020-04-11 04:36:39'),
(450, 7, 1, 1335, 2, 0, 0, '', '2020-04-11 04:36:39'),
(451, 18, 1, 1013, 2, 0, 0, '', '2020-04-11 04:36:39'),
(452, 20, 1, 9, 2, 0, 0, '', '2020-04-11 04:36:39'),
(453, 23, 1, 1017, 2, 0, 0, '', '2020-04-11 04:36:39'),
(454, 18, 1, 1013, 2, 0, 0, '', '2020-04-11 04:36:39'),
(455, 8, 1, 1005, 2, 0, 0, '', '2020-04-11 04:36:39'),
(456, 23, 14, 1017, 2, 0, 0, '', '2020-04-11 04:36:39'),
(457, 19, 6, 1006, 2, 0, 0, '', '2020-04-11 04:36:39'),
(458, 10, 5, 734, 2, 0, 0, '', '2020-04-11 04:36:39'),
(459, 17, 5, 67, 2, 0, 0, '', '2020-04-11 04:36:39'),
(460, 3, -111, 2933, 2, 0, 9, '', '2020-04-11 05:45:42'),
(461, 3, -111, 2822, 2, 0, 9, '', '2020-04-11 05:51:39'),
(462, 60, -989, 11, 2, 0, 2, '', '2020-04-11 05:59:41'),
(463, 61, -889, 111, 2, 0, 2, '', '2020-04-11 06:00:23'),
(464, 62, -991, 9, 2, 0, 2, '', '2020-04-11 06:01:50'),
(465, 2, -53, 3244, 1, 0, 1, '', '2020-04-11 06:12:50'),
(466, 16, -1000, 215, 2, 0, 9, '', '2020-04-11 06:16:39'),
(467, 60, -1, 10, 2, 0, 1, '', '2020-04-14 20:58:33'),
(468, 30, -1, -1, 2, 0, 1, '', '2020-04-14 21:00:34'),
(469, 26, -1, -1, 2, 0, 1, '', '2020-04-14 21:00:34'),
(470, 16, -17, 198, 2, 0, 1, '', '2020-04-14 21:00:34'),
(471, 1, -2, -2, 2, 0, 1, '', '2020-04-14 21:03:25'),
(472, 63, -17, 983, 2, 0, 1, '', '2020-04-14 21:05:23'),
(473, 63, -11, 972, 2, 0, 1, '', '2020-04-14 21:06:49'),
(474, 5, -3, 2234, 1, 0, 1, '', '2020-04-14 23:17:23'),
(475, 3, -111, -112, 1, 0, 9, '', '2020-04-18 15:44:12');

-- --------------------------------------------------------

--
-- Estructura de tabla para la tabla `products_stock_changes_reasons`
--

CREATE TABLE `products_stock_changes_reasons` (
  `id` int(11) NOT NULL,
  `reason` varchar(150) NOT NULL
) ENGINE=InnoDB DEFAULT CHARSET=utf8;

--
-- Volcado de datos para la tabla `products_stock_changes_reasons`
--

INSERT INTO `products_stock_changes_reasons` (`id`, `reason`) VALUES
(0, ''),
(1, 'Vencimiento'),
(2, 'Ruptura'),
(3, 'Regalo'),
(4, 'Otros (detallar)');

-- --------------------------------------------------------

--
-- Estructura de tabla para la tabla `products_stock_changes_website_zones`
--

CREATE TABLE `products_stock_changes_website_zones` (
  `id` int(11) NOT NULL,
  `name` varchar(50) NOT NULL,
  `websiteZone` varchar(100) NOT NULL,
  `extraDescription` text NOT NULL
) ENGINE=InnoDB DEFAULT CHARSET=utf8;

--
-- Volcado de datos para la tabla `products_stock_changes_website_zones`
--

INSERT INTO `products_stock_changes_website_zones` (`id`, `name`, `websiteZone`, `extraDescription`) VALUES
(0, 'unknow', 'Desconocido', ''),
(1, 'sale', 'Venta', ''),
(2, 'stockChangePrompt', 'Cambio de stock manual', ''),
(3, 'cancelSale', 'Cancelar venta', ''),
(4, 'addProduct', 'Agregar producto', ''),
(5, 'modifyProductAmount', 'Cambiar cantidad', ''),
(6, 'changeProductBy', 'Cambiar producto por otro', ''),
(7, 'deleteProduct', 'Eliminar producto', ''),
(8, 'masiveStockChanger', 'Cambiador de stock masivo', ''),
(9, 'forceSaleStockControl', 'Forzador de control de stock de ventas', '');

-- --------------------------------------------------------

--
-- Estructura de tabla para la tabla `products_tags`
--

CREATE TABLE `products_tags` (
  `id` int(11) NOT NULL,
  `tag` varchar(50) NOT NULL,
  `dateCreated` timestamp NOT NULL DEFAULT CURRENT_TIMESTAMP
) ENGINE=InnoDB DEFAULT CHARSET=utf8;

-- --------------------------------------------------------

--
-- Estructura de tabla para la tabla `products_u_products_tags`
--

CREATE TABLE `products_u_products_tags` (
  `id` int(11) NOT NULL,
  `productID` int(11) NOT NULL,
  `tagID` int(11) NOT NULL,
  `isActive` tinyint(4) NOT NULL DEFAULT '1',
  `dateCreated` timestamp NOT NULL DEFAULT CURRENT_TIMESTAMP
) ENGINE=InnoDB DEFAULT CHARSET=utf8;

-- --------------------------------------------------------

--
-- Estructura de tabla para la tabla `purchases`
--

CREATE TABLE `purchases` (
  `id` int(11) NOT NULL,
  `supplierID` int(11) NOT NULL,
  `stateID` int(11) NOT NULL DEFAULT '4',
  `isActive` tinyint(4) NOT NULL DEFAULT '1',
  `isOrdered` tinyint(4) NOT NULL DEFAULT '0',
  `paymentMethodID` int(11) NOT NULL,
  `totalProducts` float NOT NULL,
  `totalCharged` float NOT NULL,
  `totalTotal` float NOT NULL,
  `discount` float NOT NULL,
  `notes` text NOT NULL,
  `dateArrived` timestamp NOT NULL DEFAULT '0000-00-00 00:00:00',
  `dateCreated` timestamp NOT NULL DEFAULT CURRENT_TIMESTAMP,
  `datePayed` timestamp NOT NULL DEFAULT '0000-00-00 00:00:00',
  `dateCancelation` timestamp NOT NULL DEFAULT '0000-00-00 00:00:00',
  `dateOrdered` timestamp NOT NULL DEFAULT '0000-00-00 00:00:00',
  `cancelationReasonID` int(11) NOT NULL
) ENGINE=InnoDB DEFAULT CHARSET=utf8;

--
-- Volcado de datos para la tabla `purchases`
--

INSERT INTO `purchases` (`id`, `supplierID`, `stateID`, `isActive`, `isOrdered`, `paymentMethodID`, `totalProducts`, `totalCharged`, `totalTotal`, `discount`, `notes`, `dateArrived`, `dateCreated`, `datePayed`, `dateCancelation`, `dateOrdered`, `cancelationReasonID`) VALUES
(1, 1, 1, 0, 1, 11, 0, 10, 10, 1, '1', '0000-00-00 00:00:00', '0000-00-00 00:00:00', '0000-00-00 00:00:00', '0000-00-00 00:00:00', '0000-00-00 00:00:00', 1),
(2, 2, 1, 0, 1, 22, 0, 20, 20, 2, '2', '0000-00-00 00:00:00', '0000-00-00 00:00:00', '0000-00-00 00:00:00', '0000-00-00 00:00:00', '0000-00-00 00:00:00', 2),
(3, 4, 0, 0, 0, 0, 0, 0, 0, 0, '', '0000-00-00 00:00:00', '2019-10-25 02:47:40', '0000-00-00 00:00:00', '0000-00-00 00:00:00', '0000-00-00 00:00:00', 0),
(4, 3, 0, 0, 0, 0, 0, 0, 0, 0, '', '0000-00-00 00:00:00', '2019-10-25 02:49:49', '0000-00-00 00:00:00', '0000-00-00 00:00:00', '0000-00-00 00:00:00', 0),
(5, 2, 0, 0, 0, 0, 0, 0, 0, 0, '', '0000-00-00 00:00:00', '2019-10-25 02:53:54', '0000-00-00 00:00:00', '0000-00-00 00:00:00', '0000-00-00 00:00:00', 0),
(6, 3, 0, 0, 0, 0, 0, 0, 0, 0, '', '0000-00-00 00:00:00', '2019-10-25 02:56:25', '0000-00-00 00:00:00', '0000-00-00 00:00:00', '0000-00-00 00:00:00', 0),
(7, 3, 0, 0, 0, 0, 0, 0, 0, 0, '', '0000-00-00 00:00:00', '2019-10-25 03:01:25', '0000-00-00 00:00:00', '0000-00-00 00:00:00', '0000-00-00 00:00:00', 0),
(8, 3, 0, 0, 0, 0, 0, 0, 0, 0, '', '0000-00-00 00:00:00', '2019-10-25 03:03:21', '0000-00-00 00:00:00', '0000-00-00 00:00:00', '0000-00-00 00:00:00', 0),
(9, 3, 0, 0, 0, 0, 0, 0, 0, 0, '', '0000-00-00 00:00:00', '2019-10-25 03:04:22', '0000-00-00 00:00:00', '0000-00-00 00:00:00', '0000-00-00 00:00:00', 0),
(10, 3, 0, 0, 0, 0, 0, 0, 0, 0, '', '0000-00-00 00:00:00', '2019-10-25 03:06:59', '0000-00-00 00:00:00', '0000-00-00 00:00:00', '0000-00-00 00:00:00', 0),
(11, 3, 0, 0, 0, 0, 0, 0, 0, 0, '', '0000-00-00 00:00:00', '2019-10-25 03:10:45', '0000-00-00 00:00:00', '0000-00-00 00:00:00', '0000-00-00 00:00:00', 0),
(12, 3, 0, 0, 0, 0, 0, 0, 0, 0, '', '0000-00-00 00:00:00', '2019-10-25 03:13:46', '0000-00-00 00:00:00', '0000-00-00 00:00:00', '0000-00-00 00:00:00', 0),
(13, 3, 0, 0, 0, 0, 0, 0, 0, 0, '', '0000-00-00 00:00:00', '2019-10-25 03:17:40', '0000-00-00 00:00:00', '0000-00-00 00:00:00', '0000-00-00 00:00:00', 0),
(14, 3, 0, 0, 0, 0, 0, 0, 0, 0, '', '0000-00-00 00:00:00', '2019-10-25 03:20:39', '0000-00-00 00:00:00', '0000-00-00 00:00:00', '0000-00-00 00:00:00', 0),
(15, 3, 0, 0, 0, 0, 0, 0, 0, 0, '', '0000-00-00 00:00:00', '2019-10-25 03:21:25', '0000-00-00 00:00:00', '0000-00-00 00:00:00', '0000-00-00 00:00:00', 0),
(16, 3, 0, 0, 0, 0, 0, 0, 0, 0, '', '0000-00-00 00:00:00', '2019-10-25 03:25:10', '0000-00-00 00:00:00', '0000-00-00 00:00:00', '0000-00-00 00:00:00', 0),
(17, 3, 0, 0, 0, 0, 0, 0, 0, 0, '', '0000-00-00 00:00:00', '2019-10-25 03:28:11', '0000-00-00 00:00:00', '0000-00-00 00:00:00', '0000-00-00 00:00:00', 0),
(18, 1, 0, 0, 0, 0, 0, 0, 0, 0, '', '0000-00-00 00:00:00', '2019-10-26 13:44:06', '0000-00-00 00:00:00', '0000-00-00 00:00:00', '0000-00-00 00:00:00', 0),
(19, 3, 1, 0, 0, 0, 0, 0, 0, 0, '', '0000-00-00 00:00:00', '2019-10-26 21:09:22', '0000-00-00 00:00:00', '0000-00-00 00:00:00', '0000-00-00 00:00:00', 0),
(20, 2, 4, 0, 0, 0, 0, 0, 0, 0, '', '0000-00-00 00:00:00', '2019-10-26 21:48:45', '0000-00-00 00:00:00', '0000-00-00 00:00:00', '0000-00-00 00:00:00', 0),
(21, 1, 4, 0, 0, 0, 0, 0, 0, 0, '', '0000-00-00 00:00:00', '2019-10-29 16:41:12', '0000-00-00 00:00:00', '0000-00-00 00:00:00', '0000-00-00 00:00:00', 0),
(22, 3, 4, 0, 0, 0, 0, 0, 0, 0, '', '0000-00-00 00:00:00', '2019-10-29 17:37:25', '0000-00-00 00:00:00', '0000-00-00 00:00:00', '0000-00-00 00:00:00', 0),
(23, 2, 4, 0, 0, 0, 0, 0, 0, 0, '', '0000-00-00 00:00:00', '2019-10-29 17:37:27', '0000-00-00 00:00:00', '0000-00-00 00:00:00', '0000-00-00 00:00:00', 0),
(24, 2, 4, 0, 0, 0, 0, 0, 0, 0, '', '0000-00-00 00:00:00', '2019-10-30 14:07:01', '0000-00-00 00:00:00', '0000-00-00 00:00:00', '0000-00-00 00:00:00', 0),
(25, 4, 4, 0, 0, 0, 0, 0, 0, 0, '', '0000-00-00 00:00:00', '2019-10-30 14:18:42', '0000-00-00 00:00:00', '0000-00-00 00:00:00', '0000-00-00 00:00:00', 0),
(26, 2, 4, 0, 0, 0, 0, 0, 0, 0, '', '0000-00-00 00:00:00', '2019-10-30 15:04:39', '0000-00-00 00:00:00', '0000-00-00 00:00:00', '0000-00-00 00:00:00', 0),
(27, 1, 4, 0, 0, 0, 0, 0, 0, 0, '', '0000-00-00 00:00:00', '2019-10-30 15:10:25', '0000-00-00 00:00:00', '0000-00-00 00:00:00', '0000-00-00 00:00:00', 0),
(28, 3, 4, 0, 0, 0, 0, 0, 0, 0, '', '0000-00-00 00:00:00', '2019-10-30 15:11:17', '0000-00-00 00:00:00', '0000-00-00 00:00:00', '0000-00-00 00:00:00', 0),
(29, 4, 4, 0, 0, 0, 0, 0, 0, 0, '', '0000-00-00 00:00:00', '2019-10-30 17:29:25', '0000-00-00 00:00:00', '0000-00-00 00:00:00', '0000-00-00 00:00:00', 0),
(30, 4, 4, 0, 0, 0, 0, 0, 0, 0, '', '0000-00-00 00:00:00', '2019-10-30 18:17:51', '0000-00-00 00:00:00', '0000-00-00 00:00:00', '0000-00-00 00:00:00', 0),
(31, 1, 4, 0, 0, 0, 0, 0, 0, 0, '', '0000-00-00 00:00:00', '2019-10-30 21:30:26', '0000-00-00 00:00:00', '0000-00-00 00:00:00', '0000-00-00 00:00:00', 0),
(32, 2, 4, 0, 0, 0, 0, 0, 0, 0, '', '0000-00-00 00:00:00', '2019-10-30 21:30:41', '0000-00-00 00:00:00', '0000-00-00 00:00:00', '0000-00-00 00:00:00', 0),
(33, 1, 4, 0, 0, 0, 0, 0, 0, 0, '', '0000-00-00 00:00:00', '2019-10-30 22:18:31', '0000-00-00 00:00:00', '0000-00-00 00:00:00', '0000-00-00 00:00:00', 0),
(34, 3, 4, 0, 0, 0, 0, 0, 0, 0, '', '0000-00-00 00:00:00', '2019-10-30 23:42:29', '0000-00-00 00:00:00', '0000-00-00 00:00:00', '0000-00-00 00:00:00', 0),
(35, 4, 4, 0, 0, 0, 0, 0, 0, 0, '', '0000-00-00 00:00:00', '2019-10-31 13:58:03', '0000-00-00 00:00:00', '0000-00-00 00:00:00', '0000-00-00 00:00:00', 0),
(36, 2, 2, 0, 0, 0, 0, 0, 0, 0, '', '0000-00-00 00:00:00', '2019-11-01 20:51:23', '0000-00-00 00:00:00', '0000-00-00 00:00:00', '0000-00-00 00:00:00', 0),
(37, 4, 4, 0, 0, 0, 0, 0, 0, 0, '', '0000-00-00 00:00:00', '2019-11-01 20:51:24', '0000-00-00 00:00:00', '0000-00-00 00:00:00', '0000-00-00 00:00:00', 0),
(38, 1, 4, 0, 0, 0, 0, 0, 0, 0, '', '0000-00-00 00:00:00', '2019-11-01 20:51:28', '0000-00-00 00:00:00', '0000-00-00 00:00:00', '0000-00-00 00:00:00', 0),
(39, 3, 4, 0, 0, 0, 0, 0, 0, 0, '', '0000-00-00 00:00:00', '2019-11-01 23:55:28', '0000-00-00 00:00:00', '0000-00-00 00:00:00', '0000-00-00 00:00:00', 0),
(40, 1, 4, 0, 0, 0, 0, 0, 0, 0, '', '0000-00-00 00:00:00', '2019-11-02 00:24:06', '0000-00-00 00:00:00', '0000-00-00 00:00:00', '0000-00-00 00:00:00', 0),
(41, 4, 4, 0, 0, 0, 0, 0, 0, 0, '', '0000-00-00 00:00:00', '2019-11-02 00:24:53', '0000-00-00 00:00:00', '0000-00-00 00:00:00', '0000-00-00 00:00:00', 0),
(42, 2, 1, 0, 1, 0, 3809, 324.72, 4133.72, 0, '', '0000-00-00 00:00:00', '2019-11-02 00:26:42', '0000-00-00 00:00:00', '0000-00-00 00:00:00', '0000-00-00 00:00:00', 0),
(43, 1, 1, 0, 1, 0, 0, 10, 10, 0, '', '0000-00-00 00:00:00', '2019-11-02 00:33:54', '0000-00-00 00:00:00', '0000-00-00 00:00:00', '0000-00-00 00:00:00', 0),
(44, 4, 1, 0, 1, 0, 0, 1500, 1500, 0, '', '0000-00-00 00:00:00', '2019-11-02 00:43:16', '0000-00-00 00:00:00', '0000-00-00 00:00:00', '0000-00-00 00:00:00', 0),
(45, 1, 1, 0, 1, 0, 300, 25, 325, 0, '', '0000-00-00 00:00:00', '2019-11-03 00:48:09', '0000-00-00 00:00:00', '0000-00-00 00:00:00', '0000-00-00 00:00:00', 0),
(46, 4, 1, 0, 1, 0, 0, 1500, 1500, 0, '', '0000-00-00 00:00:00', '2019-11-03 00:48:55', '0000-00-00 00:00:00', '0000-00-00 00:00:00', '0000-00-00 00:00:00', 0),
(47, 2, 4, 0, 0, 0, 0, 20, 20, 0, '', '0000-00-00 00:00:00', '2019-11-15 20:59:14', '0000-00-00 00:00:00', '0000-00-00 00:00:00', '0000-00-00 00:00:00', 0),
(48, 4, 1, 1, 1, 0, 6396, 2139.6, 8535.6, 0, '', '0000-00-00 00:00:00', '2019-11-15 21:12:07', '0000-00-00 00:00:00', '0000-00-00 00:00:00', '0000-00-00 00:00:00', 0),
(49, 1, 1, 1, 1, 0, 4579.88, 238.99, 4818.87, 0, '', '0000-00-00 00:00:00', '2019-11-15 21:16:12', '0000-00-00 00:00:00', '0000-00-00 00:00:00', '0000-00-00 00:00:00', 0),
(50, 2, 1, 1, 1, 0, 5615, 469.2, 6084.2, 0, '', '0000-00-00 00:00:00', '2019-11-15 21:25:50', '0000-00-00 00:00:00', '0000-00-00 00:00:00', '0000-00-00 00:00:00', 0),
(51, 3, 1, 1, 1, 0, 120, 504.8, 624.8, 0, '', '0000-00-00 00:00:00', '2020-01-28 20:03:03', '0000-00-00 00:00:00', '0000-00-00 00:00:00', '0000-00-00 00:00:00', 0),
(52, 4, 1, 1, 1, 0, 55, 1505.5, 1560.5, 0, '', '0000-00-00 00:00:00', '2020-03-26 16:49:36', '0000-00-00 00:00:00', '0000-00-00 00:00:00', '0000-00-00 00:00:00', 0),
(53, 2, 1, 1, 1, 0, 198, 35.84, 233.84, 0, '', '0000-00-00 00:00:00', '2020-03-26 16:49:41', '0000-00-00 00:00:00', '0000-00-00 00:00:00', '0000-00-00 00:00:00', 0);

-- --------------------------------------------------------

--
-- Estructura de tabla para la tabla `purchases_canceled_reasons`
--

CREATE TABLE `purchases_canceled_reasons` (
  `id` int(11) NOT NULL,
  `reason` varchar(100) NOT NULL
) ENGINE=InnoDB DEFAULT CHARSET=utf8;

-- --------------------------------------------------------

--
-- Estructura de tabla para la tabla `purchases_states`
--

CREATE TABLE `purchases_states` (
  `id` int(11) NOT NULL,
  `state` varchar(50) NOT NULL
) ENGINE=InnoDB DEFAULT CHARSET=utf8;

--
-- Volcado de datos para la tabla `purchases_states`
--

INSERT INTO `purchases_states` (`id`, `state`) VALUES
(0, 'Indefinido'),
(1, 'Encargada'),
(2, 'Recibida'),
(3, 'Cancelada'),
(4, 'Sin terminar');

-- --------------------------------------------------------

--
-- Estructura de tabla para la tabla `purchases_u_products`
--

CREATE TABLE `purchases_u_products` (
  `id` int(11) NOT NULL,
  `purchaseID` int(11) NOT NULL,
  `productID` int(11) NOT NULL,
  `amount` int(11) NOT NULL,
  `price` float NOT NULL,
  `isReceived` tinyint(4) NOT NULL,
  `notes` text NOT NULL,
  `error` int(11) NOT NULL,
  `isActive` tinyint(4) NOT NULL DEFAULT '1',
  `dateTime` timestamp NOT NULL DEFAULT CURRENT_TIMESTAMP
) ENGINE=InnoDB DEFAULT CHARSET=utf8;

--
-- Volcado de datos para la tabla `purchases_u_products`
--

INSERT INTO `purchases_u_products` (`id`, `purchaseID`, `productID`, `amount`, `price`, `isReceived`, `notes`, `error`, `isActive`, `dateTime`) VALUES
(1, 40, 21, 122, 37.54, 0, '', 0, 1, '2019-11-15 21:26:20'),
(2, 41, 21, 122, 37.54, 0, '', 0, 1, '2019-11-15 21:26:20'),
(3, 41, 21, 122, 37.54, 0, '', 0, 1, '2019-11-15 21:26:20'),
(4, 42, 21, 122, 37.54, 0, '', 0, 1, '2019-11-15 21:26:20'),
(5, 41, 21, 122, 37.54, 0, '', 0, 1, '2019-11-15 21:26:20'),
(6, 42, 21, 122, 37.54, 0, '', 0, 1, '2019-11-15 21:26:20'),
(7, 43, 21, 122, 37.54, 0, '', 0, 1, '2019-11-15 21:26:20'),
(8, 42, 21, 122, 37.54, 0, '', 0, 1, '2019-11-15 21:26:20'),
(9, 44, 21, 122, 37.54, 0, '', 0, 1, '2019-11-15 21:26:20'),
(10, 42, 21, 122, 37.54, 0, '', 0, 1, '2019-11-15 21:26:20'),
(11, 42, 21, 122, 37.54, 0, '', 0, 1, '2019-11-15 21:26:20'),
(12, 42, 21, 122, 37.54, 0, '', 0, 1, '2019-11-15 21:26:20'),
(13, 45, 21, 122, 37.54, 0, '', 0, 1, '2019-11-15 21:26:20'),
(14, 42, 21, 122, 37.54, 0, '', 0, 1, '2019-11-15 21:26:20'),
(15, 46, 21, 122, 37.54, 0, '', 0, 1, '2019-11-15 21:26:20'),
(16, 47, 21, 122, 37.54, 0, '', 0, 1, '2019-11-15 21:26:20'),
(17, 48, 21, 122, 18, 0, '', 0, 1, '2019-11-15 21:27:58'),
(18, 49, 21, 122, 37.54, 0, '', 0, 1, '2019-11-15 21:26:20'),
(19, 50, 21, 122, 44, 0, '', 0, 1, '2019-11-15 21:28:25'),
(20, 48, 2, 150, 28, 0, '', 0, 1, '2019-12-03 22:42:56'),
(21, 50, 2, 7, 33, 0, '', 0, 1, '2019-11-15 21:37:33'),
(22, 50, 1, 4, 4, 0, '', 0, 1, '2019-12-10 05:18:47'),
(23, 51, 1, 8, 15, 0, '', 0, 1, '2020-01-28 20:03:03'),
(24, 52, 1, 5, 0, 0, '', 0, 1, '2020-03-26 16:49:36'),
(25, 52, 3, 5, 11, 0, '', 0, 1, '2020-03-26 16:49:38'),
(26, 53, 2, 6, 33, 0, '', 0, 1, '2020-03-26 16:49:41');

-- --------------------------------------------------------

--
-- Estructura de tabla para la tabla `sales`
--

CREATE TABLE `sales` (
  `id` int(11) NOT NULL,
  `tempNum` int(11) NOT NULL,
  `stateID` int(11) NOT NULL,
  `buyerID` int(11) NOT NULL,
  `addressID` int(11) NOT NULL,
  `receiverID` int(11) NOT NULL,
  `saleTypeID` int(11) NOT NULL,
  `sellerID` int(11) NOT NULL,
  `date` timestamp NOT NULL DEFAULT CURRENT_TIMESTAMP,
  `shippingNeeded` tinyint(4) NOT NULL,
  `totalProducts` float NOT NULL,
  `totalShipping` float NOT NULL,
  `totalTotal` float NOT NULL,
  `productsAmount` int(11) NOT NULL,
  `receptionTime` int(11) DEFAULT NULL,
  `receptionDate` date NOT NULL,
  `receptionTimeRange` int(11) NOT NULL,
  `paymentPrediction` varchar(50) NOT NULL,
  `paymentStateID` int(11) NOT NULL,
  `paymentTypeID` int(11) NOT NULL,
  `paymentEmployeeID` int(11) NOT NULL,
  `discount` float NOT NULL,
  `discountID` int(11) NOT NULL,
  `notes` text NOT NULL,
  `temporalAccountID` int(11) NOT NULL,
  `buyerIP` varchar(100) NOT NULL,
  `bags` int(11) NOT NULL,
  `boxes` int(11) NOT NULL,
  `freezer` int(1) NOT NULL,
  `refrigerator` int(1) NOT NULL,
  `controlEmployeeID` int(11) NOT NULL,
  `makingEmployeeID` int(11) NOT NULL,
  `shippingEmployeeID` int(11) NOT NULL,
  `isPrinted` tinyint(1) NOT NULL,
  `isStockControled` tinyint(1) NOT NULL,
  `controlNotes` text NOT NULL,
  `eggs6` int(11) NOT NULL,
  `eggs30` int(11) NOT NULL,
  `coal3` int(11) NOT NULL,
  `coal5` int(11) NOT NULL,
  `buyerEmployeeID` int(11) NOT NULL,
  `paymentDatetime` timestamp NOT NULL DEFAULT '0000-00-00 00:00:00'
) ENGINE=InnoDB DEFAULT CHARSET=utf8;

--
-- Volcado de datos para la tabla `sales`
--

INSERT INTO `sales` (`id`, `tempNum`, `stateID`, `buyerID`, `addressID`, `receiverID`, `saleTypeID`, `sellerID`, `date`, `shippingNeeded`, `totalProducts`, `totalShipping`, `totalTotal`, `productsAmount`, `receptionTime`, `receptionDate`, `receptionTimeRange`, `paymentPrediction`, `paymentStateID`, `paymentTypeID`, `paymentEmployeeID`, `discount`, `discountID`, `notes`, `temporalAccountID`, `buyerIP`, `bags`, `boxes`, `freezer`, `refrigerator`, `controlEmployeeID`, `makingEmployeeID`, `shippingEmployeeID`, `isPrinted`, `isStockControled`, `controlNotes`, `eggs6`, `eggs30`, `coal3`, `coal5`, `buyerEmployeeID`, `paymentDatetime`) VALUES
(3, 2, 4, 2, 68, 0, 0, 0, '2019-08-11 18:41:22', 1, 99, 0, 99, 1, 0, '2019-08-16', 30, '', 1, 1, 0, 0, 0, 'notis', 0, '', 0, 0, 0, 0, 3, 7, 6, 0, 0, '', 0, 0, 0, 0, 0, '0000-00-00 00:00:00'),
(15, 0, 4, 28, 59, 0, 0, 0, '2019-12-10 09:53:21', 1, 556.4, 0, 556.4, 1, 0, '2019-12-10', 30, '', 1, 2, 0, 0, 0, '', 0, '', 0, 0, 0, 0, 3, 7, 6, 0, 0, '', 0, 0, 0, 0, 1, '0000-00-00 00:00:00'),
(22, 0, 4, 35, 66, 0, 0, 0, '2019-12-10 12:11:53', 0, 710, 0, 710, 1, 0, '2019-12-10', 0, '', 1, 2, 0, 0, 0, 'not', 0, '', 0, 0, 0, 0, 3, 7, 6, 0, 0, '', 0, 0, 0, 0, 3, '2020-04-14 23:17:49'),
(25, 0, 4, 37, 68, 1, 0, 0, '2019-12-10 12:14:26', 1, 700, 0, 700, 1, 0, '2019-12-10', 30, '', 1, 1, 0, 0, 0, '', 0, '', 0, 0, 0, 0, 3, 7, 6, 0, 0, '', 0, 0, 0, 0, 6, '2020-04-14 21:07:43'),
(26, 0, 4, 38, 69, 0, 0, 0, '2019-12-10 12:15:02', 0, 700, 0, 700, 1, 0, '2019-12-10', 0, '', 1, 1, 0, 0, 0, 'tazas', 0, '', 0, 0, 0, 0, 3, 7, 6, 0, 0, '', 0, 0, 0, 0, 0, '0000-00-00 00:00:00'),
(30, 0, 7, 42, 73, 0, 0, 0, '2020-12-03 03:00:00', 1, 705, 0, 705, 1, 0, '2020-12-03', 30, '', 1, 2, 0, 0, 0, '', 0, '', 0, 0, 0, 0, 3, 7, 4, 0, 0, '', 0, 0, 0, 0, 0, '0000-00-00 00:00:00'),
(34, 0, 4, 46, 77, 0, 0, 0, '2019-12-11 08:27:37', 1, 706, 0, 706, 1, 0, '2019-12-11', 30, '', 1, 2, 0, 0, 0, '', 0, '', 0, 0, 0, 0, 3, 7, 6, 0, 0, '', 0, 0, 0, 0, 0, '0000-00-00 00:00:00'),
(35, 0, 4, 47, 78, 0, 0, 0, '2019-12-11 08:28:39', 1, 706, 0, 706, 1, 0, '2019-12-11', 30, '', 1, 2, 0, 0, 0, '', 0, '', 0, 0, 0, 0, 3, 7, 6, 0, 0, '', 0, 0, 0, 0, 0, '0000-00-00 00:00:00'),
(36, 0, 4, 48, 79, 0, 0, 0, '2019-12-11 08:33:02', 1, 700, 0, 700, 1, 0, '2019-12-11', 30, '', 1, 2, 0, 0, 0, '', 0, '', 0, 0, 0, 0, 3, 7, 6, 0, 0, '', 0, 0, 0, 0, 0, '0000-00-00 00:00:00'),
(37, 0, 4, 49, 80, 0, 0, 0, '2019-12-11 08:34:28', 1, 700, 0, 700, 1, 0, '2019-12-11', 30, '', 1, 2, 0, 0, 0, '', 0, '', 0, 0, 0, 0, 3, 7, 6, 0, 0, '', 0, 0, 0, 0, 0, '0000-00-00 00:00:00'),
(38, 0, 4, 53, 84, 0, 0, 0, '2019-12-11 11:49:01', 1, 501, 0, 501, 1, 0, '2019-12-11', 30, '', 1, 2, 0, 0, 0, '', 0, '', 0, 0, 0, 0, 3, 7, 6, 0, 0, '', 0, 0, 0, 0, 0, '0000-00-00 00:00:00'),
(39, 0, 4, 54, 85, 0, 0, 0, '2019-12-11 11:52:50', 1, 900, 0, 900, 1, 0, '2019-12-11', 30, '', 1, 2, 0, 0, 0, '', 0, '', 0, 0, 0, 0, 3, 7, 6, 0, 0, '', 0, 0, 0, 0, 0, '0000-00-00 00:00:00'),
(40, 0, 4, 55, 86, 0, 0, 0, '2019-12-11 13:54:58', 1, 900, 0, 900, 1, 0, '2019-12-11', 30, '', 1, 2, 0, 0, 0, '', 0, '', 0, 0, 0, 0, 3, 7, 6, 0, 0, '', 0, 0, 0, 0, 0, '0000-00-00 00:00:00'),
(41, 0, 4, 56, 87, 1, 0, 0, '2019-12-12 16:21:46', 1, 706, 0, 706, 1, 0, '2019-12-12', 30, '', 1, 2, 0, 0, 0, '', 0, '', 0, 0, 0, 0, 3, 7, 6, 0, 0, '', 0, 0, 0, 0, 0, '0000-00-00 00:00:00'),
(42, 0, 4, 57, 88, 2, 0, 0, '2019-12-12 17:51:55', 1, 540, 0, 540, 1, 0, '2019-12-12', 30, '', 1, 2, 0, 0, 0, '', 0, '', 0, 0, 0, 0, 3, 7, 6, 0, 0, '', 0, 0, 0, 0, 0, '0000-00-00 00:00:00'),
(43, 0, 4, 62, 93, 3, 0, 0, '2019-12-13 00:12:35', 1, 900, 0, 900, 1, 0, '2019-12-12', 30, '', 1, 2, 0, 0, 0, '', 0, '', 0, 0, 0, 0, 3, 7, 6, 0, 0, '', 0, 0, 0, 0, 0, '0000-00-00 00:00:00'),
(44, 0, 4, 70, 101, 4, 0, 0, '2019-12-13 15:58:11', 1, 900, 0, 900, 1, 0, '2019-12-13', 30, '', 1, 2, 0, 0, 0, '', 0, '', 0, 0, 0, 0, 3, 7, 6, 0, 0, '', 0, 0, 0, 0, 0, '0000-00-00 00:00:00'),
(45, 0, 4, 79, 110, 5, 0, 0, '2019-12-13 16:18:48', 1, 900, 0, 900, 1, 0, '2019-12-13', 30, '', 1, 2, 0, 0, 0, '', 0, '', 0, 0, 0, 0, 3, 7, 6, 0, 0, '', 0, 0, 0, 0, 0, '0000-00-00 00:00:00'),
(46, 0, 4, 80, 111, 0, 0, 0, '2019-12-13 16:20:03', 1, 1692, 0, 1692, 1, 0, '2019-12-13', 30, '', 1, 2, 0, 0, 0, '', 0, '', 0, 0, 0, 0, 3, 7, 6, 0, 0, '', 0, 0, 0, 0, 0, '0000-00-00 00:00:00'),
(47, 0, 4, 81, 112, 22, 0, 0, '2019-12-13 16:22:25', 1, 900, 0, 900, 1, 0, '2019-12-13', 30, '', 1, 2, 0, 0, 0, '', 0, '', 0, 0, 0, 0, 3, 7, 6, 0, 0, '', 0, 0, 0, 0, 0, '0000-00-00 00:00:00'),
(48, 0, 4, 82, 113, 99, 0, 0, '2019-12-13 16:23:23', 1, 900, 0, 900, 1, 0, '2019-12-13', 30, '', 1, 2, 0, 0, 0, '', 0, '', 0, 0, 0, 0, 3, 7, 6, 0, 0, '', 0, 0, 0, 0, 0, '0000-00-00 00:00:00'),
(49, 0, 4, 88, 119, 105, 0, 0, '2019-12-13 16:37:51', 1, 900, 0, 900, 1, 0, '2019-12-13', 30, '', 1, 2, 0, 0, 0, '', 0, '', 0, 0, 0, 0, 3, 7, 6, 0, 0, '', 0, 0, 0, 0, 0, '0000-00-00 00:00:00'),
(50, 0, 4, 89, 120, 106, 0, 0, '2019-12-13 16:39:03', 1, 900, 0, 900, 1, 0, '2019-12-13', 30, '', 1, 2, 0, 0, 0, '', 0, '', 0, 0, 0, 0, 3, 7, 6, 0, 0, '', 0, 0, 0, 0, 0, '0000-00-00 00:00:00'),
(51, 0, 4, 127, 158, 144, 0, 0, '2019-12-13 19:37:44', 1, 900, 0, 900, 1, 0, '2019-12-13', 30, '', 1, 1, 0, 0, 0, '', 0, '', 0, 0, 0, 0, 3, 7, 6, 0, 0, '', 0, 0, 0, 0, 0, '0000-00-00 00:00:00'),
(52, 0, 7, 149, 180, 166, 0, 0, '2020-12-03 03:00:00', 1, 900, 0, 900, 1, 0, '2020-12-03', 30, '', 1, 1, 0, 0, 0, '', 0, '', 0, 0, 0, 0, 3, 7, 2, 0, 0, '', 0, 0, 0, 0, 0, '0000-00-00 00:00:00'),
(53, 0, 4, 151, 182, 168, 0, 0, '2019-12-13 23:39:44', 1, 7000, 0, 7000, 1, 0, '2019-12-13', 30, '', 1, 1, 0, 0, 0, '', 0, '', 0, 0, 0, 0, 3, 7, 6, 0, 0, '', 0, 0, 0, 0, 0, '0000-00-00 00:00:00'),
(54, 0, 4, 155, 186, 172, 0, 0, '2019-12-14 21:48:36', 1, 7073, 0, 7073, 1, 0, '2019-12-14', 30, '', 1, 1, 0, 0, 0, '', 0, '', 0, 0, 0, 0, 3, 7, 6, 0, 0, '', 0, 0, 0, 0, 0, '0000-00-00 00:00:00'),
(55, 0, 4, 156, 187, 173, 0, 0, '2020-12-24 03:00:00', 1, 2335, 0, 2335, 7, 0, '2020-12-24', 30, '', 1, 1, 0, 0, 0, '', 0, '', 0, 0, 0, 0, 3, 7, 6, 1, 0, '', 0, 0, 0, 0, 0, '0000-00-00 00:00:00'),
(56, 0, 4, 158, 189, 175, 0, 0, '2019-12-14 21:58:59', 1, 500, 0, 500, 1, 0, '2019-12-14', 30, '', 1, 1, 0, 0, 0, '', 0, '', 0, 0, 0, 0, 3, 7, 6, 0, 0, '', 0, 0, 0, 0, 0, '0000-00-00 00:00:00'),
(57, 0, 5, 159, 190, 176, 0, 0, '2019-12-14 22:00:37', 0, 7000, 0, 7000, 1, 0, '2019-12-14', 0, '', 1, 1, 0, 0, 0, '', 0, '', 0, 0, 0, 0, 3, 7, 6, 0, 0, '', 0, 0, 0, 0, 0, '0000-00-00 00:00:00'),
(58, 0, 4, 160, 191, 177, 0, 0, '2020-12-25 03:00:00', 1, 2613, 0, 1813, 1, 0, '2020-12-25', 30, '180', 1, 1, 0, 0, 0, '', 0, '', 0, 0, 0, 0, 8, 6, 6, 1, 0, '', 0, 0, 0, 0, 0, '0000-00-00 00:00:00'),
(59, 0, 4, 167, 198, 184, 0, 0, '0000-00-00 00:00:00', 1, 783, 0, 783, 1, 0, '0000-00-00', 30, '', 1, 1, 0, 0, 0, '', 0, '', 0, 0, 0, 0, 3, 7, 6, 0, 0, '', 0, 0, 0, 0, 0, '0000-00-00 00:00:00'),
(60, 0, 4, 168, 199, 185, 0, 0, '0000-00-00 00:00:00', 1, 1000, 0, 1000, 1, 0, '0000-00-00', 30, '1111', 1, 1, 0, 0, 0, '', 0, '', 0, 0, 0, 0, 3, 7, 6, 0, 0, '', 0, 0, 0, 0, 0, '0000-00-00 00:00:00'),
(61, 0, 4, 169, 200, 186, 0, 0, '0000-00-00 00:00:00', 1, 109, 0, 109, 1, 0, '0000-00-00', 30, '', 1, 1, 0, 0, 0, '', 0, '', 0, 0, 0, 0, 3, 7, 6, 0, 0, '', 0, 0, 0, 0, 0, '0000-00-00 00:00:00'),
(62, 0, 4, 170, 201, 187, 0, 0, '0000-00-00 00:00:00', 1, 900, 0, 900, 1, 0, '0000-00-00', 30, '', 1, 1, 0, 0, 0, '', 0, '', 0, 0, 0, 0, 3, 7, 6, 0, 0, '', 0, 0, 0, 0, 0, '0000-00-00 00:00:00'),
(63, 0, 4, 170, 201, 187, 0, 0, '0000-00-00 00:00:00', 1, 900, 0, 900, 1, 0, '0000-00-00', 30, '', 1, 1, 0, 0, 0, '', 0, '', 0, 0, 0, 0, 3, 7, 6, 0, 0, '', 0, 0, 0, 0, 0, '0000-00-00 00:00:00'),
(64, 0, 7, 172, 203, 189, 0, 0, '2019-12-23 22:59:46', 1, 900, 0, 900, 1, 0, '2019-12-23', 30, '', 1, 1, 0, 0, 0, '', 0, '', 0, 0, 0, 0, 3, 7, 6, 0, 0, '', 0, 0, 0, 0, 0, '0000-00-00 00:00:00'),
(66, 0, 4, 204, 235, 221, 0, 0, '2020-01-11 20:55:26', 1, 938, 0, 938, 1, 0, '2020-01-11', 30, '', 1, 1, 0, 0, 0, '', 0, '', 0, 0, 0, 0, 3, 7, 6, 0, 0, '', 0, 0, 0, 0, 0, '0000-00-00 00:00:00'),
(67, 0, 7, 205, 236, 222, 0, 0, '2020-01-11 23:36:26', 1, 1000, 0, 1000, 1, 0, '2020-01-11', 30, '', 1, 1, 0, 0, 0, '', 0, '', 0, 0, 0, 0, 3, 7, 3, 0, 0, '', 0, 0, 0, 0, 0, '0000-00-00 00:00:00'),
(68, 0, 4, 234, 265, 251, 0, 0, '2020-01-12 20:30:05', 1, 1000, 0, 1000, 1, 0, '2020-01-12', 30, '', 1, 1, 0, 0, 0, '', 0, '', 0, 0, 0, 0, 3, 7, 6, 0, 0, '', 0, 0, 0, 0, 0, '0000-00-00 00:00:00'),
(69, 0, 4, 235, 266, 252, 0, 0, '2020-01-12 20:33:37', 1, 900, 0, 900, 1, 0, '2020-01-12', 30, '', 1, 1, 0, 0, 0, '', 0, '', 0, 0, 0, 0, 3, 7, 6, 0, 0, '', 0, 0, 0, 0, 0, '0000-00-00 00:00:00'),
(70, 0, 7, 236, 267, 253, 0, 0, '2020-01-13 11:49:37', 1, 1420, 0, 1420, 1, 0, '2020-01-13', 30, '', 1, 1, 0, 0, 0, '', 0, '', 0, 0, 0, 0, 3, 7, 2, 0, 0, '', 0, 0, 0, 0, 0, '0000-00-00 00:00:00'),
(71, 0, 7, 237, 268, 254, 0, 0, '2020-01-13 11:51:18', 1, 1420, 0, 1420, 1, 0, '2020-01-13', 30, '', 1, 1, 0, 0, 0, '', 0, '', 0, 0, 0, 0, 3, 7, 5, 0, 0, '', 0, 0, 0, 0, 0, '0000-00-00 00:00:00'),
(72, 0, 7, 238, 269, 255, 0, 0, '2020-01-13 11:51:55', 1, 1420, 0, 1420, 1, 0, '2020-01-13', 30, '', 1, 1, 0, 0, 0, '', 0, '', 0, 0, 0, 0, 3, 7, 2, 0, 0, '', 0, 0, 0, 0, 0, '0000-00-00 00:00:00'),
(73, 0, 7, 239, 270, 256, 0, 0, '2020-01-13 12:11:43', 1, 1327, 0, 1327, 1, 0, '2020-01-13', 30, '', 1, 1, 0, 0, 0, '', 0, '', 0, 0, 0, 0, 3, 7, 5, 0, 0, '', 0, 0, 0, 0, 0, '0000-00-00 00:00:00'),
(74, 0, 4, 240, 271, 257, 0, 0, '2020-01-13 12:14:17', 1, 586, 0, 586, 1, 0, '2020-01-13', 30, '', 1, 1, 0, 0, 0, '', 0, '', 0, 0, 0, 0, 3, 7, 6, 0, 0, '', 0, 0, 0, 0, 0, '0000-00-00 00:00:00'),
(75, 0, 4, 241, 272, 258, 0, 0, '2019-12-04 03:00:00', 1, 495, 0, 495, 1, 0, '2019-12-04', 30, '', 1, 1, 0, 0, 0, '', 0, '', 0, 0, 0, 0, 3, 7, 6, 0, 0, '', 0, 0, 0, 0, 0, '0000-00-00 00:00:00'),
(76, 0, 4, 242, 273, 259, 0, 0, '2020-01-04 03:00:00', 1, 1016, 0, 1016, 1, 0, '2020-01-04', 30, '', 1, 1, 0, 0, 0, '', 0, '', 0, 0, 0, 0, 3, 7, 6, 0, 0, '', 0, 0, 0, 0, 0, '0000-00-00 00:00:00'),
(77, 0, 9, 243, 274, 260, 0, 0, '2020-01-17 12:21:57', 1, 3784, 0, 3784, 19, 0, '2020-01-17', 30, '', 1, 1, 0, 0, 0, '', 0, '', 0, 0, 0, 0, 3, 7, 6, 0, 0, '', 0, 0, 0, 0, 0, '0000-00-00 00:00:00'),
(78, 0, 7, 244, 275, 261, 0, 0, '2020-01-17 12:25:07', 1, 116, 0, 116, 1, 0, '2020-01-17', 30, '', 1, 1, 0, 0, 0, '', 0, '', 0, 0, 0, 0, 3, 7, 5, 0, 0, '', 0, 0, 0, 0, 0, '0000-00-00 00:00:00'),
(79, 0, 4, 245, 276, 262, 0, 0, '2020-01-07 12:29:29', 1, 2200, 0, 2213, 1, 0, '2020-01-07', 30, '', 1, 1, 0, 0, 0, '', 0, '', 0, 0, 0, 0, 3, 7, 6, 0, 0, '', 0, 0, 0, 0, 0, '0000-00-00 00:00:00'),
(80, 0, 5, 249, 280, 266, 0, 0, '2020-01-28 12:36:43', 1, 900, 0, 900, 1, 1140, '2020-02-08', 30, '', 1, 1, 0, 0, 0, '', 0, '', 0, 0, 0, 0, 4, 7, 6, 0, 0, '', 0, 0, 0, 0, 0, '0000-00-00 00:00:00'),
(81, 0, 4, 251, 282, 268, 0, 0, '2020-01-06 23:23:31', 0, 1900, 0, 987, 1, 1140, '2020-02-05', 0, '', 1, 2, 0, 0, 0, '', 0, '', 0, 0, 0, 0, 3, 7, 6, 0, 0, '', 0, 0, 0, 0, 0, '0000-00-00 00:00:00'),
(86, 0, 7, 252, 283, 269, 0, 0, '2020-02-11 18:59:56', 1, 900, 0, 937.41, 1, 1080, '2020-02-11', 30, '', 1, 1, 0, 0, 0, '', 0, '', 0, 0, 0, 0, 1, 7, 6, 0, 0, '', 0, 0, 0, 0, 0, '0000-00-00 00:00:00'),
(88, 0, 6, 267, 298, 284, 0, 0, '2020-01-20 20:29:41', 1, 557, 0, 557, 4, 1080, '2020-02-10', 30, '', 1, 2, 0, 0, 0, '', 0, '', 0, 0, 0, 0, 3, 7, 2, 0, 0, '', 0, 0, 0, 0, 0, '0000-00-00 00:00:00'),
(89, 0, 5, 269, 300, 286, 0, 0, '2020-01-20 20:40:53', 1, 900, 0, 937.41, 1, 1080, '2020-02-06', 30, '', 1, 1, 0, 0, 0, '', 0, '', 0, 0, 0, 0, 3, 7, 6, 0, 0, '', 0, 0, 0, 0, 0, '0000-00-00 00:00:00'),
(90, 0, 4, 273, 304, 290, 0, 0, '2020-01-20 20:48:00', 1, 1097, 0, 1097, -396, 720, '2020-02-06', 30, '', 1, 1, 0, 0, 0, '', 0, '', 0, 0, 0, 0, 3, 7, 6, 0, 0, '', 0, 0, 0, 0, 0, '0000-00-00 00:00:00'),
(92, 0, 6, 274, 305, 291, 0, 0, '2020-01-20 20:49:33', 1, 900, 0, 900, 1, 840, '2020-02-10', 30, '', 1, 3, 0, 0, 0, '', 0, '', 0, 0, 0, 0, 3, 5, 2, 0, 0, '', 0, 0, 0, 0, 0, '0000-00-00 00:00:00'),
(93, 0, 4, 279, 310, 296, 0, 0, '2020-01-20 20:56:45', 1, 1368, 0, 1368, -337, 840, '2020-04-06', 30, '', 1, 1, 0, 0, 0, '', 0, '', 0, 2, 4, 0, 3, 7, 6, 0, 0, '', 0, 0, 0, 0, 0, '0000-00-00 00:00:00'),
(95, 0, 9, 281, 312, 298, 0, 0, '2020-02-06 21:44:54', 1, 900, 0, 900, 1, 720, '2020-02-06', 30, '', 1, 1, 0, 0, 0, '', 0, '', 0, 0, 0, 0, 3, 7, 6, 0, 0, '', 0, 0, 0, 0, 0, '0000-00-00 00:00:00'),
(96, 0, 5, 290, 321, 307, 0, 0, '2020-02-08 13:25:15', 1, 900, 0, 900, 1, 600, '2020-02-08', 30, '', 1, 1, 0, 0, 0, '', 0, '', 0, 0, 0, 0, 3, 7, 6, 0, 0, '', 0, 0, 0, 0, 0, '0000-00-00 00:00:00'),
(97, 0, 9, 292, 323, 309, 0, 0, '2020-02-07 20:15:17', 1, 891, 0, 891, 1, 1110, '2020-02-07', 30, '', 1, 1, 0, 0, 0, '', 0, '', 0, 0, 0, 0, 3, 7, 6, 1, 0, '', 0, 0, 0, 0, 0, '0000-00-00 00:00:00'),
(98, 0, 9, 294, 325, 311, 0, 0, '2020-02-09 19:42:10', 1, 809, 0, 809, 1, 1110, '2020-02-09', 0, '', 1, 3, 0, 0, 0, '', 0, '', 0, 0, 0, 0, 3, 7, 6, 0, 0, '', 0, 0, 0, 0, 0, '0000-00-00 00:00:00'),
(99, 0, 7, 301, 332, 318, 1, 3, '2020-02-15 21:13:23', 1, 18, 0, 18, 1, 750, '2020-02-16', 30, '', 1, 1, 0, 0, 0, '', 0, '', 0, 0, 0, 0, 2, 7, 4, 0, 0, '', 0, 0, 0, 0, 0, '0000-00-00 00:00:00'),
(100, 0, 7, 302, 333, 319, 3, 6, '2020-02-15 21:17:43', 1, 4, 0, 4, 1, 660, '2020-03-31', 30, '', 1, 1, 0, 0, 0, '', 0, '', 0, 0, 0, 0, 3, 7, 7, 0, 0, '', 0, 0, 0, 0, 0, '0000-00-00 00:00:00'),
(101, 0, 7, 303, 334, 320, 1, 7, '2020-02-15 21:30:02', 1, 4, 0, 4, 1, 1140, '2020-02-26', 30, '', 1, 1, 0, 0, 0, '', 0, '', 0, 0, 0, 0, 3, 7, 3, 0, 0, '', 0, 0, 0, 0, 0, '0000-00-00 00:00:00'),
(102, 0, 4, 307, 338, 324, 4, 9, '2020-02-26 21:45:05', 1, 2741, 0, 2786.24, 56, 660, '2020-04-06', 30, '', 1, 2, 0, 0, 0, '', 0, '', 2, 1, 4, 3, 3, 7, 6, 0, 0, 'Lisandrito el más lindo siempre always', 5, 0, 0, 0, 0, '0000-00-00 00:00:00'),
(103, 0, 9, 308, 339, 325, 0, 0, '2020-02-26 21:47:10', 1, 600, 0, 924.75, 1, 720, '2020-02-26', 30, '', 1, 2, 0, 0, 0, '', 0, '', 0, 0, 0, 0, 3, 7, 6, 0, 0, '', 0, 0, 0, 0, 0, '0000-00-00 00:00:00'),
(104, 0, 7, 354, 385, 371, 0, 0, '2020-03-01 19:17:36', 1, 619, 0, 619, 1, 1170, '2020-03-01', 30, '', 1, 1, 0, 0, 0, '', 0, '', 0, 0, 0, 0, 3, 7, 6, 0, 0, '', 0, 0, 0, 0, 0, '0000-00-00 00:00:00'),
(105, 0, 7, 355, 386, 372, 0, 0, '2020-03-01 20:58:23', 1, 600, 0, 600, 1, 1200, '2020-03-01', 30, '', 1, 1, 0, 0, 0, '', 0, '', 0, 0, 0, 0, 3, 7, 6, 0, 0, '', 0, 0, 0, 0, 0, '0000-00-00 00:00:00'),
(106, 0, 7, 356, 387, 373, 0, 0, '2020-03-01 21:03:04', 1, 2850, 0, 2850, 1, 1170, '2020-03-01', 30, '', 1, 1, 0, 0, 0, '', 0, '', 0, 0, 0, 0, 3, 7, 3, 0, 0, '', 0, 0, 0, 0, 0, '0000-00-00 00:00:00'),
(107, 0, 5, 357, 388, 374, 0, 0, '2020-03-01 21:04:50', 1, 2850, 0, 2850, 1, 1170, '2020-03-01', 30, '', 1, 1, 0, 0, 0, '', 0, '', 0, 0, 0, 0, 2, 7, 6, 0, 0, '', 0, 0, 0, 0, 0, '0000-00-00 00:00:00'),
(108, 0, 7, 358, 389, 375, 0, 0, '2020-03-01 21:07:10', 1, 600, 0, 600, 1, 1170, '2020-03-16', 30, '', 1, 1, 0, 0, 0, '', 0, '', 0, 0, 0, 0, 1, 2, 1, 0, 0, '', 0, 0, 0, 0, 0, '0000-00-00 00:00:00'),
(109, 0, 9, 360, 391, 377, 0, 0, '2020-03-01 21:14:17', 1, 2850, 0, 2850, 1, 1170, '2020-03-16', 30, '', 1, 1, 0, 0, 0, '', 0, '', 0, 0, 0, 0, 3, 7, 6, 0, 0, '', 0, 0, 0, 0, 0, '0000-00-00 00:00:00'),
(110, 0, 9, 364, 395, 381, 0, 0, '2020-03-01 21:55:28', 1, 19000, 0, 19000, 1, 1170, '2020-03-16', 30, '', 1, 1, 0, 0, 0, '', 0, '', 0, 0, 0, 0, 9, 7, 6, 0, 0, '', 0, 0, 0, 0, 0, '0000-00-00 00:00:00'),
(111, 0, 7, 365, 396, 382, 0, 0, '2020-03-01 21:57:42', 1, 2850, 0, 2850, 1, 1170, '2020-03-16', 30, '', 1, 1, 0, 0, 0, '', 0, '', 0, 0, 0, 0, 3, 7, 6, 0, 0, '', 0, 0, 0, 0, 0, '0000-00-00 00:00:00'),
(112, 0, 7, 370, 401, 387, 1, 1, '2020-03-06 02:03:51', 1, 16, 0, 16, 1, 660, '2020-03-16', 30, '', 1, 1, 0, 0, 0, '', 0, '', 0, 0, 0, 0, 2, 7, 3, 0, 0, '', 0, 0, 0, 0, 0, '0000-00-00 00:00:00'),
(114, 0, 7, 371, 402, 388, 1, 1, '2020-03-07 14:58:12', 1, 2090, 0, 2090, -188, 720, '2020-03-16', 30, '', 1, 1, 0, 0, 0, '', 0, '', 0, 0, 0, 0, 9, 7, 3, 0, 0, '', 0, 0, 0, 0, 0, '0000-00-00 00:00:00'),
(115, 0, 7, 378, 409, 395, 0, 0, '2020-03-26 11:12:19', 1, 6354, 0, 6354, 22, 870, '2020-03-27', 120, '', 1, 1, 0, 0, 0, '', 0, '', 0, 0, 0, 0, 2, 9, 7, 0, 0, '', 0, 0, 0, 0, 0, '0000-00-00 00:00:00'),
(116, 0, 9, 379, 410, 396, 0, 0, '2020-03-26 11:36:07', 0, 5722, 0, 5722, 4, 0, '2020-03-26', 120, '', 1, 1, 0, 0, 0, '', 0, '', 0, 0, 0, 0, 0, 0, 0, 0, 0, '', 0, 0, 0, 0, 0, '0000-00-00 00:00:00'),
(117, 0, 9, 380, 411, 397, 0, 0, '2020-03-26 11:38:43', 0, 4000, 0, 4000, 0, 0, '2020-03-26', 120, '', 1, 1, 0, 0, 0, '', 0, '', 0, 0, 0, 0, 0, 0, 0, 0, 0, '', 0, 0, 0, 0, 0, '0000-00-00 00:00:00'),
(118, 0, 9, 381, 412, 398, 0, 0, '2020-03-26 11:39:22', 0, 4000, 0, 4000, 0, 0, '2020-03-26', 120, '', 1, 1, 0, 0, 0, '', 0, '', 0, 0, 0, 0, 0, 0, 0, 0, 0, '', 0, 0, 0, 0, 0, '0000-00-00 00:00:00'),
(119, 0, 9, 382, 413, 399, 0, 0, '2020-03-26 11:43:07', 0, 1219, 0, 1219, 0, 0, '2020-03-26', 120, '', 1, 1, 0, 0, 0, '', 0, '', 0, 0, 0, 0, 0, 0, 0, 0, 0, '', 0, 0, 0, 0, 0, '0000-00-00 00:00:00'),
(120, 0, 9, 383, 414, 400, 0, 0, '2020-03-26 11:47:49', 0, 8121, 0, 8121, 2, 0, '2020-03-26', 120, '', 1, 1, 0, 0, 0, '', 0, '', 0, 0, 0, 0, 0, 11, 0, 0, 0, '', 0, 0, 0, 0, 0, '0000-00-00 00:00:00'),
(121, 0, 9, 383, 414, 400, 0, 0, '2020-03-26 11:47:54', 0, 5500, 0, 5500, 33, 0, '2020-03-26', 120, '', 1, 1, 0, 0, 0, '', 0, '', 0, 0, 0, 0, 0, 0, 0, 0, 0, '', 0, 0, 0, 0, 0, '0000-00-00 00:00:00'),
(122, 0, 6, 384, 415, 401, 0, 0, '2020-03-29 18:56:00', 1, -14779, 0, -14779, -957, 540, '2020-03-31', 120, '', 1, 1, 0, 0, 0, '', 0, '', 0, 0, 0, 0, 4, 4, 7, 0, 0, '', 0, 0, 0, 0, 0, '0000-00-00 00:00:00'),
(123, 0, 7, 385, 416, 402, 0, 0, '2020-03-29 18:58:12', 1, 421000000, 0, 421000000, 998771, 540, '2020-03-31', 120, '', 1, 1, 0, 0, 0, '', 0, '', 0, 0, 0, 0, 4, 1, 6, 0, 0, '', 0, 0, 0, 0, 0, '0000-00-00 00:00:00'),
(124, 0, 7, 386, 417, 403, 0, 0, '2020-03-29 18:59:16', 1, 49603, 0, 49603, 0, 540, '2020-03-30', 120, '', 1, 1, 0, 0, 0, '', 0, '', 0, 0, 0, 0, 1, 2, 8, 0, 0, '', 0, 0, 0, 0, 0, '0000-00-00 00:00:00'),
(125, 0, 1, 392, 423, 409, 1, 8, '2020-04-04 17:33:29', 1, 1, 0, 19, 0, 660, '2020-04-06', 120, '', 1, 1, 0, 0, 0, '', 0, '', 0, 0, 0, 0, 0, 0, 0, 0, 0, '', 0, 0, 0, 0, 8, '0000-00-00 00:00:00'),
(126, 0, 1, 393, 424, 410, 0, 0, '2020-04-04 17:58:41', 0, 6978, 0, 10280, -2, 0, '2020-04-06', 120, '', 1, 1, 0, 0, 0, '', 0, '', 2, 1, 0, 0, 0, 0, 0, 0, 0, 'licha', 0, 0, 0, 0, 0, '0000-00-00 00:00:00'),
(127, 0, 1, 394, 425, 411, 1, 1, '2020-04-04 17:59:44', 1, 2, 0, 7188, 0, 540, '2020-04-06', 120, '', 1, 1, 0, 0, 0, '', 0, '', 0, 0, 0, 0, 0, 0, 0, 0, 0, '', 0, 0, 0, 0, 1, '0000-00-00 00:00:00'),
(128, 0, 2, 395, 426, 412, 1, 1, '2020-04-04 18:00:42', 1, 1, 0, 1900, 0, 540, '2020-04-07', 120, '', 1, 1, 0, 0, 0, '', 0, '', 0, 0, 0, 0, 0, 1, 0, 0, 0, '', 0, 0, 0, 0, 1, '0000-00-00 00:00:00'),
(129, 0, 7, 396, 427, 413, 1, 8, '2020-04-04 18:09:24', 1, 2, 0, 2550, 0, 660, '2020-04-07', 120, '', 1, 1, 0, 0, 0, '', 0, '', 0, 0, 0, 0, 1, 1, 5, 0, 0, '', 0, 0, 0, 0, 8, '0000-00-00 00:00:00'),
(130, 0, 9, 397, 428, 414, 1, 23, '2020-04-04 20:36:40', 1, -1, 0, 469, 4, 660, '2020-04-06', 120, '', 1, 1, 0, 0, 0, '', 0, '', 1, 0, 3, 1, 0, 0, 0, 0, 0, 'hola y chau - - -', 0, 0, 0, 0, 0, '0000-00-00 00:00:00'),
(131, 0, 1, 398, 429, 415, 0, 0, '2020-04-08 18:51:23', 1, 2, 0, 4465, 2, 660, '2020-04-10', 120, '', 1, 1, 0, 0, 0, '', 0, '', 0, 0, 0, 0, 0, 0, 0, 0, 0, '', 0, 0, 0, 0, 0, '0000-00-00 00:00:00'),
(132, 0, 1, 399, 430, 416, 0, 0, '2020-04-08 18:54:54', 1, 1, 0, 1400, 1, 660, '2020-04-10', 120, '', 1, 1, 0, 0, 0, '', 0, '', 0, 0, 0, 0, 0, 0, 0, 0, 0, '', 0, 0, 0, 0, 0, '0000-00-00 00:00:00'),
(133, 0, 1, 401, 432, 418, 0, 0, '2020-04-09 13:36:07', 1, 1, 0, 2090, 1, 780, '2020-04-09', 120, '', 1, 1, 0, 0, 0, '', 0, '', 0, 0, 0, 0, 0, 0, 0, 0, 0, '', 0, 0, 0, 0, 0, '0000-00-00 00:00:00'),
(134, 0, 1, 402, 433, 419, 0, 0, '2020-04-09 13:54:35', 1, 1, 0, 19900, 1, 540, '2020-04-10', 120, '', 1, 1, 0, 0, 0, '', 0, '', 0, 0, 0, 0, 0, 0, 0, 0, 0, '', 0, 0, 0, 0, 0, '0000-00-00 00:00:00'),
(135, 0, 1, 403, 434, 420, 0, 0, '2020-04-09 13:59:04', 1, 1, 0, 2100, 1, 540, '2020-04-10', 120, '', 1, 1, 0, 0, 0, '', 0, '', 0, 0, 0, 0, 0, 0, 0, 0, 0, '', 0, 0, 0, 0, 0, '0000-00-00 00:00:00'),
(136, 0, 1, 404, 435, 421, 0, 0, '2020-04-09 14:01:10', 1, 1, 0, 1194, 1, 780, '2020-04-09', 120, '', 1, 1, 0, 0, 0, '', 0, '', 0, 0, 0, 0, 0, 0, 0, 0, 0, '', 0, 0, 0, 0, 0, '0000-00-00 00:00:00'),
(137, 0, 1, 405, 436, 422, 0, 0, '2020-04-09 14:01:59', 1, 1, 0, 1050, 1, 780, '2020-04-09', 120, '', 1, 1, 0, 0, 0, '', 0, '', 0, 0, 0, 0, 0, 0, 0, 0, 0, '', 0, 0, 0, 0, 0, '0000-00-00 00:00:00'),
(138, 0, 1, 406, 437, 423, 0, 0, '2020-04-09 14:02:45', 1, 1, 0, 1254, 1, 780, '2020-04-09', 120, '', 1, 1, 0, 0, 0, '', 0, '', 0, 0, 0, 0, 0, 0, 0, 0, 0, '', 0, 0, 0, 0, 0, '0000-00-00 00:00:00'),
(139, 0, 1, 407, 438, 424, 0, 0, '2020-04-09 14:03:29', 1, 1, 0, 1554, 1, 780, '2020-04-09', 120, '', 1, 1, 0, 0, 0, '', 0, '', 0, 0, 0, 0, 0, 0, 0, 0, 0, '', 0, 0, 0, 0, 0, '0000-00-00 00:00:00'),
(140, 0, 1, 408, 439, 425, 0, 0, '2020-04-09 14:04:51', 1, 1, 0, 1791, 1, 780, '2020-04-09', 120, '', 1, 1, 0, 0, 0, '', 0, '', 0, 0, 0, 0, 0, 0, 0, 0, 0, '', 0, 0, 0, 0, 0, '0000-00-00 00:00:00'),
(141, 0, 1, 415, 446, 432, 0, 0, '2020-04-10 09:40:01', 1, 2, 0, 2223, 2, 540, '2020-04-11', 120, '', 1, 1, 0, 0, 0, '', 0, '', 0, 0, 0, 0, 0, 0, 0, 0, 0, '', 0, 0, 0, 0, 0, '0000-00-00 00:00:00'),
(142, 0, 1, 416, 447, 433, 0, 0, '2020-04-10 09:45:03', 1, 1, 0, 18696, 1, 540, '2020-04-11', 120, '', 1, 1, 0, 0, 0, '', 0, '', 0, 0, 0, 0, 0, 0, 0, 0, 0, '', 0, 0, 0, 0, 0, '0000-00-00 00:00:00'),
(143, 0, 9, 417, 448, 434, 0, 0, '2020-04-10 09:48:52', 1, 1, 0, 2109, 1, 660, '2020-04-11', 120, '', 1, 1, 0, 0, 0, '', 0, '', 0, 0, 0, 0, 0, 0, 0, 0, 0, '', 0, 0, 0, 0, 0, '0000-00-00 00:00:00'),
(144, 0, 1, 418, 449, 435, 0, 0, '2020-04-10 09:50:06', 1, 1, 0, 2109, 1, 540, '2020-04-11', 120, '', 1, 1, 0, 0, 0, '', 0, '', 0, 0, 0, 0, 0, 0, 0, 0, 0, '', 0, 0, 0, 0, 0, '0000-00-00 00:00:00'),
(145, 0, 9, 419, 450, 436, 0, 0, '2020-04-10 09:52:10', 1, 1, 0, 2109, 1, 660, '2020-04-11', 120, '', 1, 1, 0, 0, 0, '', 0, '', 0, 0, 0, 0, 0, 0, 0, 0, 0, '', 0, 0, 0, 0, 0, '0000-00-00 00:00:00'),
(146, 0, 1, 420, 451, 437, 0, 0, '2020-04-10 09:56:43', 1, 1, 0, 2109, 1, 660, '2020-04-11', 120, '', 1, 1, 0, 0, 0, '', 0, '', 0, 0, 0, 0, 0, 0, 0, 0, 1, '', 0, 0, 0, 0, 0, '0000-00-00 00:00:00'),
(147, 0, 1, 421, 452, 438, 0, 0, '2020-04-10 09:57:35', 1, 1, 0, 2109, 1, 540, '2020-04-11', 120, '', 1, 1, 0, 0, 0, '', 0, '', 0, 0, 0, 0, 0, 0, 0, 0, 0, '', 0, 0, 0, 0, 0, '0000-00-00 00:00:00'),
(148, 0, 1, 422, 453, 439, 0, 0, '2020-04-10 10:00:59', 1, 1, 0, 2109, 1, 660, '2020-04-11', 120, '', 1, 1, 0, 0, 0, '', 0, '', 0, 0, 0, 0, 0, 0, 0, 0, 1, '', 0, 0, 0, 0, 0, '0000-00-00 00:00:00'),
(149, 0, 9, 423, 454, 440, 0, 0, '2020-04-10 10:02:19', 1, 1, 0, 2109, 1, 780, '2020-04-11', 120, '', 1, 1, 0, 0, 0, '', 0, '', 0, 0, 0, 0, 0, 0, 0, 0, 1, '', 0, 0, 0, 0, 0, '0000-00-00 00:00:00'),
(150, 0, 1, 424, 455, 441, 0, 0, '2020-04-10 10:03:59', 1, 1, 0, 3002, 1, 540, '2020-04-11', 120, '', 1, 1, 0, 0, 0, '', 0, '', 0, 0, 0, 0, 0, 0, 0, 0, 0, '', 0, 0, 0, 0, 0, '0000-00-00 00:00:00'),
(151, 0, 1, 425, 456, 442, 0, 0, '2020-04-10 10:05:43', 1, 1, 0, 13756, 1, 660, '2020-04-11', 120, '', 1, 1, 0, 0, 0, '', 0, '', 0, 0, 0, 0, 0, 0, 0, 0, 0, '', 0, 0, 0, 0, 0, '0000-00-00 00:00:00'),
(152, 0, 1, 426, 457, 443, 0, 0, '2020-04-10 10:07:59', 1, 1, 0, 1900, 1, 540, '2020-04-11', 120, '', 1, 1, 0, 0, 0, '', 0, '', 0, 0, 0, 0, 0, 0, 0, 0, 0, '', 0, 0, 0, 0, 0, '0000-00-00 00:00:00'),
(153, 0, 1, 427, 458, 444, 0, 0, '2020-04-11 06:02:17', 1, 1, 0, 13946, 1, 660, '2020-04-13', 120, '', 1, 1, 0, 0, 0, '', 0, '', 0, 0, 0, 0, 0, 0, 0, 0, 0, '', 0, 0, 0, 0, 6, '0000-00-00 00:00:00'),
(154, 0, 1, 430, 461, 447, 0, 0, '2020-04-11 06:08:11', 1, 1, 0, 1000, 1, 780, '2020-04-13', 120, '', 1, 1, 0, 0, 0, '', 0, '', 0, 0, 0, 0, 0, 0, 0, 0, 1, '', 0, 0, 0, 0, 5, '0000-00-00 00:00:00'),
(155, 0, 1, 431, 462, 448, 0, 0, '2020-04-11 06:11:56', 1, 2, 0, 1052, 2, 660, '2020-04-13', 120, '', 1, 1, 0, 0, 0, '', 0, '', 0, 0, 0, 0, 0, 0, 0, 0, 0, '', 0, 0, 0, 0, 8, '0000-00-00 00:00:00'),
(156, 0, 1, 432, 463, 449, 0, 0, '2020-04-11 06:12:50', 1, 1, 0, 1007, 1, 540, '2020-04-13', 120, '', 1, 1, 0, 0, 0, '', 0, '', 0, 0, 0, 0, 0, 0, 0, 0, 1, '', 0, 0, 0, 0, 3, '0000-00-00 00:00:00'),
(157, 0, 1, 433, 464, 450, 1, 1, '2020-04-14 20:58:33', 1, 1, 0, 0, 1, 540, '2020-04-15', 120, '', 1, 1, 0, 0, 0, '', 0, '', 0, 0, 0, 0, 0, 0, 0, 0, 1, '', 0, 0, 0, 0, 14, '0000-00-00 00:00:00'),
(158, 0, 1, 434, 465, 451, 1, 1, '2020-04-14 21:00:34', 1, 3, 0, 17, 3, 780, '2020-04-15', 120, '', 1, 1, 0, 0, 0, '', 0, '', 0, 0, 0, 0, 0, 0, 0, 0, 1, '', 0, 0, 0, 0, 0, '0000-00-00 00:00:00'),
(159, 0, 1, 435, 466, 452, 1, 1, '2020-04-14 21:03:25', 0, 1, 0, 38, 1, 0, '2020-04-14', 120, '', 1, 1, 0, 0, 0, '', 0, '', 0, 0, 0, 0, 0, 0, 0, 0, 1, '', 0, 0, 0, 0, 15, '0000-00-00 00:00:00'),
(160, 0, 1, 436, 467, 453, 1, 1, '2020-04-14 21:05:23', 0, 1, 0, 0, 1, 0, '2020-04-14', 120, '', 1, 1, 0, 0, 0, '', 0, '', 0, 0, 0, 0, 0, 0, 0, 0, 1, '', 0, 0, 0, 0, 15, '0000-00-00 00:00:00'),
(161, 0, 1, 437, 468, 454, 1, 1, '2020-04-14 21:06:48', 0, 1, 0, 0, 1, 0, '2020-04-14', 120, '', 1, 1, 0, 0, 0, '', 0, '', 0, 0, 0, 0, 0, 0, 0, 0, 1, '', 0, 0, 0, 0, 15, '0000-00-00 00:00:00'),
(162, 0, 1, 438, 469, 455, 1, 1, '2020-04-14 23:17:23', 1, 1, 0, 1200, 1, 660, '2020-04-15', 120, '', 1, 1, 0, 0, 0, '', 0, '', 0, 0, 0, 0, 0, 0, 0, 0, 1, '', 0, 0, 0, 0, 0, '2020-04-14 23:18:01');

-- --------------------------------------------------------

--
-- Estructura de tabla para la tabla `sales_discounts`
--

CREATE TABLE `sales_discounts` (
  `id` int(11) NOT NULL,
  `discountOverID` int(11) NOT NULL,
  `discountName` varchar(50) NOT NULL,
  `discountAmount` float NOT NULL,
  `isActive` tinyint(4) NOT NULL DEFAULT '1',
  `dateCreated` timestamp NOT NULL DEFAULT CURRENT_TIMESTAMP
) ENGINE=InnoDB DEFAULT CHARSET=utf8;

--
-- Volcado de datos para la tabla `sales_discounts`
--

INSERT INTO `sales_discounts` (`id`, `discountOverID`, `discountName`, `discountAmount`, `isActive`, `dateCreated`) VALUES
(0, 0, 'nothing', 0, 0, '2019-08-11 17:16:29');

-- --------------------------------------------------------

--
-- Estructura de tabla para la tabla `sales_discounts_activity`
--

CREATE TABLE `sales_discounts_activity` (
  `id` int(11) NOT NULL,
  `discountID` int(11) NOT NULL,
  `date` timestamp NOT NULL DEFAULT CURRENT_TIMESTAMP,
  `isActive` tinyint(4) NOT NULL
) ENGINE=InnoDB DEFAULT CHARSET=utf8;

-- --------------------------------------------------------

--
-- Estructura de tabla para la tabla `sales_discounts_overs`
--

CREATE TABLE `sales_discounts_overs` (
  `id` int(11) NOT NULL,
  `over` varchar(50) NOT NULL
) ENGINE=InnoDB DEFAULT CHARSET=utf8;

--
-- Volcado de datos para la tabla `sales_discounts_overs`
--

INSERT INTO `sales_discounts_overs` (`id`, `over`) VALUES
(0, 'nothing'),
(1, 'totalProducts'),
(2, 'totalShipping'),
(3, 'totalTotal');

-- --------------------------------------------------------

--
-- Estructura de tabla para la tabla `sales_mistakes`
--

CREATE TABLE `sales_mistakes` (
  `id` int(11) NOT NULL,
  `dateTime` timestamp NOT NULL DEFAULT CURRENT_TIMESTAMP ON UPDATE CURRENT_TIMESTAMP,
  `typeID` int(11) NOT NULL,
  `stateID` int(11) NOT NULL,
  `saleID` int(11) NOT NULL,
  `responsibleEmployeeID` int(11) NOT NULL,
  `description` text NOT NULL,
  `isActive` tinyint(1) NOT NULL DEFAULT '1'
) ENGINE=InnoDB DEFAULT CHARSET=utf8;

--
-- Volcado de datos para la tabla `sales_mistakes`
--

INSERT INTO `sales_mistakes` (`id`, `dateTime`, `typeID`, `stateID`, `saleID`, `responsibleEmployeeID`, `description`, `isActive`) VALUES
(1, '2020-04-16 13:20:11', 2, 2, 105, 21, 'Lichaaaaazzzzz', 1),
(2, '2020-04-16 13:42:48', 30, 1, 105, 0, 'corr', 1),
(3, '2020-04-16 13:25:36', 30, 1, 1, 0, '11', 1),
(4, '2020-04-16 13:26:45', 129, 1, 1, 0, '22', 1),
(5, '2020-04-16 13:28:57', 30, 1, 1, 0, '3', 1),
(6, '2020-04-16 13:29:33', 30, 1, 1, 0, '4', 1),
(7, '2020-04-16 13:32:57', 30, 1, 1, 0, '5', 1),
(8, '2020-04-16 13:34:14', 100, 1, 1, 0, '6', 1),
(9, '2020-04-16 13:34:46', 108, 1, 1, 0, '8', 1),
(10, '2020-04-16 13:43:51', 2, 1, 30, 0, '111', 1),
(11, '2020-04-16 13:45:39', 2, 1, 30, 1, '222', 1);

-- --------------------------------------------------------

--
-- Estructura de tabla para la tabla `sales_mistakes_states`
--

CREATE TABLE `sales_mistakes_states` (
  `id` int(11) NOT NULL,
  `state` varchar(50) NOT NULL
) ENGINE=InnoDB DEFAULT CHARSET=utf8;

--
-- Volcado de datos para la tabla `sales_mistakes_states`
--

INSERT INTO `sales_mistakes_states` (`id`, `state`) VALUES
(0, 'Desconocido'),
(1, 'Sin resolver'),
(2, 'En proceso'),
(3, 'Resuelto');

-- --------------------------------------------------------

--
-- Estructura de tabla para la tabla `sales_mistakes_types`
--

CREATE TABLE `sales_mistakes_types` (
  `id` int(11) NOT NULL,
  `type` varchar(50) NOT NULL
) ENGINE=InnoDB DEFAULT CHARSET=utf8;

--
-- Volcado de datos para la tabla `sales_mistakes_types`
--

INSERT INTO `sales_mistakes_types` (`id`, `type`) VALUES
(1, 'Corregir'),
(2, 'Próximas ventas');

-- --------------------------------------------------------

--
-- Estructura de tabla para la tabla `sales_payment_states`
--

CREATE TABLE `sales_payment_states` (
  `id` int(11) NOT NULL,
  `paymentState` varchar(50) NOT NULL,
  `dateCreated` timestamp NOT NULL DEFAULT CURRENT_TIMESTAMP
) ENGINE=InnoDB DEFAULT CHARSET=utf8;

--
-- Volcado de datos para la tabla `sales_payment_states`
--

INSERT INTO `sales_payment_states` (`id`, `paymentState`, `dateCreated`) VALUES
(1, 'En espera', '2019-08-11 17:37:27'),
(2, 'Pagado', '2019-08-11 17:37:27'),
(3, 'Pago canceado', '2019-08-11 17:37:27');

-- --------------------------------------------------------

--
-- Estructura de tabla para la tabla `sales_payment_types`
--

CREATE TABLE `sales_payment_types` (
  `id` int(11) NOT NULL,
  `paymentType` varchar(50) NOT NULL,
  `dateCreated` timestamp NOT NULL DEFAULT CURRENT_TIMESTAMP
) ENGINE=InnoDB DEFAULT CHARSET=utf8;

--
-- Volcado de datos para la tabla `sales_payment_types`
--

INSERT INTO `sales_payment_types` (`id`, `paymentType`, `dateCreated`) VALUES
(0, 'Ninguno', '2020-03-08 22:01:12'),
(1, 'Efectivo', '2019-08-11 17:36:26'),
(2, 'Argentino / Central', '2019-08-11 17:36:26'),
(3, 'Otras tarjetas', '2020-03-25 13:21:49');

-- --------------------------------------------------------

--
-- Estructura de tabla para la tabla `sales_states`
--

CREATE TABLE `sales_states` (
  `id` int(11) NOT NULL,
  `state` varchar(50) NOT NULL,
  `dateCreated` timestamp NOT NULL DEFAULT CURRENT_TIMESTAMP
) ENGINE=InnoDB DEFAULT CHARSET=utf8;

--
-- Volcado de datos para la tabla `sales_states`
--

INSERT INTO `sales_states` (`id`, `state`, `dateCreated`) VALUES
(0, 'Desconocido', '2019-12-09 14:59:11'),
(1, 'Pedido', '2019-08-11 17:34:53'),
(2, 'En armado', '2019-10-07 17:40:48'),
(3, 'Armado', '2019-10-07 17:40:48'),
(4, 'En control', '2019-10-07 17:40:48'),
(5, 'Controlado', '2020-01-19 14:04:00'),
(6, 'En camino', '2020-03-23 10:55:32'),
(7, 'Entregado', '2020-03-23 10:55:32'),
(8, 'Con errores', '2020-03-23 10:55:32'),
(9, 'Cancelado', '2020-03-23 10:55:32');

-- --------------------------------------------------------

--
-- Estructura de tabla para la tabla `sales_u_products`
--

CREATE TABLE `sales_u_products` (
  `id` int(11) NOT NULL,
  `saleID` int(11) NOT NULL,
  `productID` int(11) NOT NULL,
  `price` float NOT NULL,
  `amount` int(11) NOT NULL,
  `amountOrdered` int(11) NOT NULL,
  `relevance` int(11) NOT NULL,
  `controlStateID` int(11) NOT NULL,
  `pickUpStateID` int(11) NOT NULL,
  `isAddedByProductID` int(11) NOT NULL,
  `isAdded` tinyint(1) NOT NULL,
  `noStock` tinyint(1) NOT NULL,
  `isActive` tinyint(4) NOT NULL DEFAULT '1'
) ENGINE=InnoDB DEFAULT CHARSET=utf8;

--
-- Volcado de datos para la tabla `sales_u_products`
--

INSERT INTO `sales_u_products` (`id`, `saleID`, `productID`, `price`, `amount`, `amountOrdered`, `relevance`, `controlStateID`, `pickUpStateID`, `isAddedByProductID`, `isAdded`, `noStock`, `isActive`) VALUES
(1, 1, 4, 95.2, 2, 0, 1, 0, 0, 0, 0, 0, 1),
(2, 1, 1, 46, 2, 0, 3, 0, 0, 0, 0, 0, 1),
(3, 1, 3, 33.3, 4, 0, 4, 0, 0, 0, 0, 0, 1),
(4, 1, 2, 44.4, 3, 0, 2, 0, 0, 0, 0, 0, 1),
(5, 2, 7, 158, 2, 0, 1, 0, 0, 0, 0, 0, 1),
(6, 20, 1, 5.2, 100, 0, 1, 0, 0, 0, 0, 0, 1),
(7, 20, 2, 36.4, 1, 0, 2, 0, 0, 0, 0, 0, 1),
(8, 21, 1, 5.2, 100, 0, 1, 0, 0, 0, 0, 0, 1),
(9, 21, 2, 36.4, 1, 0, 2, 0, 0, 0, 0, 0, 1),
(10, 22, 4, 1, 10, 0, 3, 0, 0, 0, 0, 0, 1),
(11, 22, 1, 1, 1, 0, 2, 0, 0, 0, 0, 0, 1),
(12, 22, 2, 1, 1, 0, 1, 0, 0, 0, 0, 0, 1),
(13, 23, 3, 1, 200, 0, 2, 0, 0, 0, 0, 0, 1),
(14, 23, 0, 1, 1, 0, 1, 0, 0, 0, 0, 0, 1),
(15, 3, 2, 15, 6, 0, 1, 0, 0, 0, 0, 0, 1),
(16, 3, 21, 23.6, 2, 0, 2, 0, 0, 0, 0, 0, 1),
(17, 35, 3, 1, 1, 0, 1, 0, 0, 0, 0, 0, 1),
(18, 35, 4, 1, 10, 0, 2, 0, 0, 0, 0, 0, 1),
(19, 35, 0, 1, 1, 0, 4, 0, 0, 0, 0, 0, 1),
(20, 35, 2, 1, 1, 0, 3, 0, 0, 0, 0, 0, 1),
(21, 36, 4, 1, 10, 0, 1, 0, 0, 0, 0, 0, 1),
(22, 37, 4, 1, 10, 0, 1, 0, 0, 0, 0, 0, 1),
(23, 38, 2, 1, 501, 0, 1, 0, 0, 0, 0, 0, 1),
(24, 39, 1, 1, 100, 0, 1, 0, 0, 0, 0, 0, 1),
(25, 40, 1, 1, 100, 0, 1, 0, 0, 0, 0, 0, 1),
(26, 41, 3, 1, 1, 0, 2, 0, 0, 0, 0, 0, 1),
(27, 41, 2, 1, 1, 0, 1, 0, 0, 0, 0, 0, 1),
(28, 41, 4, 1, 10, 0, 3, 0, 0, 0, 0, 0, 1),
(29, 41, 5, 1, 1, 0, 4, 0, 0, 0, 0, 0, 1),
(30, 42, 1, 1, 60, 0, 1, 0, 0, 0, 0, 0, 1),
(31, 43, 1, 1, 100, 0, 1, 0, 0, 0, 0, 0, 1),
(32, 44, 1, 1, 100, 0, 1, 0, 0, 0, 0, 0, 1),
(33, 45, 1, 1, 100, 0, 1, 0, 0, 0, 0, 0, 1),
(34, 46, 1, 1, 188, 0, 1, 0, 0, 0, 0, 0, 1),
(35, 47, 1, 1, 100, 0, 1, 0, 0, 0, 0, 0, 1),
(36, 48, 1, 1, 100, 0, 1, 0, 0, 0, 0, 0, 1),
(37, 49, 1, 1, 100, 0, 1, 0, 0, 0, 0, 0, 1),
(38, 50, 1, 1, 100, 0, 1, 0, 0, 0, 0, 0, 1),
(39, 51, 1, 1, 100, 0, 1, 0, 0, 0, 0, 0, 1),
(40, 52, 1, 1, 100, 0, 1, 0, 0, 0, 0, 0, 1),
(41, 53, 7, 1, 100, 0, 1, 0, 0, 0, 0, 0, 1),
(42, 54, 4, 1, 1, 0, 3, 0, 0, 0, 0, 0, 1),
(43, 54, 5, 1, 1, 0, 4, 0, 0, 0, 0, 0, 1),
(44, 54, 0, 1, 1, 0, 1, 0, 0, 0, 0, 0, 1),
(45, 54, 2, 1, 1, 0, 2, 0, 0, 0, 0, 0, 1),
(46, 54, 7, 1, 100, 0, 5, 0, 0, 0, 0, 0, 1),
(47, 55, 5, 1, 1000, 0, 1, 0, 0, 0, 0, 0, 1),
(48, 56, 5, 1, 500, 0, 1, 0, 0, 0, 0, 0, 1),
(49, 57, 7, 1, 100, 0, 1, 0, 0, 0, 0, 0, 1),
(50, 58, 5, 1, 1, 0, 5, 0, 0, 0, 0, 0, 1),
(51, 58, 4, 1, 1, 0, 4, 0, 0, 0, 0, 0, 1),
(52, 58, 0, 1, 1, 0, 1, 0, 0, 0, 0, 0, 1),
(53, 58, 1, 1, 100, 0, 2, 0, 0, 0, 0, 0, 1),
(54, 58, 7, 1, 1, 0, 6, 0, 0, 0, 0, 0, 1),
(55, 58, 2, 1, 1, 0, 3, 0, 0, 0, 0, 0, 1),
(56, 58, 7, 1, 1, 0, 7, 0, 0, 0, 0, 0, 1),
(57, 59, 7, 1, 10, 0, 4, 0, 0, 0, 0, 0, 1),
(58, 59, 5, 1, 2, 0, 3, 0, 0, 0, 0, 0, 1),
(59, 59, 8, 1, 1, 0, 5, 0, 0, 0, 0, 0, 1),
(60, 59, 1, 1, 1, 0, 1, 0, 0, 0, 0, 0, 1),
(61, 59, 4, 1, 1, 0, 2, 0, 0, 0, 0, 0, 1),
(62, 59, 23, 1, 1, 0, 6, 0, 0, 0, 0, 0, 1),
(63, 60, 0, 1, 1000, 0, 1, 0, 0, 0, 0, 0, 1),
(64, 61, 0, 1, 100, 0, 1, 0, 0, 0, 0, 0, 1),
(65, 61, 1, 1, 1, 0, 2, 0, 0, 0, 0, 0, 1),
(66, 64, 1, 1, 100, 0, 1, 0, 0, 0, 0, 0, 1),
(67, 66, 0, 1, 1, 0, 1, 0, 0, 0, 0, 0, 1),
(68, 66, 1, 1, 100, 0, 2, 0, 0, 0, 0, 0, 1),
(69, 66, 2, 1, 1, 0, 3, 0, 0, 0, 0, 0, 1),
(70, 66, 2, 1, 1, 0, 4, 0, 0, 0, 0, 0, 1),
(71, 66, 3, 1, 1, 0, 5, 0, 0, 0, 0, 0, 1),
(72, 66, 10, 1, 1, 0, 7, 0, 0, 0, 0, 0, 1),
(73, 66, 5, 1, 1, 0, 6, 0, 0, 0, 0, 0, 1),
(74, 67, 4, 1, 1000, 0, 1, 0, 0, 0, 0, 0, 1),
(75, 68, 4, 1, 1000, 0, 1, 0, 0, 0, 0, 0, 1),
(76, 69, 1, 1, 100, 0, 1, 0, 0, 0, 0, 0, 1),
(77, 71, 4, 1, 1, 0, 4, 0, 0, 0, 0, 0, 1),
(78, 71, 0, 1, 1, 0, 1, 0, 0, 0, 0, 0, 1),
(79, 71, 5, 1, 1, 0, 5, 0, 0, 0, 0, 0, 1),
(80, 71, 1, 1, 122, 0, 2, 0, 0, 0, 0, 0, 1),
(81, 71, 9, 1, 199, 0, 8, 0, 0, 0, 0, 0, 1),
(82, 71, 6, 1, 1, 0, 6, 0, 0, 0, 0, 0, 1),
(83, 71, 10, 1, 1, 0, 9, 0, 0, 0, 0, 0, 1),
(84, 71, 15, 1, 1, 0, 11, 0, 0, 0, 0, 0, 1),
(85, 71, 12, 1, 18, 0, 10, 0, 0, 0, 0, 0, 1),
(86, 71, 3, 1, 1, 0, 3, 0, 0, 0, 0, 0, 1),
(87, 71, 16, 1, 1, 0, 12, 0, 0, 0, 0, 0, 1),
(88, 71, 18, 1, 1, 0, 14, 0, 0, 0, 0, 0, 1),
(89, 71, 17, 1, 1, 0, 13, 0, 0, 0, 0, 0, 1),
(90, 71, 23, 1, 1, 0, 15, 0, 0, 0, 0, 0, 1),
(91, 71, 7, 1, 1, 0, 7, 0, 0, 0, 0, 0, 1),
(92, 72, 0, 1, 1, 0, 1, 0, 0, 0, 0, 0, 1),
(93, 72, 4, 1, 1, 0, 4, 0, 0, 0, 0, 0, 1),
(94, 72, 5, 1, 1, 0, 5, 0, 0, 0, 0, 0, 1),
(95, 72, 12, 1, 18, 0, 10, 0, 0, 0, 0, 0, 1),
(96, 72, 1, 1, 122, 0, 2, 0, 0, 0, 0, 0, 1),
(97, 72, 6, 1, 1, 0, 6, 0, 0, 0, 0, 0, 1),
(98, 72, 3, 1, 1, 0, 3, 0, 0, 0, 0, 0, 1),
(99, 72, 7, 1, 1, 0, 7, 0, 0, 0, 0, 0, 1),
(100, 72, 9, 1, 199, 0, 8, 0, 0, 0, 0, 0, 1),
(101, 72, 10, 1, 1, 0, 9, 0, 0, 0, 0, 0, 1),
(102, 72, 16, 1, 1, 0, 12, 0, 0, 0, 0, 0, 1),
(103, 72, 17, 1, 1, 0, 13, 0, 0, 0, 0, 0, 1),
(104, 72, 18, 1, 1, 0, 14, 0, 0, 0, 0, 0, 1),
(105, 72, 23, 1, 1, 0, 15, 0, 0, 0, 0, 0, 1),
(106, 72, 15, 1, 1, 0, 11, 0, 0, 0, 0, 0, 1),
(107, 73, 9, 1, 199, 0, 4, 0, 0, 0, 0, 0, 1),
(108, 73, 12, 1, 18, 0, 5, 0, 0, 0, 0, 0, 1),
(109, 73, 4, 1, 1, 0, 2, 0, 0, 0, 0, 0, 1),
(110, 73, 1, 1, 122, 0, 1, 0, 0, 0, 0, 0, 1),
(111, 73, 6, 1, 1, 0, 3, 0, 0, 0, 0, 0, 1),
(112, 73, 16, 1, 1, 0, 6, 0, 0, 0, 0, 0, 1),
(113, 73, 18, 1, 1, 0, 7, 0, 0, 0, 0, 0, 1),
(114, 74, 9, 1, 199, 0, 2, 0, 0, 0, 0, 0, 1),
(115, 74, 4, 1, 199, 0, 1, 0, 0, 0, 0, 0, 1),
(116, 74, 16, 1, 188, 0, 3, 0, 0, 0, 0, 0, 1),
(117, 75, 9, 1, 4995, 0, 1, 0, 0, 0, 0, 0, 1),
(118, 76, 1, 1, 100, 0, 1, 0, 0, 0, 0, 0, 1),
(119, 76, 3, 1, 1, 0, 4, 0, 0, 0, 0, 0, 1),
(120, 76, 5, 1, 1, 0, 3, 0, 0, 0, 0, 0, 1),
(121, 76, 2, 1, 1, 0, 5, 0, 0, 0, 0, 0, 1),
(122, 76, 4, 1, 1, 0, 2, 0, 0, 0, 0, 0, 1),
(123, 76, 0, 1, 1, 0, 7, 0, 0, 0, 0, 0, 1),
(124, 76, 6, 1, 1, 0, 6, 0, 0, 0, 0, 0, 1),
(125, 76, 10, 1, 1, 0, 8, 0, 0, 0, 0, 0, 1),
(126, 76, 17, 1, 1, 0, 9, 0, 0, 0, 0, 0, 1),
(127, 76, 20, 1, 1, 0, 10, 0, 0, 0, 0, 0, 1),
(128, 76, 16, 1, 1, 0, 13, 0, 0, 0, 0, 0, 1),
(129, 76, 14, 1, 1, 0, 11, 0, 0, 0, 0, 0, 1),
(130, 76, 18, 1, 1, 0, 14, 0, 0, 0, 0, 0, 1),
(131, 76, 15, 1, 1, 0, 12, 0, 0, 0, 0, 0, 1),
(132, 76, 7, 1, 1, 0, 15, 0, 0, 0, 0, 0, 1),
(133, 76, 8, 1, 1, 0, 16, 0, 0, 0, 0, 0, 1),
(134, 77, 1, 1, 1000, 0, 1, 0, 0, 0, 0, 0, 1),
(135, 77, 4, 1, 1, 0, 2, 0, 0, 0, 0, 1, 1),
(136, 77, 5, 1, 1, 0, 3, 0, 0, 0, 0, 1, 1),
(137, 77, 2, 1, 1, 0, 5, 0, 0, 0, 0, 0, 1),
(138, 77, 3, 1, 1, 0, 4, 0, 0, 0, 0, 0, 1),
(139, 77, 6, 1, 1, 0, 6, 0, 0, 0, 0, 0, 1),
(140, 77, 10, 1, 1, 0, 7, 0, 0, 0, 0, 0, 1),
(141, 77, 0, 1, 1, 0, 8, 0, 0, 0, 0, 0, 1),
(142, 77, 14, 1, 1, 0, 10, 0, 0, 0, 0, 0, 1),
(143, 77, 20, 1, 1, 0, 11, 0, 0, 0, 0, 0, 1),
(144, 77, 15, 1, 1, 0, 9, 0, 0, 0, 0, 0, 1),
(145, 77, 17, 1, 1, 0, 12, 0, 0, 0, 0, 0, 1),
(146, 77, 18, 1, 1, 0, 14, 0, 0, 0, 0, 0, 1),
(147, 77, 16, 1, 1, 0, 13, 0, 0, 0, 0, 0, 1),
(148, 77, 7, 1, 1, 0, 15, 0, 0, 0, 0, 0, 1),
(149, 77, 8, 1, 1, 0, 16, 0, 0, 0, 0, 0, 1),
(150, 78, 6, 1, 1, 0, 7, 0, 0, 0, 0, 0, 1),
(151, 78, 10, 1, 1, 0, 10, 0, 0, 0, 0, 0, 1),
(152, 78, 0, 1, 1, 0, 1, 0, 0, 0, 0, 0, 1),
(153, 78, 1, 1, 1000, 0, 2, 0, 0, 0, 0, 0, 1),
(154, 78, 2, 1, 1, 0, 3, 0, 0, 0, 0, 0, 1),
(155, 78, 14, 1, 1, 0, 11, 0, 0, 0, 0, 0, 1),
(156, 78, 15, 1, 1, 0, 12, 0, 0, 0, 0, 0, 1),
(157, 78, 20, 1, 1, 0, 16, 0, 0, 0, 0, 0, 1),
(158, 78, 4, 1, 1, 0, 5, 0, 0, 0, 0, 0, 1),
(159, 78, 17, 1, 1, 0, 14, 0, 0, 0, 0, 0, 1),
(160, 78, 5, 1, 1, 0, 6, 0, 0, 0, 0, 0, 1),
(161, 78, 3, 1, 1, 0, 4, 0, 0, 0, 0, 0, 1),
(162, 78, 7, 1, 1, 0, 8, 0, 0, 0, 0, 0, 1),
(163, 78, 18, 1, 1, 0, 15, 0, 0, 0, 0, 0, 1),
(164, 78, 16, 1, 1, 0, 13, 0, 0, 0, 0, 0, 1),
(165, 78, 8, 1, 1, 0, 9, 0, 0, 0, 0, 0, 1),
(166, 79, 1, 1, 100, 0, 1, 0, 0, 0, 0, 0, 1),
(167, 80, 1, 1, 100, 0, 1, 0, 0, 0, 0, 0, 1),
(168, 81, 1, 1, 100, 0, 1, 0, 0, 0, 0, 0, 1),
(169, 86, 3, 1, 100, 0, 1, 0, 0, 0, 0, 0, 1),
(170, 88, 4, 1, 500, 0, 1, 0, 0, 0, 0, 0, 1),
(171, 89, 1, 1, 100, 0, 1, 0, 0, 0, 0, 0, 1),
(172, 90, 1, 1, 100, 0, 1, 0, 0, 0, 0, 0, 1),
(173, 92, 1, 1, 100, 0, 1, 0, 0, 0, 0, 0, 1),
(174, 93, 1, 1, 100, 0, 1, 0, 0, 0, 0, 0, 1),
(175, 95, 1, 1, 100, 0, 1, 0, 0, 0, 0, 0, 1),
(176, 96, 1, 1, 100, 0, 1, 0, 0, 0, 0, 0, 1),
(177, 97, 1, 1, 99, 0, 1, 0, 0, 0, 0, 0, 1),
(178, 98, 5, 1, 100, 0, 2, 1, 0, 0, 0, 0, 1),
(179, 98, 6, 1, 1, 0, 3, 0, 0, 0, 0, 0, 1),
(180, 98, 4, 1, 100, 0, 1, 0, 0, 0, 0, 0, 1),
(181, 99, 10, 18, 1, 0, 1, 0, 0, 0, 0, 0, 1),
(182, 100, 4, 1, 1, 0, 1, 2, 0, 0, 0, 0, 1),
(183, 101, 5, 1, 1, 0, 1, 0, 0, 0, 0, 0, 1),
(184, 102, 5, 1, 5, 0, 1, 0, 0, 0, 0, 0, 1),
(185, 103, 4, 1, 150, 0, 1, 0, 0, 0, 0, 0, 1),
(186, 104, 1, 19, 1, 0, 1, 0, 0, 0, 0, 0, 1),
(187, 104, 5, 1, 150, 0, 2, 0, 0, 0, 0, 0, 0),
(188, 105, 5, 1, 150, 0, 1, 1, 0, 0, 0, 0, 1),
(189, 106, 2, 19, 150, 0, 1, 0, 0, 0, 0, 0, 1),
(190, 107, 2, 19, 150, 0, 1, 0, 0, 0, 0, 0, 1),
(191, 108, 5, 1, 150, 0, 1, 0, 0, 0, 0, 0, 1),
(192, 109, 2, 19, 150, 0, 1, 0, 0, 0, 0, 0, 1),
(193, 110, 2, 19, 1000, 0, 1, 2, 0, 0, 0, 0, 1),
(194, 111, 6, 19, 150, 0, 1, 0, 0, 0, 0, 0, 1),
(195, 112, 0, 1, 1, 0, 1, 0, 0, 0, 0, 0, 0),
(196, 112, 5, 1, 1, 0, 4, 0, 0, 0, 0, 0, 0),
(197, 112, 11, 1, 1, 0, 5, 0, 0, 0, 0, 0, 1),
(198, 112, 1, 0, 1, 0, 2, 0, 0, 0, 0, 0, 1),
(199, 112, 4, 1, 1, 0, 3, 0, 0, 0, 0, 0, 1),
(200, 112, 20, 1, 1, 0, 6, 0, 0, 0, 0, 0, 1),
(201, 112, 21, 1, 1, 0, 7, 0, 1, 0, 0, 0, 1),
(202, 112, 23, 1, 1, 0, 8, 0, 2, 0, 0, 0, 0),
(203, 114, 23, 1, 199, 0, 2, 0, 1, 0, 0, 0, 0),
(204, 114, 2, 19, 100, 0, 1, 0, 0, 0, 0, 0, 1),
(205, 108, 24, 0, 18, 0, 2, 0, 0, 0, 0, 0, 1),
(206, 108, 4, 1, 1, 0, 2, 0, 0, 0, 0, 0, 0),
(207, 108, 24, 0, 19, 0, 2, 0, 0, 0, 0, 0, 1),
(208, 108, 24, 0, 1, 0, 2, 0, 0, 0, 0, 0, 1),
(209, 108, 10, 19, 17, 0, 3, 0, 0, 0, 0, 0, 1),
(210, 108, 4, 1, 14, 0, 2, 0, 0, 0, 0, 0, 1),
(211, 108, 1, 19, 17, 0, 2, 0, 0, 0, 0, 0, 1),
(212, 108, 10, 19, 18, 0, 2, 0, 0, 0, 0, 0, 1),
(213, 109, 17, 1, 12, 0, 2, 0, 0, 0, 0, 0, 1),
(214, 111, 6, 19, 7, 0, 2, 0, 0, 0, 0, 0, 1),
(215, 97, 6, 19, 1, 0, 2, 0, 0, 0, 0, 0, 0),
(216, 97, 6, 19, 15, 0, 2, 0, 0, 0, 0, 0, 0),
(217, 97, 5, 1, 12, 0, 2, 0, 0, 0, 0, 0, 1),
(218, 97, 6, 19, 18, 0, 2, 0, 0, 0, 0, 0, 0),
(219, 97, 10, 19, 1, 0, 2, 0, 0, 0, 0, 0, 1),
(220, 97, 0, 0, 17, 0, 2, 0, 0, 0, 0, 0, 1),
(221, 97, 2, 19, 7, 0, 2, 0, 0, 0, 0, 0, 1),
(222, 97, 24, 0, 16, 0, 2, 0, 0, 0, 0, 0, 1),
(223, 97, 17, 1, 13, 0, 2, 0, 0, 0, 0, 0, 1),
(224, 97, 8, 1, 1, 0, 2, 0, 0, 0, 0, 0, 1),
(225, 97, 14, 1, 10, 0, 2, 0, 0, 0, 0, 0, 1),
(226, 97, 20, 1, 1, 0, 2, 0, 0, 0, 0, 0, 1),
(227, 95, 2, 19, 10, 0, 2, 0, 0, 0, 0, 0, 1),
(228, 95, 4, 1, 5, 0, 2, 0, 0, 0, 0, 0, 1),
(229, 95, 0, 0, 1, 0, 2, 0, 0, 0, 0, 0, 1),
(230, 95, 16, 1, 1, 0, 2, 0, 0, 0, 0, 0, 1),
(231, 95, 10, 19, 1, 0, 3, 0, 0, 0, 0, 0, 1),
(232, 95, 6, 19, 1, 0, 2, 0, 0, 0, 0, 0, 1),
(233, 55, 2, 19, 1, 0, 2, 0, 0, 0, 0, 0, 0),
(234, 55, 10, 19, 1, 0, 2, 0, 0, 0, 0, 0, 0),
(235, 55, 1, 19, 10, 0, 2, 0, 0, 0, 0, 0, 0),
(236, 55, 6, 19, 10, 0, 2, 0, 0, 0, 0, 0, 0),
(237, 55, 4, 421, 2, 0, 2, 0, 0, 0, 0, 0, 0),
(238, 55, 20, 421, 2, 0, 2, 0, 0, 0, 0, 0, 0),
(239, 55, 17, 421, 2, 0, 2, 0, 0, 0, 0, 0, 0),
(240, 55, 9, 24, 3, 0, 2, 0, 0, 0, 0, 0, 0),
(241, 88, 2, 19, 3, 0, 2, 0, 0, 0, 0, 0, 1),
(242, 55, 17, 421, 3, 0, 5, 0, 0, 0, 0, 0, 0),
(243, 114, 10, 19, 10, 0, -197, 0, 0, 0, 0, 0, 1),
(244, 115, 5, 1, 278, 0, 1, 0, 0, 0, 0, 0, 1),
(245, 116, 2, 19, 1, 0, 1, 0, 0, 0, 0, 0, 1),
(246, 116, 5, 421, 10, 0, 2, 0, 0, 0, 0, 0, 1),
(247, 116, 6, 19, 1, 0, 3, 0, 0, 0, 0, 0, 1),
(248, 117, 5, 421, 10, 0, 1, 0, 0, 0, 0, 0, 1),
(249, 118, 5, 421, 10, 0, 1, 0, 0, 0, 0, 0, 1),
(250, 119, 17, 421, 3, 0, 1, 0, 0, 0, 0, 0, 1),
(251, 119, 2, 19, 1, 0, 2, 0, 0, 0, 0, 0, 1),
(252, 120, 10, 19, 220, 0, 1, 0, 0, 0, 0, 0, 1),
(253, 120, 6, 19, 15, 0, 2, 0, 0, 0, 0, 0, 0),
(254, 121, 10, 19, 220, 0, 1, 0, 0, 0, 0, 0, 1),
(255, 121, 6, 19, 15, 0, 2, 0, 0, 0, 0, 0, 1),
(256, 115, 4, 421, 7, 0, 1, 0, 0, 0, 0, 0, 1),
(257, 120, 4, 421, 9, 0, 1, 0, 0, 0, 0, 0, 1),
(258, 115, 6, 19, 16, 0, 8, 0, 0, 0, 0, 0, 0),
(259, 115, 17, 421, 5, 0, 24, 0, 0, 0, 0, 0, 1),
(260, 115, 1, 19, 5, 0, 13, 0, 0, 0, 0, 0, 1),
(261, 115, 10, 19, 5, 0, 18, 0, 0, 0, 0, 0, 1),
(262, 116, 20, 421, 4, 0, 1, 0, 0, 0, 0, 0, 1),
(263, 116, 4, 421, 1, 0, 4, 0, 0, 0, 0, 0, 1),
(264, 121, 2, 19, 1, 0, 3, 0, 0, 0, 0, 0, 1),
(265, 121, 10, 19, 14, 0, 4, 0, 0, 0, 0, 0, 1),
(266, 121, 2, 19, 7, 0, 4, 0, 0, 0, 0, 0, 1),
(267, 121, 7, 155, 3, 0, 5, 0, 0, 0, 0, 0, 1),
(268, 120, 6, 19, 8, 0, 4, 0, 0, 0, 0, 0, 1),
(269, 121, 1, 19, 8, 0, 7, 0, 0, 0, 0, 0, 1),
(270, 122, 2, 19, 199, 0, 1, 2, 0, 0, 0, 1, 1),
(271, 122, 4, 1, 18, 0, 2, 1, 0, 0, 0, 1, 1),
(272, 123, 14, 1, 1234, 0, 1, 2, 0, 0, 0, 1, 1),
(273, 124, 16, 1, 3, 0, 1, 0, 0, 0, 0, 0, 1),
(274, 124, 4, 421, 124, 0, 2, 0, 0, 0, 0, 0, 1),
(275, 122, 29, 0, 1, 0, 3, 1, 0, 0, 0, 1, 1),
(276, 122, 24, 0, 17, 0, 4, 1, 1, 0, 1, 0, 1),
(277, 122, 18, 1, 7, 0, 5, 1, 0, 17, 1, 0, 1),
(278, 122, 1, 19, 14, 0, 6, 1, 0, 0, 1, 0, 1),
(279, 123, 6, 19, 6, 0, 2, 2, 0, 0, 1, 0, 1),
(280, 123, 4, 421, 999999, 0, 3, 2, 0, 0, 1, 0, 1),
(281, 77, 23, 199, 14, 0, 17, 0, 0, 0, 1, 0, 1),
(282, 77, 19, 14, 6, 0, 18, 0, 0, 0, 1, 0, 1),
(283, 102, 1, 19, 1, 0, 2, 0, 0, 0, 1, 0, 0),
(284, 102, 4, 421, 7, 0, 2, 0, 0, 0, 1, 0, 0),
(285, 102, 21, 199, 6, 0, 2, 0, 0, 0, 1, 0, 1),
(286, 102, 6, 19, 33, 0, 3, 0, 0, 0, 1, 0, 0),
(287, 102, 19, 14, 14, 0, 4, 0, 0, 0, 1, 0, 0),
(288, 102, 11, 199, 3, 0, 3, 0, 0, 0, 1, 0, 0),
(289, 93, 13, 14, 14, 0, 2, 0, 0, 0, 1, 0, 0),
(290, 93, 19, 14, 17, 0, 3, 0, 0, 0, 1, 0, 0),
(291, 90, 11, 199, 3, 0, 2, 0, 0, 0, 1, 0, 1),
(292, 93, 15, 1, 50, 0, 2, 0, 0, 0, 1, 0, 0),
(293, 125, 10, 19, 1, 0, 1, 0, 0, 0, 0, 0, 1),
(294, 126, 12, 14, 200, 0, 1, 0, 0, 0, 0, 0, 1),
(295, 126, 13, 14, 15, 0, 2, 0, 0, 0, 0, 1, 1),
(296, 127, 21, 199, 12, 0, 2, 0, 0, 0, 0, 0, 1),
(297, 127, 17, 421, 12, 0, 1, 0, 0, 0, 0, 0, 1),
(298, 128, 1, 19, 100, 0, 1, 2, 0, 0, 0, 0, 1),
(299, 129, 1, 19, 19, 0, 1, 2, 0, 0, 0, 0, 1),
(300, 129, 11, 199, 11, 0, 2, 2, 0, 0, 0, 0, 1),
(301, 130, 1, 19, 2, 0, 1, 0, 0, 0, 0, 1, 1),
(302, 130, 2, 19, 1, 0, 3, 0, 0, 0, 0, 0, 1),
(303, 130, 1, 19, 2, 0, 2, 0, 0, 0, 0, 0, 1),
(304, 130, 11, 199, 2, 0, 4, 0, 0, 0, 0, 0, 1),
(305, 130, 13, 14, 1, 0, 5, 0, 0, 0, 1, 0, 1),
(306, 126, 10, 19, 14, 0, 3, 0, 0, 0, 1, 0, 0),
(307, 126, 1, 19, 17, 0, 4, 0, 0, 0, 1, 0, 1),
(308, 126, 17, 421, 17, 0, 5, 0, 0, 0, 1, 0, 1),
(309, 102, 10, 19, 11, 0, 3, 0, 0, 0, 1, 0, 0),
(310, 102, 16, 1, 17, 0, 4, 0, 0, 0, 1, 0, 1),
(311, 131, 10, 19, 220, 0, 1, 0, 0, 0, 0, 0, 1),
(312, 131, 6, 19, 15, 0, 2, 0, 0, 0, 0, 0, 1),
(313, 132, 13, 14, 100, 0, 1, 0, 0, 0, 0, 0, 1),
(314, 133, 1, 19, 110, 0, 1, 0, 0, 0, 0, 0, 1),
(315, 134, 11, 199, 100, 0, 1, 0, 0, 0, 0, 0, 1),
(316, 135, 13, 14, 150, 0, 1, 0, 0, 0, 0, 0, 1),
(317, 136, 21, 199, 6, 0, 1, 0, 0, 0, 0, 0, 1),
(318, 137, 7, 155, 15, 0, 1, 0, 0, 0, 0, 0, 1),
(319, 138, 1, 19, 66, 0, 1, 0, 0, 0, 0, 0, 1),
(320, 139, 13, 14, 111, 0, 1, 0, 0, 0, 0, 0, 1),
(321, 140, 11, 199, 9, 0, 1, 0, 0, 0, 0, 0, 1),
(322, 141, 1, 19, 100, 0, 1, 0, 0, 0, 0, 0, 1),
(323, 141, 3, 19, 17, 0, 2, 0, 0, 0, 0, 0, 1),
(324, 142, 3, 19, 984, 0, 1, 0, 0, 0, 0, 0, 1),
(325, 143, 3, 19, 111, 0, 1, 0, 0, 0, 0, 0, 1),
(326, 144, 3, 19, 111, 0, 1, 0, 0, 0, 0, 0, 1),
(327, 145, 3, 19, 111, 0, 1, 0, 0, 0, 0, 0, 1),
(328, 146, 3, 19, 111, 0, 1, 0, 0, 0, 0, 0, 1),
(329, 147, 3, 19, 111, 0, 1, 0, 0, 0, 0, 0, 1),
(330, 148, 3, 19, 111, 0, 1, 0, 0, 0, 0, 0, 1),
(331, 149, 3, 19, 111, 0, 1, 0, 0, 0, 0, 0, 1),
(332, 150, 3, 19, 158, 0, 1, 0, 0, 0, 0, 0, 1),
(333, 151, 1, 19, 724, 0, 1, 0, 0, 0, 0, 0, 1),
(334, 152, 1, 19, 100, 0, 1, 0, 0, 0, 0, 0, 1),
(335, 153, 10, 19, 734, 0, 1, 0, 0, 0, 0, 0, 1),
(336, 154, 16, 1, 1000, 0, 1, 0, 0, 0, 0, 0, 1),
(337, 155, 23, 199, 5, 0, 1, 0, 0, 0, 0, 0, 1),
(338, 155, 6, 19, 3, 0, 2, 0, 0, 0, 0, 0, 1),
(339, 156, 2, 19, 53, 0, 1, 0, 0, 0, 0, 0, 1),
(340, 157, 60, 0, 1, 0, 1, 0, 0, 0, 0, 0, 1),
(341, 158, 26, 0, 1, 0, 2, 0, 0, 0, 0, 0, 1),
(342, 158, 30, 0, 1, 0, 3, 0, 0, 0, 0, 0, 1),
(343, 158, 16, 1, 17, 0, 1, 0, 0, 0, 0, 0, 1),
(344, 159, 1, 19, 2, 0, 1, 0, 0, 0, 0, 0, 1),
(345, 160, 63, 0, 17, 0, 1, 0, 0, 0, 0, 0, 1),
(346, 161, 63, 0, 11, 0, 1, 0, 0, 0, 0, 0, 1),
(347, 162, 5, 421, 3, 0, 1, 0, 0, 0, 0, 0, 1);

-- --------------------------------------------------------

--
-- Estructura de tabla para la tabla `sales_u_products_control_states`
--

CREATE TABLE `sales_u_products_control_states` (
  `id` int(11) NOT NULL,
  `controlState` varchar(50) NOT NULL
) ENGINE=InnoDB DEFAULT CHARSET=utf8;

--
-- Volcado de datos para la tabla `sales_u_products_control_states`
--

INSERT INTO `sales_u_products_control_states` (`id`, `controlState`) VALUES
(0, 'Nada'),
(1, 'Armado'),
(2, 'Controlado');

-- --------------------------------------------------------

--
-- Estructura de tabla para la tabla `sales_u_products_pick_up_states`
--

CREATE TABLE `sales_u_products_pick_up_states` (
  `id` int(11) NOT NULL,
  `state` varchar(50) NOT NULL,
  `dateCreated` timestamp NOT NULL DEFAULT CURRENT_TIMESTAMP
) ENGINE=InnoDB DEFAULT CHARSET=utf8;

--
-- Volcado de datos para la tabla `sales_u_products_pick_up_states`
--

INSERT INTO `sales_u_products_pick_up_states` (`id`, `state`, `dateCreated`) VALUES
(0, 'Sin acciones', '2020-03-06 13:06:39'),
(1, 'Pedido', '2020-03-06 13:06:39'),
(2, 'Recibido', '2020-03-06 13:06:39');

-- --------------------------------------------------------

--
-- Estructura de tabla para la tabla `sales_visits`
--

CREATE TABLE `sales_visits` (
  `id` int(11) NOT NULL,
  `saleID` int(11) NOT NULL,
  `date` timestamp NOT NULL DEFAULT CURRENT_TIMESTAMP,
  `isReceived` tinyint(4) NOT NULL,
  `notes` text NOT NULL,
  `driverID` int(11) NOT NULL
) ENGINE=InnoDB DEFAULT CHARSET=utf8;

-- --------------------------------------------------------

--
-- Estructura de tabla para la tabla `suppliers`
--

CREATE TABLE `suppliers` (
  `id` int(11) NOT NULL,
  `name` varchar(100) NOT NULL,
  `city` varchar(100) NOT NULL,
  `email` varchar(100) NOT NULL,
  `percentageCharge` float NOT NULL,
  `fixedCharge` float NOT NULL,
  `phone` varchar(50) NOT NULL,
  `address` varchar(200) NOT NULL,
  `extraInfo` text NOT NULL,
  `isActive` tinyint(4) NOT NULL DEFAULT '1'
) ENGINE=InnoDB DEFAULT CHARSET=utf8;

--
-- Volcado de datos para la tabla `suppliers`
--

INSERT INTO `suppliers` (`id`, `name`, `city`, `email`, `percentageCharge`, `fixedCharge`, `phone`, `address`, `extraInfo`, `isActive`) VALUES
(0, '', '', 'Licha', 0, 0, '+549 3404', 'Riva', 'Nada', 0),
(1, 'Maxiconsumo', 'Santa Fe', 'Licha 1', 5, 10, '+549 3404 1', 'Riva1', 'Nada1', 1),
(2, 'Rosental', 'Rosario', 'Licha 2', 8, 20, '+549 3404 2', 'Riva2', 'Nada2', 1),
(3, 'Yaguar', 'Santa Fe', 'Licha 3', 4, 500, '+549 3404 3', 'Riva3', 'Nada3', 1),
(4, 'Puma', 'Buenos Aires', 'Licha 4', 10, 1500, '+549 3404 4', 'Riva4', 'Nada 4', 1),
(5, '1', '', '2', 0, 0, '3', '4', '5', 0),
(6, '11', '', '22', 0, 0, '33', '44', '55', 0),
(7, '1', '', '3', 0, 0, '4', '5', '6', 0),
(8, 'aa', '', 'c', 0, 0, 'd', 'e', 'f', 0),
(9, '12', '13', '14', 18, 19, '15', '16', '17', 0),
(10, 'zxcz', '', '', 0, 0, '', '', '', 0),
(11, 'a', '', '', 0, 0, '', '', '', 0),
(12, 'Mistura', '', '', 0, 0, '', '', '', 1),
(13, 'test', '', '', 10, 0, '', '', '', 0),
(14, 'tes2', '', '', 0, 785, '', '', '', 0);

-- --------------------------------------------------------

--
-- Estructura de tabla para la tabla `suppliers_u_products`
--

CREATE TABLE `suppliers_u_products` (
  `id` int(11) NOT NULL,
  `supplierID` int(11) NOT NULL,
  `productID` int(11) NOT NULL,
  `price` float NOT NULL,
  `minAmount` int(11) NOT NULL,
  `priceMultiplier` float NOT NULL DEFAULT '1.3',
  `dateTime` timestamp NOT NULL DEFAULT CURRENT_TIMESTAMP,
  `isActive` tinyint(4) NOT NULL DEFAULT '1'
) ENGINE=InnoDB DEFAULT CHARSET=utf8;

--
-- Volcado de datos para la tabla `suppliers_u_products`
--

INSERT INTO `suppliers_u_products` (`id`, `supplierID`, `productID`, `price`, `minAmount`, `priceMultiplier`, `dateTime`, `isActive`) VALUES
(1, 1, 1, 20, 0, 1.3, '2019-10-30 17:22:11', 1),
(2, 2, 2, 33, 2, 1.3, '2019-11-15 21:37:33', 1),
(3, 2, 1, 1.2, 0, 1.3, '0000-00-00 00:00:00', 0),
(4, 1, 2, 2, 0, 1.3, '2019-10-16 09:24:36', 0),
(5, 0, 2, 0, 0, 1.3, '2019-10-22 15:00:16', 0),
(6, 0, 2, 0, 0, 1.3, '2019-10-22 15:00:19', 0),
(7, 0, 1, 0, 0, 1.3, '2019-10-22 16:53:15', 0),
(8, 0, 1, 0, 0, 1.3, '2019-10-22 16:53:46', 0),
(9, 0, 1, 0, 0, 1.3, '2019-10-22 17:02:13', 0),
(10, 0, 2, 0, 0, 1.3, '2019-10-22 17:02:28', 0),
(11, 0, 2, 0, 0, 1.3, '2019-10-22 17:03:44', 0),
(12, 0, 2, 0, 0, 1.3, '2019-10-22 17:08:01', 0),
(13, 0, 2, 0, 0, 1.3, '2019-10-22 17:09:15', 0),
(14, 0, 2, 0, 0, 1.3, '2019-10-22 17:09:59', 0),
(15, 0, 2, 0, 0, 1.3, '2019-10-22 17:10:25', 0),
(16, 0, 2, 0, 0, 1.3, '2019-10-22 17:10:43', 0),
(17, 0, 2, 0, 0, 1.3, '2019-10-22 17:12:02', 0),
(18, 0, 2, 0, 0, 1.3, '2019-10-22 17:12:36', 0),
(19, 0, 2, 0, 0, 1.3, '2019-10-22 17:13:27', 0),
(20, 0, 2, 0, 0, 1.3, '2019-10-22 17:14:29', 0),
(21, 0, 2, 0, 0, 1.3, '2019-10-22 17:15:34', 0),
(22, 0, 2, 0, 0, 1.3, '2019-10-22 17:16:08', 0),
(23, 0, 2, 0, 0, 1.3, '2019-10-22 17:16:44', 0),
(24, 0, 2, 0, 0, 1.3, '2019-10-22 17:17:21', 0),
(25, 0, 2, 0, 0, 1.3, '2019-10-22 17:17:36', 0),
(26, 0, 2, 0, 0, 1.3, '2019-10-22 17:17:45', 0),
(27, 2, 2, 15.5, 0, 1.3, '2019-10-22 17:30:57', 0),
(28, 3, 2, 35, 0, 1.3, '2019-10-23 04:33:57', 0),
(29, 3, 2, 0, 0, 1.3, '2019-10-23 04:34:53', 0),
(30, 3, 2, 315, 0, 1.3, '2019-10-23 04:35:52', 0),
(31, 2, 1, 0, 0, 1.3, '2019-10-23 12:04:08', 0),
(32, 2, 1, 0, 0, 1.3, '2019-10-23 12:27:51', 0),
(33, 1, 1, 0, 10, 1.3, '2019-10-23 13:44:19', 0),
(34, 4, 1, 0, 0, 1.3, '2019-10-23 15:08:50', 0),
(35, 3, 1, 0, 0, 1.3, '2019-10-23 15:09:03', 0),
(36, 4, 2, 0, 0, 1.3, '2019-10-23 15:21:54', 0),
(37, 4, 2, 0, 0, 1.3, '2019-10-23 15:26:01', 0),
(38, 1, 2, 0, 0, 1.3, '2019-10-23 15:39:22', 0),
(39, 4, 2, 0, 0, 1.3, '2019-10-23 15:39:48', 0),
(40, 3, 2, 0, 0, 1.3, '2019-10-23 15:39:53', 0),
(41, 1, 2, 1.21, 5, 1.3, '2019-10-30 22:19:27', 0),
(42, 3, 2, 20, 1, 1.3, '2019-10-30 21:59:20', 0),
(43, 4, 2, 35, 3, 1.3, '2019-10-30 21:59:31', 0),
(44, 3, 1, 15, 0, 1.3, '2019-10-30 15:11:20', 0),
(45, 2, 3, 10, 0, 1.3, '2019-10-30 15:10:56', 0),
(46, 2, 21, 18, 0, 1.3, '2019-10-30 22:43:11', 0),
(47, 3, 22, 0, 0, 1.3, '2019-10-30 22:29:22', 0),
(48, 4, 23, 0, 0, 1.3, '2019-10-30 22:31:08', 0),
(49, 1, 2, 18.25, 0, 1.3, '2019-11-15 21:16:10', 1),
(50, 4, 2, 28, 5, 1.3, '2019-12-03 22:42:56', 1),
(51, 3, 2, 0, 0, 1.3, '2019-10-31 13:52:49', 1),
(52, 2, 3, 0, 0, 1.3, '2019-10-31 17:17:05', 0),
(53, 2, 21, 0, 0, 1.3, '2019-10-31 17:17:07', 0),
(54, 4, 22, 0, 0, 1.3, '2019-10-31 17:33:04', 0),
(55, 4, 23, 0, 0, 1.3, '2019-10-31 17:33:18', 0),
(56, 4, 3, 11, 0, 1.3, '2019-11-01 20:51:57', 1),
(57, 4, 21, 18, 0, 1.3, '2019-11-01 20:52:03', 1),
(58, 2, 1, 4, 0, 1.3, '2019-11-02 00:39:04', 1),
(59, 3, 1, 15, 0, 1.3, '2019-11-02 00:16:36', 1),
(60, 2, 21, 44, 0, 1.3, '2019-11-15 21:28:25', 1),
(61, 4, 1, 0, 0, 1.3, '2019-11-02 00:24:31', 1),
(62, 2, 3, 13.3, 9, 1.3, '2019-11-02 00:32:24', 0),
(63, 2, 3, 10, 0, 1.3, '2019-11-02 00:43:40', 0),
(64, 2, 3, 15, 0, 1.3, '2019-11-02 01:04:33', 1);

-- --------------------------------------------------------

--
-- Estructura de tabla para la tabla `suppliers_u_products_history`
--

CREATE TABLE `suppliers_u_products_history` (
  `id` int(11) NOT NULL,
  `supplierID` int(11) NOT NULL,
  `productID` int(11) NOT NULL,
  `price` float NOT NULL,
  `minAmount` int(11) NOT NULL,
  `isActive` tinyint(4) NOT NULL DEFAULT '1',
  `date` timestamp NOT NULL DEFAULT CURRENT_TIMESTAMP
) ENGINE=InnoDB DEFAULT CHARSET=utf8;

--
-- Volcado de datos para la tabla `suppliers_u_products_history`
--

INSERT INTO `suppliers_u_products_history` (`id`, `supplierID`, `productID`, `price`, `minAmount`, `isActive`, `date`) VALUES
(1, 2, 1, 0, 0, 1, '2019-10-23 12:04:08'),
(2, 2, 1, 0, 0, 1, '2019-10-23 12:27:51'),
(3, 1, 1, 0, 0, 1, '2019-10-23 13:44:19'),
(4, 1, 1, 0, 10, 1, '2019-10-23 13:45:31'),
(5, 1, 1, 0, 10, 1, '2019-10-23 13:45:45'),
(6, 1, 1, 0, 10, 1, '2019-10-23 13:45:53'),
(7, 0, 2, 0, 0, 1, '2019-10-23 13:46:46'),
(8, 0, 2, 0, 0, 1, '2019-10-23 13:46:49'),
(9, 0, 2, 20, 0, 1, '2019-10-23 13:46:53'),
(10, 0, 2, 20, 0, 1, '2019-10-23 13:46:55'),
(11, 0, 2, 35, 0, 1, '2019-10-23 13:46:58'),
(12, 0, 2, 315, 0, 1, '2019-10-23 13:49:51'),
(13, 4, 1, 0, 0, 1, '2019-10-23 15:08:50'),
(14, 3, 1, 0, 0, 1, '2019-10-23 15:09:03'),
(15, 4, 2, 0, 0, 1, '2019-10-23 15:21:54'),
(16, 4, 2, 0, 0, 1, '2019-10-23 15:26:01'),
(17, 1, 2, 0, 0, 1, '2019-10-23 15:39:22'),
(18, 4, 2, 0, 0, 1, '2019-10-23 15:39:48'),
(19, 3, 2, 0, 0, 1, '2019-10-23 15:39:53'),
(20, 2, 2, 12, 0, 1, '2019-10-23 19:59:12'),
(21, 2, 2, 12, 0, 1, '2019-10-23 20:29:31'),
(22, 1, 2, 0, 0, 1, '2019-10-24 00:12:17'),
(23, 1, 2, 17, 0, 1, '2019-10-24 17:09:31'),
(24, 2, 2, 5, 0, 1, '2019-10-24 20:53:05'),
(25, 3, 2, 0, 0, 1, '2019-10-24 20:59:34'),
(26, 3, 2, 14, 0, 1, '2019-10-24 20:59:39'),
(27, 4, 2, 0, 0, 1, '2019-10-24 21:06:55'),
(28, 1, 2, 2, 0, 1, '2019-10-24 22:22:18'),
(29, 1, 2, 12, 0, 1, '2019-10-26 13:06:25'),
(30, 1, 1, 66, 0, 1, '2019-10-26 13:19:08'),
(31, 1, 1, 55, 0, 1, '2019-10-26 13:20:57'),
(32, 1, 1, 12, 0, 1, '2019-10-26 13:21:37'),
(33, 1, 1, 15, 0, 1, '2019-10-26 13:26:00'),
(34, 1, 1, 21, 0, 1, '2019-10-26 13:28:29'),
(35, 1, 1, 21, 0, 1, '2019-10-26 13:30:14'),
(36, 1, 1, 21, 5, 1, '2019-10-26 13:38:05'),
(37, 1, 1, 21, 7, 1, '2019-10-26 13:39:17'),
(38, 1, 1, 21, 5, 0, '2019-10-26 13:39:52'),
(39, 1, 1, 21, 7, 1, '2019-10-26 13:44:13'),
(40, 1, 1, 21, 6, 1, '2019-10-26 13:44:28'),
(41, 1, 1, 21, 8, 1, '2019-10-26 13:45:21'),
(42, 3, 2, 20, 0, 1, '2019-10-26 21:10:43'),
(43, 2, 2, 17, 0, 1, '2019-10-27 22:28:15'),
(44, 2, 2, 21, 0, 1, '2019-10-27 22:29:10'),
(45, 2, 2, 24, 0, 1, '2019-10-27 22:31:06'),
(46, 1, 1, 25, 8, 1, '2019-10-27 22:34:33'),
(47, 4, 2, 88, 0, 1, '2019-10-27 22:34:47'),
(48, 3, 1, 0, 0, 1, '2019-10-29 16:38:03'),
(49, 1, 1, 27, 8, 1, '2019-10-29 16:39:13'),
(50, 4, 2, 788, 0, 1, '2019-10-29 16:45:03'),
(51, 4, 2, 5, 0, 1, '2019-10-29 16:45:07'),
(52, 3, 2, 11, 0, 1, '2019-10-29 16:45:55'),
(53, 4, 2, 9, 0, 1, '2019-10-29 16:46:59'),
(54, 4, 2, 47, 0, 1, '2019-10-29 16:48:08'),
(55, 4, 2, 58, 0, 1, '2019-10-29 17:26:54'),
(56, 2, 2, 12, 0, 1, '2019-10-29 17:29:01'),
(57, 1, 1, 58, 8, 1, '2019-10-29 17:29:08'),
(58, 3, 2, 7, 0, 1, '2019-10-29 17:30:04'),
(59, 1, 2, 1, 0, 1, '2019-10-29 17:30:38'),
(60, 3, 2, 7, 1, 1, '2019-10-29 17:30:48'),
(61, 4, 2, 58, 0, 1, '2019-10-29 17:31:01'),
(62, 2, 3, 0, 0, 1, '2019-10-29 17:58:27'),
(63, 4, 2, 58, 0, 1, '2019-10-29 18:02:09'),
(64, 2, 3, 10, 0, 1, '2019-10-30 15:10:56'),
(65, 3, 1, 15, 0, 1, '2019-10-30 15:11:21'),
(66, 1, 1, 20, 8, 1, '2019-10-30 15:13:31'),
(67, 1, 1, 20, 0, 1, '2019-10-30 17:22:11'),
(68, 4, 2, 15, 0, 1, '2019-10-30 17:29:33'),
(69, 4, 2, 20, 0, 1, '2019-10-30 17:32:55'),
(70, 4, 2, 25, 0, 1, '2019-10-30 17:34:39'),
(71, 4, 2, 30, 0, 1, '2019-10-30 17:35:14'),
(72, 4, 2, 35, 0, 1, '2019-10-30 17:35:52'),
(73, 4, 2, 30, 0, 1, '2019-10-30 17:44:24'),
(74, 4, 2, 35, 0, 1, '2019-10-30 17:45:12'),
(75, 4, 2, 40, 0, 1, '2019-10-30 17:45:58'),
(76, 4, 2, 35, 0, 1, '2019-10-30 17:46:56'),
(77, 3, 2, 10, 1, 1, '2019-10-30 21:55:10'),
(78, 3, 2, 10, 1, 1, '2019-10-30 21:58:28'),
(79, 3, 2, 10, 1, 1, '2019-10-30 21:59:08'),
(80, 3, 2, 20, 1, 1, '2019-10-30 21:59:20'),
(81, 4, 2, 35, 3, 1, '2019-10-30 21:59:38'),
(82, 1, 2, 1, 5, 1, '2019-10-30 22:19:30'),
(83, 2, 21, 0, 0, 1, '2019-10-30 22:26:56'),
(84, 3, 22, 0, 0, 1, '2019-10-30 22:29:22'),
(85, 4, 23, 0, 0, 1, '2019-10-30 22:31:08'),
(86, 2, 21, 18, 0, 1, '2019-10-30 22:43:11'),
(87, 1, 2, 0, 0, 1, '2019-10-31 13:52:36'),
(88, 4, 2, 0, 0, 1, '2019-10-31 13:52:41'),
(89, 3, 2, 0, 0, 1, '2019-10-31 13:52:50'),
(90, 4, 2, 0, 5, 1, '2019-10-31 13:58:06'),
(91, 2, 3, 0, 0, 1, '2019-10-31 17:17:06'),
(92, 2, 21, 0, 0, 1, '2019-10-31 17:17:08'),
(93, 4, 22, 0, 0, 1, '2019-10-31 17:33:05'),
(94, 4, 23, 0, 0, 1, '2019-10-31 17:33:18'),
(95, 4, 3, 0, 0, 1, '2019-10-31 17:36:08'),
(96, 4, 21, 0, 0, 1, '2019-10-31 17:36:11'),
(97, 2, 2, 12, 2, 1, '2019-11-01 20:51:19'),
(98, 4, 2, 15, 5, 1, '2019-11-01 20:51:56'),
(99, 4, 3, 11, 0, 1, '2019-11-01 20:51:57'),
(100, 4, 21, 18, 0, 1, '2019-11-01 20:52:04'),
(101, 1, 2, 10, 0, 1, '2019-11-01 20:52:10'),
(102, 4, 2, 25, 5, 1, '2019-11-02 00:03:02'),
(103, 2, 1, 0, 0, 1, '2019-11-02 00:13:29'),
(104, 3, 1, 0, 0, 1, '2019-11-02 00:15:46'),
(105, 2, 21, 0, 0, 1, '2019-11-02 00:16:33'),
(106, 3, 1, 15, 0, 1, '2019-11-02 00:16:36'),
(107, 4, 1, 0, 0, 1, '2019-11-02 00:24:31'),
(108, 2, 3, 0, 0, 1, '2019-11-02 00:26:38'),
(109, 2, 3, 0, 9, 1, '2019-11-02 00:27:20'),
(110, 2, 3, 13, 9, 1, '2019-11-02 00:32:25'),
(111, 2, 1, 4, 0, 1, '2019-11-02 00:39:05'),
(112, 2, 3, 0, 0, 1, '2019-11-02 00:43:22'),
(113, 2, 3, 10, 0, 1, '2019-11-02 00:43:41'),
(114, 2, 3, 0, 0, 1, '2019-11-02 00:49:50'),
(115, 2, 2, 18, 2, 1, '2019-11-02 00:50:29'),
(116, 2, 3, 15, 0, 1, '2019-11-02 01:04:34'),
(117, 2, 2, 18, 2, 1, '2019-11-03 00:47:48'),
(118, 1, 2, 15, 0, 1, '2019-11-03 00:48:06'),
(119, 1, 2, 18, 0, 1, '2019-11-15 18:56:14'),
(120, 1, 2, 18, 0, 1, '2019-11-15 21:16:10'),
(121, 2, 21, 37, 0, 1, '2019-11-15 21:26:20'),
(122, 2, 21, 44, 0, 1, '2019-11-15 21:28:26'),
(123, 2, 2, 122, 2, 1, '2019-11-15 21:36:41'),
(124, 2, 2, 33, 2, 1, '2019-11-15 21:37:34'),
(125, 4, 2, 28, 5, 1, '2019-12-03 22:42:57');

-- --------------------------------------------------------

--
-- Estructura de tabla para la tabla `test`
--

CREATE TABLE `test` (
  `id` int(11) NOT NULL,
  `date` date NOT NULL,
  `time` time NOT NULL,
  `datetime` timestamp NOT NULL DEFAULT CURRENT_TIMESTAMP
) ENGINE=InnoDB DEFAULT CHARSET=utf8;

--
-- Volcado de datos para la tabla `test`
--

INSERT INTO `test` (`id`, `date`, `time`, `datetime`) VALUES
(3, '2020-01-07', '31:19:00', '2020-01-21 20:57:31'),
(4, '0000-00-00', '00:00:00', '2020-01-21 20:57:31'),
(5, '0000-00-00', '31:19:00', '2020-01-21 20:57:31'),
(6, '0000-00-00', '00:00:00', '2020-01-21 20:57:31'),
(7, '0000-00-00', '17:44:00', '2020-01-21 21:01:00');

-- --------------------------------------------------------

--
-- Estructura de tabla para la tabla `z_history_buyers_cart_products`
--

CREATE TABLE `z_history_buyers_cart_products` (
  `id` int(11) NOT NULL,
  `productID` int(11) NOT NULL,
  `price` float NOT NULL,
  `amount` int(11) NOT NULL,
  `isOffert` tinyint(4) NOT NULL,
  `buyerID` int(11) NOT NULL,
  `dateAdded` timestamp NOT NULL DEFAULT CURRENT_TIMESTAMP,
  `added` tinyint(4) NOT NULL COMMENT 'agregado 1 / eliminado 0'
) ENGINE=InnoDB DEFAULT CHARSET=utf8;

-- --------------------------------------------------------

--
-- Estructura de tabla para la tabla `z_history_products_activiy`
--

CREATE TABLE `z_history_products_activiy` (
  `id` int(11) NOT NULL,
  `productID` int(11) NOT NULL,
  `isActive` tinyint(4) NOT NULL,
  `date` timestamp NOT NULL DEFAULT CURRENT_TIMESTAMP
) ENGINE=InnoDB DEFAULT CHARSET=utf8;

--
-- Volcado de datos para la tabla `z_history_products_activiy`
--

INSERT INTO `z_history_products_activiy` (`id`, `productID`, `isActive`, `date`) VALUES
(3, 1, 1, '2019-09-17 23:33:37'),
(4, 2, 1, '2019-09-19 14:31:18'),
(5, 3, 1, '2019-09-19 21:49:31'),
(6, 10, 1, '2019-10-01 00:03:52'),
(7, 11, 1, '2019-10-01 11:05:15'),
(8, 12, 1, '2019-10-01 20:01:35'),
(10, 12, 1, '2019-10-07 23:56:20'),
(11, 14, 1, '2019-10-08 00:01:07'),
(12, 16, 1, '2019-10-08 00:03:06'),
(13, 17, 1, '2019-10-08 00:04:05'),
(14, 19, 1, '2019-10-08 00:09:22'),
(15, 20, 1, '2019-10-08 00:10:06'),
(16, 21, 1, '2019-10-08 00:11:45'),
(17, 22, 1, '2019-10-08 00:30:18'),
(18, 23, 1, '2019-10-08 15:39:29'),
(19, 26, 1, '2020-03-30 01:05:30'),
(20, 27, 1, '2020-03-30 01:05:33'),
(21, 28, 1, '2020-03-30 01:05:35'),
(22, 29, 1, '2020-03-30 01:05:38'),
(23, 30, 1, '2020-03-30 01:05:39'),
(24, 31, 1, '2020-03-30 01:05:41'),
(25, 32, 1, '2020-03-30 01:05:42'),
(26, 33, 1, '2020-03-30 01:05:46'),
(27, 34, 1, '2020-03-30 01:05:47'),
(28, 35, 1, '2020-03-30 01:05:49'),
(29, 36, 1, '2020-03-30 01:05:51'),
(30, 37, 1, '2020-03-30 01:05:54'),
(31, 38, 1, '2020-03-30 01:06:00'),
(32, 39, 1, '2020-03-30 01:06:02'),
(33, 40, 1, '2020-03-30 01:06:04'),
(34, 41, 1, '2020-03-30 01:06:08'),
(35, 42, 1, '2020-03-30 01:06:11'),
(36, 43, 1, '2020-03-30 01:06:13'),
(37, 44, 1, '2020-03-30 01:06:15'),
(38, 45, 1, '2020-03-30 01:06:18'),
(39, 46, 1, '2020-03-30 01:06:21'),
(40, 47, 1, '2020-03-30 01:06:23'),
(41, 48, 1, '2020-03-30 01:06:25'),
(42, 49, 1, '2020-03-30 01:06:27'),
(43, 50, 1, '2020-03-30 01:06:31'),
(44, 51, 1, '2020-03-30 01:06:32'),
(45, 52, 1, '2020-03-30 01:06:34'),
(46, 53, 1, '2020-03-30 01:06:36'),
(47, 54, 1, '2020-03-30 01:06:39'),
(48, 55, 1, '2020-03-30 01:06:42'),
(49, 56, 1, '2020-03-30 01:06:44'),
(50, 57, 1, '2020-03-30 01:06:47'),
(51, 58, 1, '2020-03-30 01:06:50'),
(52, 59, 1, '2020-04-09 14:10:38'),
(53, 60, 1, '2020-04-09 14:11:32'),
(54, 61, 1, '2020-04-09 14:17:23'),
(55, 62, 1, '2020-04-09 14:30:02'),
(56, 63, 1, '2020-04-09 15:18:41'),
(57, 61, 1, '2020-04-11 18:21:30'),
(58, 60, 1, '2020-04-11 18:23:18'),
(59, 60, 1, '2020-04-11 18:28:35'),
(60, 60, 1, '2020-04-11 18:32:49'),
(61, 0, 1, '2020-04-11 18:35:59'),
(62, 61, 1, '2020-04-11 18:43:07'),
(63, 61, 1, '2020-04-11 18:45:57'),
(64, 60, 1, '2020-04-11 18:51:56'),
(65, 60, 1, '2020-04-11 18:52:52'),
(66, 61, 1, '2020-04-11 18:55:40'),
(67, 64, 1, '2020-04-11 18:58:22');

-- --------------------------------------------------------

--
-- Estructura de tabla para la tabla `z_history_products_details_u_products_categories`
--

CREATE TABLE `z_history_products_details_u_products_categories` (
  `id` int(11) NOT NULL,
  `productDetailsID` int(11) NOT NULL,
  `categoryID` int(11) NOT NULL,
  `isActive` tinyint(4) NOT NULL DEFAULT '1',
  `dateCreated` timestamp NOT NULL DEFAULT CURRENT_TIMESTAMP
) ENGINE=InnoDB DEFAULT CHARSET=utf8;

--
-- Volcado de datos para la tabla `z_history_products_details_u_products_categories`
--

INSERT INTO `z_history_products_details_u_products_categories` (`id`, `productDetailsID`, `categoryID`, `isActive`, `dateCreated`) VALUES
(1, 6, 131, 1, '2019-12-18 14:45:59'),
(2, 7, 131, 1, '2019-12-18 14:47:31'),
(3, 7, 131, 1, '2019-12-18 14:47:46'),
(4, 7, 131, 0, '2019-12-18 14:53:21'),
(5, 3, 131, 1, '2019-12-18 14:53:39'),
(6, 9, 131, 1, '2019-12-18 14:53:39'),
(7, 9, 131, 0, '2019-12-18 14:58:10'),
(8, 9, 131, 1, '2019-12-18 15:03:51'),
(9, 3, 131, 0, '2019-12-18 15:04:07'),
(10, 1, 132, 1, '2019-12-19 03:42:57'),
(11, 1, 132, 0, '2019-12-19 04:06:29'),
(12, 4, 132, 1, '2019-12-19 04:10:15'),
(13, 4, 132, 1, '2019-12-19 04:10:24'),
(14, 8, 132, 1, '2019-12-19 04:10:25'),
(15, 22, 132, 1, '2019-12-19 04:10:25'),
(16, 13, 132, 1, '2019-12-19 04:11:58'),
(17, 4, 132, 0, '2019-12-19 04:11:58'),
(18, 4, 132, 0, '2019-12-19 04:11:58'),
(19, 14, 132, 1, '2019-12-19 04:12:10'),
(20, 13, 132, 1, '2019-12-19 04:12:10'),
(21, 26, 132, 1, '2019-12-19 04:12:10'),
(22, 4, 132, 0, '2019-12-19 04:12:10'),
(23, 4, 132, 0, '2019-12-19 04:12:10'),
(24, 13, 132, 1, '2019-12-19 04:12:18'),
(25, 4, 132, 0, '2019-12-19 04:12:18'),
(26, 14, 132, 1, '2019-12-19 04:12:18'),
(27, 26, 132, 1, '2019-12-19 04:12:18'),
(28, 4, 132, 0, '2019-12-19 04:12:18'),
(29, 13, 132, 0, '2019-12-19 04:14:20'),
(30, 14, 132, 0, '2019-12-19 04:14:20'),
(31, 26, 132, 0, '2019-12-19 04:14:20'),
(32, 26, 132, 0, '2019-12-19 04:14:20'),
(33, 13, 132, 0, '2019-12-19 04:14:20'),
(34, 14, 132, 0, '2019-12-19 04:14:20'),
(35, 3, 132, 1, '2019-12-19 04:14:20'),
(36, 13, 132, 0, '2019-12-19 04:14:20'),
(37, 13, 132, 0, '2019-12-19 04:14:34'),
(38, 14, 132, 0, '2019-12-19 04:14:34'),
(39, 26, 132, 0, '2019-12-19 04:14:34'),
(40, 3, 132, 1, '2019-12-19 04:14:34'),
(41, 14, 132, 0, '2019-12-19 04:14:34'),
(42, 26, 132, 0, '2019-12-19 04:14:34'),
(43, 13, 132, 0, '2019-12-19 04:14:34'),
(44, 13, 132, 0, '2019-12-19 04:14:34'),
(45, 8, 134, 1, '2019-12-19 04:36:36'),
(46, 8, 134, 1, '2019-12-19 04:36:44'),
(47, 6, 134, 1, '2019-12-19 04:36:44'),
(48, 8, 134, 0, '2019-12-19 04:37:22'),
(49, 8, 134, 0, '2019-12-19 04:37:22'),
(50, 5, 134, 1, '2019-12-19 04:37:39'),
(51, 8, 134, 1, '2019-12-19 04:38:00'),
(52, 8, 134, 0, '2019-12-19 04:39:23'),
(53, 8, 134, 1, '2019-12-19 04:40:48'),
(54, 9, 134, 1, '2019-12-19 04:45:55'),
(55, 5, 3, 1, '2019-12-19 22:18:23'),
(56, 8, 2, 1, '2019-12-19 22:18:30'),
(57, 17, 2, 1, '2019-12-19 22:18:30'),
(58, 27, 1, 1, '2019-12-19 22:18:40'),
(59, 26, 1, 1, '2019-12-19 22:18:40'),
(60, 4, 2, 1, '2019-12-20 21:05:01'),
(61, 4, 2, 1, '2019-12-20 21:05:01'),
(62, 6, 2, 1, '2019-12-20 21:58:46'),
(63, 1, 135, 1, '2019-12-24 00:22:25'),
(64, 1, 135, 0, '2019-12-24 00:22:27'),
(65, 1, 135, 1, '2019-12-24 00:22:30'),
(66, 7, 135, 1, '2019-12-24 00:22:34'),
(67, 1, 135, 0, '2019-12-24 00:23:31'),
(68, 1, 136, 1, '2020-01-28 20:08:34'),
(69, 4, 136, 1, '2020-01-28 20:08:35'),
(70, 7, 136, 1, '2020-01-28 20:08:36'),
(71, 1, 2, 1, '2020-04-02 15:11:43');

-- --------------------------------------------------------

--
-- Estructura de tabla para la tabla `z_history_products_prices`
--

CREATE TABLE `z_history_products_prices` (
  `id` int(11) NOT NULL,
  `detailsID` int(11) NOT NULL DEFAULT '0',
  `productID` int(11) NOT NULL DEFAULT '0',
  `price` float NOT NULL,
  `offert` float NOT NULL,
  `date` timestamp NOT NULL DEFAULT CURRENT_TIMESTAMP
) ENGINE=InnoDB DEFAULT CHARSET=utf8;

--
-- Volcado de datos para la tabla `z_history_products_prices`
--

INSERT INTO `z_history_products_prices` (`id`, `detailsID`, `productID`, `price`, `offert`, `date`) VALUES
(1, 4, 0, 83.38, 70, '2019-09-24 19:31:55'),
(2, 1, 0, 150, 0, '2019-10-29 16:27:06'),
(3, 1, 0, 120, 0, '2019-10-29 16:27:31'),
(4, 1, 0, 112, 0, '2019-10-29 16:27:53'),
(5, 1, 0, 35, 0, '2019-10-29 16:29:16'),
(6, 1, 0, 13, 0, '2019-10-29 16:30:14'),
(7, 2, 0, 18, 0, '2019-10-29 16:32:03'),
(8, 2, 0, 14, 0, '2019-10-29 16:35:42'),
(9, 2, 0, 16, 0, '2019-10-29 16:36:05'),
(10, 2, 0, 19, 0, '2019-10-29 16:36:59'),
(11, 2, 0, 12, 0, '2019-10-29 16:37:11'),
(12, 1, 0, 19, 0, '2019-10-29 16:38:08'),
(13, 2, 0, 47, 0, '2019-10-29 16:45:51'),
(14, 2, 0, 986, 0, '2019-10-29 17:31:01'),
(15, 2, 0, 100, 0, '2019-10-30 21:52:21'),
(16, 2, 0, 150, 0, '2019-10-30 21:53:42'),
(17, 2, 0, 150, 0, '2019-10-30 21:55:10'),
(18, 2, 0, 20, 0, '2019-10-30 21:58:28'),
(19, 2, 0, 15, 0, '2019-10-30 21:59:08'),
(20, 2, 0, 30, 0, '2019-10-30 21:59:20'),
(21, 27, 0, 25, 0, '2019-10-30 22:42:47'),
(22, 26, 0, 23.4, 0, '2019-10-30 22:43:11'),
(23, 28, 0, 30, 0, '2019-10-30 22:44:16'),
(24, 28, 0, 30, 0, '2019-10-30 22:44:16'),
(25, 2, 0, 150, 0, '2019-10-30 22:46:21'),
(26, 2, 0, 150, 0, '2019-10-30 22:46:21'),
(27, 2, 0, 220, 0, '2019-10-30 22:47:14'),
(28, 2, 0, 220, 0, '2019-10-30 22:47:15'),
(29, 2, 0, 333, 0, '2019-10-30 22:48:00'),
(30, 2, 0, 19.5, 0, '2019-11-01 20:51:56'),
(31, 16, 0, 14.3, 0, '2019-11-01 20:51:57'),
(32, 26, 0, 23.4, 0, '2019-11-01 20:52:03'),
(33, 2, 0, 13, 0, '2019-11-01 20:52:09'),
(34, 2, 0, 32.5, 0, '2019-11-02 00:03:02'),
(35, 1, 0, 19.5, 0, '2019-11-02 00:16:36'),
(36, 16, 0, 17.29, 0, '2019-11-02 00:32:25'),
(37, 1, 0, 5.2, 0, '2019-11-02 00:39:05'),
(38, 16, 0, 13, 0, '2019-11-02 00:43:41'),
(39, 2, 0, 23.4, 0, '2019-11-02 00:50:29'),
(40, 16, 0, 19.5, 0, '2019-11-02 01:04:34'),
(41, 2, 0, 23.59, 0, '2019-11-03 00:47:48'),
(42, 2, 0, 19.5, 0, '2019-11-03 00:48:06'),
(43, 2, 0, 23.73, 0, '2019-11-15 18:56:14'),
(44, 2, 0, 38, 0, '2019-11-15 21:16:02'),
(45, 2, 0, 91.25, 0, '2019-11-15 21:16:10'),
(46, 2, 0, 3, 0, '2019-11-15 21:16:11'),
(47, 26, 0, 48.8, 0, '2019-11-15 21:26:20'),
(48, 26, 0, 57.2, 0, '2019-11-15 21:28:25'),
(49, 2, 0, 158.6, 0, '2019-11-15 21:36:41'),
(50, 2, 0, 42.9, 0, '2019-11-15 21:37:33'),
(51, 2, 0, 36.4, 0, '2019-12-03 22:42:57');

-- --------------------------------------------------------

--
-- Estructura de tabla para la tabla `z_history_products_sales_u_products_control_states`
--

CREATE TABLE `z_history_products_sales_u_products_control_states` (
  `id` int(11) NOT NULL,
  `controlStateID` int(11) NOT NULL,
  `datetime` timestamp NOT NULL DEFAULT CURRENT_TIMESTAMP,
  `employeeID` int(11) NOT NULL,
  `saleProductID` int(11) NOT NULL
) ENGINE=InnoDB DEFAULT CHARSET=utf8;

--
-- Índices para tablas volcadas
--

--
-- Indices de la tabla `accounting_accounts`
--
ALTER TABLE `accounting_accounts`
  ADD PRIMARY KEY (`id`);

--
-- Indices de la tabla `accounting_accounts_types`
--
ALTER TABLE `accounting_accounts_types`
  ADD PRIMARY KEY (`id`);

--
-- Indices de la tabla `accounting_currencies`
--
ALTER TABLE `accounting_currencies`
  ADD PRIMARY KEY (`id`);

--
-- Indices de la tabla `accounting_movements`
--
ALTER TABLE `accounting_movements`
  ADD PRIMARY KEY (`id`);

--
-- Indices de la tabla `accounting_movements_categories`
--
ALTER TABLE `accounting_movements_categories`
  ADD PRIMARY KEY (`id`);

--
-- Indices de la tabla `branches`
--
ALTER TABLE `branches`
  ADD PRIMARY KEY (`id`),
  ADD KEY `managerID` (`managerID`),
  ADD KEY `cityID` (`cityID`),
  ADD KEY `branchType` (`branchType`);

--
-- Indices de la tabla `buyers`
--
ALTER TABLE `buyers`
  ADD PRIMARY KEY (`id`),
  ADD KEY `emailID` (`emailID`),
  ADD KEY `passwordID` (`passwordID`),
  ADD KEY `personalInfoID` (`personalInfoID`);

--
-- Indices de la tabla `buyers_addresses`
--
ALTER TABLE `buyers_addresses`
  ADD PRIMARY KEY (`id`),
  ADD KEY `cityID` (`cityID`),
  ADD KEY `buyerID` (`buyerID`);

--
-- Indices de la tabla `buyers_cart_products`
--
ALTER TABLE `buyers_cart_products`
  ADD PRIMARY KEY (`id`),
  ADD KEY `productID` (`productID`),
  ADD KEY `buyerID` (`buyerID`);

--
-- Indices de la tabla `buyers_emails`
--
ALTER TABLE `buyers_emails`
  ADD PRIMARY KEY (`id`),
  ADD KEY `createdReasonID` (`createdReasonID`);

--
-- Indices de la tabla `buyers_emails_creation_reasons`
--
ALTER TABLE `buyers_emails_creation_reasons`
  ADD PRIMARY KEY (`id`);

--
-- Indices de la tabla `buyers_messages`
--
ALTER TABLE `buyers_messages`
  ADD PRIMARY KEY (`id`),
  ADD KEY `buyerID` (`buyerID`);

--
-- Indices de la tabla `buyers_passwords`
--
ALTER TABLE `buyers_passwords`
  ADD PRIMARY KEY (`id`),
  ADD KEY `buyerID` (`buyerID`);

--
-- Indices de la tabla `buyers_personal_info`
--
ALTER TABLE `buyers_personal_info`
  ADD PRIMARY KEY (`id`),
  ADD KEY `buyerID` (`buyerID`);

--
-- Indices de la tabla `buyers_temporal`
--
ALTER TABLE `buyers_temporal`
  ADD PRIMARY KEY (`id`);

--
-- Indices de la tabla `cities`
--
ALTER TABLE `cities`
  ADD PRIMARY KEY (`id`);

--
-- Indices de la tabla `config`
--
ALTER TABLE `config`
  ADD PRIMARY KEY (`id`),
  ADD KEY `branchID` (`branchID`);

--
-- Indices de la tabla `employees`
--
ALTER TABLE `employees`
  ADD PRIMARY KEY (`id`),
  ADD KEY `roleID` (`roleID`);

--
-- Indices de la tabla `employees_roles`
--
ALTER TABLE `employees_roles`
  ADD PRIMARY KEY (`id`);

--
-- Indices de la tabla `expenses`
--
ALTER TABLE `expenses`
  ADD PRIMARY KEY (`id`),
  ADD KEY `typeID` (`typeID`);

--
-- Indices de la tabla `milestones`
--
ALTER TABLE `milestones`
  ADD PRIMARY KEY (`id`),
  ADD KEY `branchID` (`branchID`);

--
-- Indices de la tabla `payments_reasons`
--
ALTER TABLE `payments_reasons`
  ADD PRIMARY KEY (`id`);

--
-- Indices de la tabla `products`
--
ALTER TABLE `products`
  ADD PRIMARY KEY (`id`),
  ADD KEY `brandID` (`detailsID`),
  ADD KEY `productParentID` (`productParentID`),
  ADD KEY `bottleID` (`bottleID`),
  ADD KEY `pickUpPlaceID` (`pickUpPlaceID`);

--
-- Indices de la tabla `products_brands`
--
ALTER TABLE `products_brands`
  ADD PRIMARY KEY (`id`);

--
-- Indices de la tabla `products_categories`
--
ALTER TABLE `products_categories`
  ADD PRIMARY KEY (`id`),
  ADD KEY `parentID` (`parentID`);

--
-- Indices de la tabla `products_details`
--
ALTER TABLE `products_details`
  ADD PRIMARY KEY (`id`),
  ADD KEY `brandID` (`brandID`);

--
-- Indices de la tabla `products_details_u_products_categories`
--
ALTER TABLE `products_details_u_products_categories`
  ADD PRIMARY KEY (`id`),
  ADD KEY `productID` (`productDetailsID`),
  ADD KEY `categoryID` (`categoryID`);

--
-- Indices de la tabla `products_details_u_products_tags`
--
ALTER TABLE `products_details_u_products_tags`
  ADD PRIMARY KEY (`id`),
  ADD KEY `tagID` (`tagID`),
  ADD KEY `productDetailsID` (`productDetailsID`);

--
-- Indices de la tabla `products_expiration_date`
--
ALTER TABLE `products_expiration_date`
  ADD PRIMARY KEY (`id`),
  ADD KEY `productID` (`productID`);

--
-- Indices de la tabla `products_expiration_date_history`
--
ALTER TABLE `products_expiration_date_history`
  ADD PRIMARY KEY (`id`),
  ADD KEY `purchaseID` (`purchaseID`),
  ADD KEY `productID` (`productID`);

--
-- Indices de la tabla `products_expiration_date_history_changes`
--
ALTER TABLE `products_expiration_date_history_changes`
  ADD PRIMARY KEY (`id`),
  ADD KEY `wasteID` (`wasteID`),
  ADD KEY `saleID` (`saleID`),
  ADD KEY `productID` (`historyID`);

--
-- Indices de la tabla `products_pick_up_places`
--
ALTER TABLE `products_pick_up_places`
  ADD PRIMARY KEY (`id`),
  ADD KEY `cityID` (`cityID`);

--
-- Indices de la tabla `products_stock_changes`
--
ALTER TABLE `products_stock_changes`
  ADD PRIMARY KEY (`id`),
  ADD KEY `reasonID` (`reasonID`),
  ADD KEY `productID` (`productID`);

--
-- Indices de la tabla `products_stock_changes_reasons`
--
ALTER TABLE `products_stock_changes_reasons`
  ADD PRIMARY KEY (`id`);

--
-- Indices de la tabla `products_stock_changes_website_zones`
--
ALTER TABLE `products_stock_changes_website_zones`
  ADD PRIMARY KEY (`id`);

--
-- Indices de la tabla `products_tags`
--
ALTER TABLE `products_tags`
  ADD PRIMARY KEY (`id`);

--
-- Indices de la tabla `products_u_products_tags`
--
ALTER TABLE `products_u_products_tags`
  ADD PRIMARY KEY (`id`),
  ADD KEY `tagID` (`tagID`),
  ADD KEY `productID` (`productID`);

--
-- Indices de la tabla `purchases`
--
ALTER TABLE `purchases`
  ADD PRIMARY KEY (`id`),
  ADD KEY `paymentMethodID` (`paymentMethodID`),
  ADD KEY `supplierID` (`supplierID`),
  ADD KEY `stateID` (`stateID`),
  ADD KEY `cancelationReasonID` (`cancelationReasonID`);

--
-- Indices de la tabla `purchases_canceled_reasons`
--
ALTER TABLE `purchases_canceled_reasons`
  ADD PRIMARY KEY (`id`);

--
-- Indices de la tabla `purchases_states`
--
ALTER TABLE `purchases_states`
  ADD PRIMARY KEY (`id`);

--
-- Indices de la tabla `purchases_u_products`
--
ALTER TABLE `purchases_u_products`
  ADD PRIMARY KEY (`id`),
  ADD KEY `purchaseID` (`purchaseID`),
  ADD KEY `productID` (`productID`);

--
-- Indices de la tabla `sales`
--
ALTER TABLE `sales`
  ADD PRIMARY KEY (`id`),
  ADD KEY `buyerID` (`buyerID`),
  ADD KEY `discountID` (`discountID`),
  ADD KEY `stateID` (`stateID`),
  ADD KEY `paymentTypeID` (`paymentTypeID`),
  ADD KEY `addressID` (`addressID`),
  ADD KEY `paymentStateID` (`paymentStateID`),
  ADD KEY `receiverID` (`receiverID`);

--
-- Indices de la tabla `sales_discounts`
--
ALTER TABLE `sales_discounts`
  ADD PRIMARY KEY (`id`),
  ADD KEY `discountOverID` (`discountOverID`);

--
-- Indices de la tabla `sales_discounts_activity`
--
ALTER TABLE `sales_discounts_activity`
  ADD PRIMARY KEY (`id`),
  ADD KEY `discountID` (`discountID`);

--
-- Indices de la tabla `sales_discounts_overs`
--
ALTER TABLE `sales_discounts_overs`
  ADD PRIMARY KEY (`id`);

--
-- Indices de la tabla `sales_mistakes`
--
ALTER TABLE `sales_mistakes`
  ADD PRIMARY KEY (`id`);

--
-- Indices de la tabla `sales_mistakes_states`
--
ALTER TABLE `sales_mistakes_states`
  ADD PRIMARY KEY (`id`);

--
-- Indices de la tabla `sales_mistakes_types`
--
ALTER TABLE `sales_mistakes_types`
  ADD PRIMARY KEY (`id`);

--
-- Indices de la tabla `sales_payment_states`
--
ALTER TABLE `sales_payment_states`
  ADD PRIMARY KEY (`id`);

--
-- Indices de la tabla `sales_payment_types`
--
ALTER TABLE `sales_payment_types`
  ADD PRIMARY KEY (`id`);

--
-- Indices de la tabla `sales_states`
--
ALTER TABLE `sales_states`
  ADD PRIMARY KEY (`id`);

--
-- Indices de la tabla `sales_u_products`
--
ALTER TABLE `sales_u_products`
  ADD PRIMARY KEY (`id`),
  ADD KEY `saleID` (`saleID`),
  ADD KEY `productID` (`productID`),
  ADD KEY `controlStateID` (`controlStateID`);

--
-- Indices de la tabla `sales_u_products_control_states`
--
ALTER TABLE `sales_u_products_control_states`
  ADD PRIMARY KEY (`id`);

--
-- Indices de la tabla `sales_u_products_pick_up_states`
--
ALTER TABLE `sales_u_products_pick_up_states`
  ADD PRIMARY KEY (`id`);

--
-- Indices de la tabla `sales_visits`
--
ALTER TABLE `sales_visits`
  ADD PRIMARY KEY (`id`),
  ADD KEY `driverID` (`driverID`),
  ADD KEY `saleID` (`saleID`);

--
-- Indices de la tabla `suppliers`
--
ALTER TABLE `suppliers`
  ADD PRIMARY KEY (`id`);

--
-- Indices de la tabla `suppliers_u_products`
--
ALTER TABLE `suppliers_u_products`
  ADD PRIMARY KEY (`id`),
  ADD KEY `supplierID` (`supplierID`),
  ADD KEY `productID` (`productID`);

--
-- Indices de la tabla `suppliers_u_products_history`
--
ALTER TABLE `suppliers_u_products_history`
  ADD PRIMARY KEY (`id`),
  ADD KEY `supplierID` (`supplierID`),
  ADD KEY `productID` (`productID`);

--
-- Indices de la tabla `test`
--
ALTER TABLE `test`
  ADD PRIMARY KEY (`id`);

--
-- Indices de la tabla `z_history_buyers_cart_products`
--
ALTER TABLE `z_history_buyers_cart_products`
  ADD PRIMARY KEY (`id`),
  ADD KEY `productID` (`productID`),
  ADD KEY `buyerID` (`buyerID`);

--
-- Indices de la tabla `z_history_products_activiy`
--
ALTER TABLE `z_history_products_activiy`
  ADD PRIMARY KEY (`id`),
  ADD KEY `productID` (`productID`);

--
-- Indices de la tabla `z_history_products_details_u_products_categories`
--
ALTER TABLE `z_history_products_details_u_products_categories`
  ADD PRIMARY KEY (`id`),
  ADD KEY `productID` (`productDetailsID`),
  ADD KEY `categoryID` (`categoryID`);

--
-- Indices de la tabla `z_history_products_prices`
--
ALTER TABLE `z_history_products_prices`
  ADD PRIMARY KEY (`id`),
  ADD KEY `productID` (`productID`),
  ADD KEY `detailsID` (`detailsID`);

--
-- Indices de la tabla `z_history_products_sales_u_products_control_states`
--
ALTER TABLE `z_history_products_sales_u_products_control_states`
  ADD PRIMARY KEY (`id`),
  ADD KEY `saleProductID` (`saleProductID`);

--
-- AUTO_INCREMENT de las tablas volcadas
--

--
-- AUTO_INCREMENT de la tabla `accounting_accounts`
--
ALTER TABLE `accounting_accounts`
  MODIFY `id` int(11) NOT NULL AUTO_INCREMENT, AUTO_INCREMENT=7;

--
-- AUTO_INCREMENT de la tabla `accounting_accounts_types`
--
ALTER TABLE `accounting_accounts_types`
  MODIFY `id` int(11) NOT NULL AUTO_INCREMENT, AUTO_INCREMENT=3;

--
-- AUTO_INCREMENT de la tabla `accounting_currencies`
--
ALTER TABLE `accounting_currencies`
  MODIFY `id` int(11) NOT NULL AUTO_INCREMENT, AUTO_INCREMENT=3;

--
-- AUTO_INCREMENT de la tabla `accounting_movements`
--
ALTER TABLE `accounting_movements`
  MODIFY `id` int(11) NOT NULL AUTO_INCREMENT, AUTO_INCREMENT=7;

--
-- AUTO_INCREMENT de la tabla `accounting_movements_categories`
--
ALTER TABLE `accounting_movements_categories`
  MODIFY `id` int(11) NOT NULL AUTO_INCREMENT, AUTO_INCREMENT=7;

--
-- AUTO_INCREMENT de la tabla `branches`
--
ALTER TABLE `branches`
  MODIFY `id` int(11) NOT NULL AUTO_INCREMENT;

--
-- AUTO_INCREMENT de la tabla `buyers`
--
ALTER TABLE `buyers`
  MODIFY `id` int(11) NOT NULL AUTO_INCREMENT, AUTO_INCREMENT=439;

--
-- AUTO_INCREMENT de la tabla `buyers_addresses`
--
ALTER TABLE `buyers_addresses`
  MODIFY `id` int(11) NOT NULL AUTO_INCREMENT, AUTO_INCREMENT=470;

--
-- AUTO_INCREMENT de la tabla `buyers_cart_products`
--
ALTER TABLE `buyers_cart_products`
  MODIFY `id` int(11) NOT NULL AUTO_INCREMENT, AUTO_INCREMENT=323;

--
-- AUTO_INCREMENT de la tabla `buyers_emails`
--
ALTER TABLE `buyers_emails`
  MODIFY `id` int(11) NOT NULL AUTO_INCREMENT, AUTO_INCREMENT=39;

--
-- AUTO_INCREMENT de la tabla `buyers_emails_creation_reasons`
--
ALTER TABLE `buyers_emails_creation_reasons`
  MODIFY `id` int(11) NOT NULL AUTO_INCREMENT, AUTO_INCREMENT=4;

--
-- AUTO_INCREMENT de la tabla `buyers_messages`
--
ALTER TABLE `buyers_messages`
  MODIFY `id` int(11) NOT NULL AUTO_INCREMENT, AUTO_INCREMENT=3;

--
-- AUTO_INCREMENT de la tabla `buyers_passwords`
--
ALTER TABLE `buyers_passwords`
  MODIFY `id` int(11) NOT NULL AUTO_INCREMENT, AUTO_INCREMENT=37;

--
-- AUTO_INCREMENT de la tabla `buyers_personal_info`
--
ALTER TABLE `buyers_personal_info`
  MODIFY `id` int(11) NOT NULL AUTO_INCREMENT, AUTO_INCREMENT=456;

--
-- AUTO_INCREMENT de la tabla `buyers_temporal`
--
ALTER TABLE `buyers_temporal`
  MODIFY `id` int(11) NOT NULL AUTO_INCREMENT, AUTO_INCREMENT=11;

--
-- AUTO_INCREMENT de la tabla `cities`
--
ALTER TABLE `cities`
  MODIFY `id` int(11) NOT NULL AUTO_INCREMENT, AUTO_INCREMENT=6;

--
-- AUTO_INCREMENT de la tabla `config`
--
ALTER TABLE `config`
  MODIFY `id` int(11) NOT NULL AUTO_INCREMENT, AUTO_INCREMENT=2;

--
-- AUTO_INCREMENT de la tabla `employees`
--
ALTER TABLE `employees`
  MODIFY `id` int(11) NOT NULL AUTO_INCREMENT, AUTO_INCREMENT=31;

--
-- AUTO_INCREMENT de la tabla `employees_roles`
--
ALTER TABLE `employees_roles`
  MODIFY `id` int(11) NOT NULL AUTO_INCREMENT;

--
-- AUTO_INCREMENT de la tabla `expenses`
--
ALTER TABLE `expenses`
  MODIFY `id` int(11) NOT NULL AUTO_INCREMENT, AUTO_INCREMENT=12;

--
-- AUTO_INCREMENT de la tabla `milestones`
--
ALTER TABLE `milestones`
  MODIFY `id` int(11) NOT NULL AUTO_INCREMENT, AUTO_INCREMENT=3;

--
-- AUTO_INCREMENT de la tabla `payments_reasons`
--
ALTER TABLE `payments_reasons`
  MODIFY `id` int(11) NOT NULL AUTO_INCREMENT;

--
-- AUTO_INCREMENT de la tabla `products`
--
ALTER TABLE `products`
  MODIFY `id` int(11) NOT NULL AUTO_INCREMENT, AUTO_INCREMENT=65;

--
-- AUTO_INCREMENT de la tabla `products_brands`
--
ALTER TABLE `products_brands`
  MODIFY `id` int(11) NOT NULL AUTO_INCREMENT, AUTO_INCREMENT=16;

--
-- AUTO_INCREMENT de la tabla `products_categories`
--
ALTER TABLE `products_categories`
  MODIFY `id` int(11) NOT NULL AUTO_INCREMENT, AUTO_INCREMENT=137;

--
-- AUTO_INCREMENT de la tabla `products_details`
--
ALTER TABLE `products_details`
  MODIFY `id` int(11) NOT NULL AUTO_INCREMENT, AUTO_INCREMENT=73;

--
-- AUTO_INCREMENT de la tabla `products_details_u_products_categories`
--
ALTER TABLE `products_details_u_products_categories`
  MODIFY `id` int(11) NOT NULL AUTO_INCREMENT, AUTO_INCREMENT=57;

--
-- AUTO_INCREMENT de la tabla `products_details_u_products_tags`
--
ALTER TABLE `products_details_u_products_tags`
  MODIFY `id` int(11) NOT NULL AUTO_INCREMENT;

--
-- AUTO_INCREMENT de la tabla `products_expiration_date`
--
ALTER TABLE `products_expiration_date`
  MODIFY `id` int(11) NOT NULL AUTO_INCREMENT;

--
-- AUTO_INCREMENT de la tabla `products_expiration_date_history`
--
ALTER TABLE `products_expiration_date_history`
  MODIFY `id` int(11) NOT NULL AUTO_INCREMENT;

--
-- AUTO_INCREMENT de la tabla `products_expiration_date_history_changes`
--
ALTER TABLE `products_expiration_date_history_changes`
  MODIFY `id` int(11) NOT NULL AUTO_INCREMENT;

--
-- AUTO_INCREMENT de la tabla `products_pick_up_places`
--
ALTER TABLE `products_pick_up_places`
  MODIFY `id` int(11) NOT NULL AUTO_INCREMENT, AUTO_INCREMENT=2;

--
-- AUTO_INCREMENT de la tabla `products_stock_changes`
--
ALTER TABLE `products_stock_changes`
  MODIFY `id` int(11) NOT NULL AUTO_INCREMENT, AUTO_INCREMENT=476;

--
-- AUTO_INCREMENT de la tabla `products_stock_changes_reasons`
--
ALTER TABLE `products_stock_changes_reasons`
  MODIFY `id` int(11) NOT NULL AUTO_INCREMENT, AUTO_INCREMENT=5;

--
-- AUTO_INCREMENT de la tabla `products_stock_changes_website_zones`
--
ALTER TABLE `products_stock_changes_website_zones`
  MODIFY `id` int(11) NOT NULL AUTO_INCREMENT, AUTO_INCREMENT=10;

--
-- AUTO_INCREMENT de la tabla `products_tags`
--
ALTER TABLE `products_tags`
  MODIFY `id` int(11) NOT NULL AUTO_INCREMENT;

--
-- AUTO_INCREMENT de la tabla `products_u_products_tags`
--
ALTER TABLE `products_u_products_tags`
  MODIFY `id` int(11) NOT NULL AUTO_INCREMENT;

--
-- AUTO_INCREMENT de la tabla `purchases`
--
ALTER TABLE `purchases`
  MODIFY `id` int(11) NOT NULL AUTO_INCREMENT, AUTO_INCREMENT=54;

--
-- AUTO_INCREMENT de la tabla `purchases_canceled_reasons`
--
ALTER TABLE `purchases_canceled_reasons`
  MODIFY `id` int(11) NOT NULL AUTO_INCREMENT;

--
-- AUTO_INCREMENT de la tabla `purchases_states`
--
ALTER TABLE `purchases_states`
  MODIFY `id` int(11) NOT NULL AUTO_INCREMENT, AUTO_INCREMENT=5;

--
-- AUTO_INCREMENT de la tabla `purchases_u_products`
--
ALTER TABLE `purchases_u_products`
  MODIFY `id` int(11) NOT NULL AUTO_INCREMENT, AUTO_INCREMENT=27;

--
-- AUTO_INCREMENT de la tabla `sales`
--
ALTER TABLE `sales`
  MODIFY `id` int(11) NOT NULL AUTO_INCREMENT, AUTO_INCREMENT=163;

--
-- AUTO_INCREMENT de la tabla `sales_discounts`
--
ALTER TABLE `sales_discounts`
  MODIFY `id` int(11) NOT NULL AUTO_INCREMENT;

--
-- AUTO_INCREMENT de la tabla `sales_discounts_activity`
--
ALTER TABLE `sales_discounts_activity`
  MODIFY `id` int(11) NOT NULL AUTO_INCREMENT;

--
-- AUTO_INCREMENT de la tabla `sales_discounts_overs`
--
ALTER TABLE `sales_discounts_overs`
  MODIFY `id` int(11) NOT NULL AUTO_INCREMENT, AUTO_INCREMENT=4;

--
-- AUTO_INCREMENT de la tabla `sales_mistakes`
--
ALTER TABLE `sales_mistakes`
  MODIFY `id` int(11) NOT NULL AUTO_INCREMENT, AUTO_INCREMENT=12;

--
-- AUTO_INCREMENT de la tabla `sales_mistakes_states`
--
ALTER TABLE `sales_mistakes_states`
  MODIFY `id` int(11) NOT NULL AUTO_INCREMENT, AUTO_INCREMENT=4;

--
-- AUTO_INCREMENT de la tabla `sales_mistakes_types`
--
ALTER TABLE `sales_mistakes_types`
  MODIFY `id` int(11) NOT NULL AUTO_INCREMENT, AUTO_INCREMENT=3;

--
-- AUTO_INCREMENT de la tabla `sales_payment_states`
--
ALTER TABLE `sales_payment_states`
  MODIFY `id` int(11) NOT NULL AUTO_INCREMENT, AUTO_INCREMENT=4;

--
-- AUTO_INCREMENT de la tabla `sales_payment_types`
--
ALTER TABLE `sales_payment_types`
  MODIFY `id` int(11) NOT NULL AUTO_INCREMENT, AUTO_INCREMENT=4;

--
-- AUTO_INCREMENT de la tabla `sales_states`
--
ALTER TABLE `sales_states`
  MODIFY `id` int(11) NOT NULL AUTO_INCREMENT, AUTO_INCREMENT=10;

--
-- AUTO_INCREMENT de la tabla `sales_u_products`
--
ALTER TABLE `sales_u_products`
  MODIFY `id` int(11) NOT NULL AUTO_INCREMENT, AUTO_INCREMENT=348;

--
-- AUTO_INCREMENT de la tabla `sales_u_products_control_states`
--
ALTER TABLE `sales_u_products_control_states`
  MODIFY `id` int(11) NOT NULL AUTO_INCREMENT, AUTO_INCREMENT=3;

--
-- AUTO_INCREMENT de la tabla `sales_u_products_pick_up_states`
--
ALTER TABLE `sales_u_products_pick_up_states`
  MODIFY `id` int(11) NOT NULL AUTO_INCREMENT, AUTO_INCREMENT=3;

--
-- AUTO_INCREMENT de la tabla `sales_visits`
--
ALTER TABLE `sales_visits`
  MODIFY `id` int(11) NOT NULL AUTO_INCREMENT;

--
-- AUTO_INCREMENT de la tabla `suppliers`
--
ALTER TABLE `suppliers`
  MODIFY `id` int(11) NOT NULL AUTO_INCREMENT, AUTO_INCREMENT=15;

--
-- AUTO_INCREMENT de la tabla `suppliers_u_products`
--
ALTER TABLE `suppliers_u_products`
  MODIFY `id` int(11) NOT NULL AUTO_INCREMENT, AUTO_INCREMENT=65;

--
-- AUTO_INCREMENT de la tabla `suppliers_u_products_history`
--
ALTER TABLE `suppliers_u_products_history`
  MODIFY `id` int(11) NOT NULL AUTO_INCREMENT, AUTO_INCREMENT=126;

--
-- AUTO_INCREMENT de la tabla `test`
--
ALTER TABLE `test`
  MODIFY `id` int(11) NOT NULL AUTO_INCREMENT, AUTO_INCREMENT=8;

--
-- AUTO_INCREMENT de la tabla `z_history_buyers_cart_products`
--
ALTER TABLE `z_history_buyers_cart_products`
  MODIFY `id` int(11) NOT NULL AUTO_INCREMENT;

--
-- AUTO_INCREMENT de la tabla `z_history_products_activiy`
--
ALTER TABLE `z_history_products_activiy`
  MODIFY `id` int(11) NOT NULL AUTO_INCREMENT, AUTO_INCREMENT=68;

--
-- AUTO_INCREMENT de la tabla `z_history_products_details_u_products_categories`
--
ALTER TABLE `z_history_products_details_u_products_categories`
  MODIFY `id` int(11) NOT NULL AUTO_INCREMENT, AUTO_INCREMENT=72;

--
-- AUTO_INCREMENT de la tabla `z_history_products_prices`
--
ALTER TABLE `z_history_products_prices`
  MODIFY `id` int(11) NOT NULL AUTO_INCREMENT, AUTO_INCREMENT=52;

--
-- AUTO_INCREMENT de la tabla `z_history_products_sales_u_products_control_states`
--
ALTER TABLE `z_history_products_sales_u_products_control_states`
  MODIFY `id` int(11) NOT NULL AUTO_INCREMENT;

--
-- Restricciones para tablas volcadas
--

--
-- Filtros para la tabla `buyers`
--
ALTER TABLE `buyers`
  ADD CONSTRAINT `buyers_ibfk_1` FOREIGN KEY (`passwordID`) REFERENCES `buyers_passwords` (`id`),
  ADD CONSTRAINT `buyers_ibfk_2` FOREIGN KEY (`emailID`) REFERENCES `buyers_emails` (`id`),
  ADD CONSTRAINT `buyers_ibfk_3` FOREIGN KEY (`personalInfoID`) REFERENCES `buyers_personal_info` (`id`);

--
-- Filtros para la tabla `buyers_addresses`
--
ALTER TABLE `buyers_addresses`
  ADD CONSTRAINT `buyers_addresses_ibfk_2` FOREIGN KEY (`cityID`) REFERENCES `cities` (`id`);

--
-- Filtros para la tabla `buyers_emails`
--
ALTER TABLE `buyers_emails`
  ADD CONSTRAINT `buyers_emails_ibfk_1` FOREIGN KEY (`createdReasonID`) REFERENCES `buyers_emails_creation_reasons` (`id`);

--
-- Filtros para la tabla `products`
--
ALTER TABLE `products`
  ADD CONSTRAINT `products_ibfk_1` FOREIGN KEY (`detailsID`) REFERENCES `products_details` (`id`);

--
-- Filtros para la tabla `products_details`
--
ALTER TABLE `products_details`
  ADD CONSTRAINT `products_details_ibfk_1` FOREIGN KEY (`brandID`) REFERENCES `products_brands` (`id`);

--
-- Filtros para la tabla `products_details_u_products_categories`
--
ALTER TABLE `products_details_u_products_categories`
  ADD CONSTRAINT `products_details_u_products_categories_ibfk_1` FOREIGN KEY (`productDetailsID`) REFERENCES `products_details` (`id`),
  ADD CONSTRAINT `products_details_u_products_categories_ibfk_2` FOREIGN KEY (`categoryID`) REFERENCES `products_categories` (`id`);

--
-- Filtros para la tabla `products_details_u_products_tags`
--
ALTER TABLE `products_details_u_products_tags`
  ADD CONSTRAINT `products_details_u_products_tags_ibfk_1` FOREIGN KEY (`tagID`) REFERENCES `products_tags` (`id`),
  ADD CONSTRAINT `products_details_u_products_tags_ibfk_2` FOREIGN KEY (`productDetailsID`) REFERENCES `products_details` (`id`);

--
-- Filtros para la tabla `products_expiration_date`
--
ALTER TABLE `products_expiration_date`
  ADD CONSTRAINT `products_expiration_date_ibfk_1` FOREIGN KEY (`productID`) REFERENCES `products` (`id`);

--
-- Filtros para la tabla `products_expiration_date_history`
--
ALTER TABLE `products_expiration_date_history`
  ADD CONSTRAINT `products_expiration_date_history_ibfk_1` FOREIGN KEY (`purchaseID`) REFERENCES `purchases` (`id`),
  ADD CONSTRAINT `products_expiration_date_history_ibfk_2` FOREIGN KEY (`productID`) REFERENCES `products` (`id`);

--
-- Filtros para la tabla `products_expiration_date_history_changes`
--
ALTER TABLE `products_expiration_date_history_changes`
  ADD CONSTRAINT `products_expiration_date_history_changes_ibfk_1` FOREIGN KEY (`historyID`) REFERENCES `products_expiration_date_history` (`id`),
  ADD CONSTRAINT `products_expiration_date_history_changes_ibfk_2` FOREIGN KEY (`wasteID`) REFERENCES `products_stock_changes_reasons` (`id`),
  ADD CONSTRAINT `products_expiration_date_history_changes_ibfk_3` FOREIGN KEY (`saleID`) REFERENCES `sales` (`id`);

--
-- Filtros para la tabla `products_u_products_tags`
--
ALTER TABLE `products_u_products_tags`
  ADD CONSTRAINT `products_u_products_tags_ibfk_1` FOREIGN KEY (`tagID`) REFERENCES `products_tags` (`id`),
  ADD CONSTRAINT `products_u_products_tags_ibfk_2` FOREIGN KEY (`productID`) REFERENCES `products` (`id`);

--
-- Filtros para la tabla `purchases`
--
ALTER TABLE `purchases`
  ADD CONSTRAINT `purchases_ibfk_1` FOREIGN KEY (`supplierID`) REFERENCES `suppliers` (`id`),
  ADD CONSTRAINT `purchases_ibfk_2` FOREIGN KEY (`stateID`) REFERENCES `purchases_states` (`id`);

--
-- Filtros para la tabla `purchases_u_products`
--
ALTER TABLE `purchases_u_products`
  ADD CONSTRAINT `purchases_u_products_ibfk_1` FOREIGN KEY (`purchaseID`) REFERENCES `purchases` (`id`),
  ADD CONSTRAINT `purchases_u_products_ibfk_2` FOREIGN KEY (`productID`) REFERENCES `products` (`id`);

--
-- Filtros para la tabla `sales`
--
ALTER TABLE `sales`
  ADD CONSTRAINT `sales_ibfk_1` FOREIGN KEY (`buyerID`) REFERENCES `buyers` (`id`),
  ADD CONSTRAINT `sales_ibfk_3` FOREIGN KEY (`addressID`) REFERENCES `buyers_addresses` (`id`),
  ADD CONSTRAINT `sales_ibfk_4` FOREIGN KEY (`paymentStateID`) REFERENCES `sales_payment_states` (`id`),
  ADD CONSTRAINT `sales_ibfk_5` FOREIGN KEY (`stateID`) REFERENCES `sales_states` (`id`),
  ADD CONSTRAINT `sales_ibfk_6` FOREIGN KEY (`discountID`) REFERENCES `sales_discounts` (`id`);

--
-- Filtros para la tabla `sales_discounts`
--
ALTER TABLE `sales_discounts`
  ADD CONSTRAINT `sales_discounts_ibfk_1` FOREIGN KEY (`discountOverID`) REFERENCES `sales_discounts_overs` (`id`);

--
-- Filtros para la tabla `sales_discounts_activity`
--
ALTER TABLE `sales_discounts_activity`
  ADD CONSTRAINT `sales_discounts_activity_ibfk_1` FOREIGN KEY (`discountID`) REFERENCES `sales_discounts` (`id`);

--
-- Filtros para la tabla `sales_u_products`
--
ALTER TABLE `sales_u_products`
  ADD CONSTRAINT `sales_u_products_ibfk_1` FOREIGN KEY (`saleID`) REFERENCES `sales` (`id`),
  ADD CONSTRAINT `sales_u_products_ibfk_2` FOREIGN KEY (`productID`) REFERENCES `products` (`id`);

--
-- Filtros para la tabla `sales_visits`
--
ALTER TABLE `sales_visits`
  ADD CONSTRAINT `sales_visits_ibfk_1` FOREIGN KEY (`saleID`) REFERENCES `sales` (`id`),
  ADD CONSTRAINT `sales_visits_ibfk_2` FOREIGN KEY (`driverID`) REFERENCES `employees` (`id`);

--
-- Filtros para la tabla `suppliers_u_products`
--
ALTER TABLE `suppliers_u_products`
  ADD CONSTRAINT `suppliers_u_products_ibfk_1` FOREIGN KEY (`supplierID`) REFERENCES `suppliers` (`id`),
  ADD CONSTRAINT `suppliers_u_products_ibfk_2` FOREIGN KEY (`productID`) REFERENCES `products` (`id`);

--
-- Filtros para la tabla `suppliers_u_products_history`
--
ALTER TABLE `suppliers_u_products_history`
  ADD CONSTRAINT `suppliers_u_products_history_ibfk_1` FOREIGN KEY (`productID`) REFERENCES `products` (`id`),
  ADD CONSTRAINT `suppliers_u_products_history_ibfk_2` FOREIGN KEY (`supplierID`) REFERENCES `suppliers` (`id`);

--
-- Filtros para la tabla `z_history_products_activiy`
--
ALTER TABLE `z_history_products_activiy`
  ADD CONSTRAINT `z_history_products_activiy_ibfk_1` FOREIGN KEY (`productID`) REFERENCES `products` (`id`);

--
-- Filtros para la tabla `z_history_products_details_u_products_categories`
--
ALTER TABLE `z_history_products_details_u_products_categories`
  ADD CONSTRAINT `z_history_products_details_u_products_categories_ibfk_1` FOREIGN KEY (`productDetailsID`) REFERENCES `products_details` (`id`),
  ADD CONSTRAINT `z_history_products_details_u_products_categories_ibfk_2` FOREIGN KEY (`categoryID`) REFERENCES `products_categories` (`id`);

--
-- Filtros para la tabla `z_history_products_prices`
--
ALTER TABLE `z_history_products_prices`
  ADD CONSTRAINT `z_history_products_prices_ibfk_1` FOREIGN KEY (`productID`) REFERENCES `products` (`id`);
COMMIT;

/*!40101 SET CHARACTER_SET_CLIENT=@OLD_CHARACTER_SET_CLIENT */;
/*!40101 SET CHARACTER_SET_RESULTS=@OLD_CHARACTER_SET_RESULTS */;
/*!40101 SET COLLATION_CONNECTION=@OLD_COLLATION_CONNECTION */;
